P (kPa);T (K);cp (kJ/kg K);Pr;Condutividade térmica (W/m K);Viscosidade absoluta μ(cP);Viscosidade cinemática ν (cSt);;;Nome no Hysys: Refrig-1270
10;113;1.781772462982680;0.02120211392960070;0.1417906252839730;0.001687230582959870;2.330120415810600;;;
10;114;1.783120788366460;0.02046540626418130;0.1413693098708620;0.001622537507649500;2.243779923543420;;;
10;115;1.784570337176770;0.01977056526893050;0.1409502078676080;0.001561532894648710;2.162318415166270;;;
10;116;1.786017974903250;0.01911344215106340;0.1405332690462810;0.001503945954609680;2.085379774795420;;;
10;117;1.787598494960210;0.01849279431969420;0.1401184444286830;0.001449532196698800;2.012642517408660;;;
10;118;1.789141189972260;0.01790430370108550;0.1397056862409410;0.001398063523016400;1.943806246190130;;;
10;119;1.790774430168850;0.01734703566342550;0.1392949478700360;0.001349334895410960;1.878601073125790;;;
10;120;1.792420861184020;0.01681813455808810;0.1388861838221800;0.001303157410385090;1.816778167900720;;;
10;121;1.794076037553620;0.01631566007605940;0.1384793496829470;0.001259356877683730;1.758107913453000;;;
10;122;1.795841655761090;0.01583880441030840;0.1380744020790530;0.001217776323199030;1.702383532798580;;;
10;123;1.797638626167760;0.01538520422561170;0.1376712986417270;0.001178268543396600;1.649410819585050;;;
10;124;1.799493319249630;0.01495358586622010;0.1372699979715670;0.001140698150732580;1.599011088794590;;;
10;125;1.801277429154950;0.01454155123428290;0.1368704596048270;0.001104942952478550;1.551023216372180;;;
10;126;1.803210868671640;0.01414962190696710;0.1364726439810520;0.001070887685142750;1.505294950708910;;;
10;127;1.805196773914210;0.01377580285359520;0.1360765124120020;0.001038425968338020;1.461685722016200;;;
10;128;1.807182970479280;0.01341863500713820;0.1356820270518000;0.001007461683613530;1.420068664728320;;;
10;129;1.809259542366750;0.01307777805423960;0.1352891508682390;0.000977903637798098;1.380323178046810;;;
10;130;1.811277636920830;0.01275122288263100;0.1348978476152070;0.000949668060967665;1.342338498617360;;;
10;131;1.813408227050830;0.01243933071556740;0.1345080818061590;0.000922677248588722;1.306011845556800;;;
10;132;1.815549609840710;0.01214057783929630;0.1341198186885950;0.000896859050149587;1.271247749941180;;;
10;133;1.817728586048790;0.01185440516449330;0.1337330242195060;0.000872146405760750;1.237957446903450;;;
10;134;1.819989143494280;0.01158039621752810;0.1333476650417200;0.000848476927120852;1.206058325816070;;;
10;135;1.822251542413690;0.01131738656259160;0.1329637084611260;0.000825792516798796;1.175473430502800;;;
10;136;1.824567857490780;0.01106511011237670;0.1325811224247310;0.000804039549655148;1.146131756651410;;;
10;137;1.826865015009540;0.01082254701746450;0.1321998754995000;0.000783166438976782;1.117964818589770;;;
10;138;1.829288575628090;0.01059004899997010;0.1318199368519630;0.000763127047877583;1.090911542813190;;;
10;139;1.831671850164680;0.01036612947331280;0.1314412762285350;0.000743876304808621;1.064912043154620;;;
10;140;1.834144559459130;0.01015108049789510;0.1310638639365340;0.000725373486142913;1.039912334308620;;;
10;141;1.836623491792660;0.00994400497311365;0.1306876708258420;0.000707580434653137;1.015861815562210;;;
10;142;1.839153782134210;0.00974473423456865;0.1303126682712160;0.000690460108358595;0.992711207907448;;;
10;143;1.841694093488630;0.00955267969147172;0.1299388281551790;0.000673979467730359;0.970416719850318;;;
10;144;1.844334127989640;0.00936793593802906;0.1295661228514980;0.000658105882329828;0.948934905024367;;;
10;145;1.846917610159550;0.00918937499592524;0.1291945252092070;0.000642809908269465;0.928226674662021;;;
10;146;1.849605335221050;0.00901749280498514;0.1288240085371520;0.000628063483583258;0.908254718907897;;;
10;147;1.852266003290550;0.00885134392550234;0.1284545465890390;0.000613840219835691;0.888983941475229;;;
10;148;1.855026712776910;0.00869125637289032;0.1280861135489640;0.000600114943355571;0.870380809856483;;;
10;149;1.857836060700780;0.00853671717224110;0.1277186840173980;0.000586864635761292;0.852414732314261;;;
10;150;1.860613996367380;0.00838711311386322;0.1273522329976130;0.000574067262494753;0.835056374924911;;;
10;151;1.863498842442290;0.00824283816749405;0.1269867358825260;0.000561702046418302;0.818278068913265;;;
10;152;1.866373620976560;0.00810314025235152;0.1266221684419470;0.000549749084754591;0.802053263617151;;;
10;153;1.869257865310190;0.00796790859713227;0.1262585068102080;0.000538190187958470;0.786357759995995;;;
10;154;1.872208861207000;0.00783718634536549;0.1258957274741620;0.000527007588065927;0.771167837627043;;;
10;155;1.875200665191360;0.00771067635569454;0.1255338072615340;0.000516185055530070;0.756461894553424;;;
10;156;1.878197271281580;0.00758805032527915;0.1251727233296080;0.000505706689334718;0.742218687013675;;;
10;157;1.881199802276320;0.00746915502610989;0.1248124531542330;0.000495557973517750;0.728418884717846;;;
10;158;1.884285700729190;0.00735413523238068;0.1244529745191460;0.000485724645860042;0.715043419476300;;;
10;159;1.887447725698700;0.00724280240816223;0.1240942655055790;0.000476193450449185;0.702074596360759;;;
10;160;1.890543439632840;0.00713446795861065;0.1237363044821580;0.000466951819851489;0.689495634472635;;;
10;161;1.893766594792680;0.00702973414233087;0.1233790700950640;0.000457987834340934;0.677290613275390;;;
10;162;1.896973987945940;0.00692793186827013;0.1230225412584600;0.000449290179789408;0.665444416478097;;;
10;163;1.900195664314230;0.00682905543546727;0.1226666971451610;0.000440848114024247;0.653942687987794;;;
10;164;1.903472119533590;0.00673313479969742;0.1223115171775350;0.000432651429070389;0.642771781364703;;;
10;165;1.906795182266750;0.00664002705018262;0.1219569810186450;0.000424690423205152;0.631918723432576;;;
10;166;1.910136591461620;0.00654952769816309;0.1216030685635900;0.000416955870747142;0.621371174195393;;;
10;167;1.913497467773570;0.00646153945243294;0.1212497599310630;0.000409438800200856;0.611117100357733;;;
10;168;1.916899018692000;0.00637604242569119;0.1208970354551030;0.000402131056297382;0.601145617656359;;;
10;169;1.920352755528630;0.00629297911184615;0.1205448756770350;0.000395024498749893;0.591445799941947;;;
10;170;1.923829820622540;0.00621216961653817;0.1201932613375890;0.000388111733267752;0.582007774844137;;;
10;171;1.927372098183600;0.00613366296591993;0.1198421733691900;0.000381385359496853;0.572821602280035;;;
10;172;1.930878910341670;0.00605705996423185;0.1194915928884150;0.000374838494257850;0.563878060829438;;;
10;173;1.934453381794340;0.00598261337253885;0.1191415011886000;0.000368464572443778;0.555168353226508;;;
10;174;1.938055880302770;0.00591012827986776;0.1187918797325990;0.000362257484400606;0.546684316854397;;;
10;175;1.941718687307990;0.00583962833247279;0.1184427101456820;0.000356210923066570;0.538417441809808;;;
10;176;1.945380775661080;0.00577086594981050;0.1180939742085660;0.000350319332422941;0.530360303834621;;;
10;177;1.949084766371620;0.00570390705076496;0.1177456538505730;0.000344577248143738;0.522505573029280;;;
10;178;1.952842466065450;0.00563872203475561;0.1173977311429120;0.000338979300649675;0.514846019086367;;;
10;179;1.956708169848540;0.00557540808939480;0.1170501882920690;0.000333520642845428;0.507375162633826;;;
10;180;1.960450331480810;0.00551324821381463;0.1167030076333100;0.000328196352669208;0.500086370805277;;;
10;181;1.964238674369290;0.00545268037872545;0.1163561716242760;0.000323001996772628;0.492973716142918;;;
10;182;1.968149496933280;0.00539385921998131;0.1160096628386910;0.000317933058685028;0.486031108032392;;;
10;183;1.972098974096060;0.00533650003709387;0.1156634639601370;0.000312985345979705;0.479252914690912;;;
10;184;1.976077448913290;0.00528053011638758;0.1153175577759340;0.000308154843383775;0.472633741506807;;;
460;194;2.015658979625850;0.00478593652911795;0.1118708695905420;0.000265623742274573;0.414060239486161;;;
460;195;2.019955484372370;0.00474272795992974;0.1115270707486970;0.000261858521547200;0.408889255903129;;;
460;196;2.024326578518000;0.00470058469006710;0.1111833640004210;0.000258173174307255;0.403826995519614;;;
460;197;2.028682555975330;0.00465926815423122;0.1108397329523450;0.000254565228279428;0.398870108883283;;;
460;198;2.033138237745480;0.00461901626682231;0.1104961612349000;0.000251032397448479;0.394015517559223;;;
460;199;2.037569049941190;0.00457951853923904;0.1101526324968320;0.000247572479901865;0.389260255772634;;;
460;200;2.042044465450680;0.00454090896706096;0.1098091303997160;0.000244183353170612;0.384601463972003;;;
460;201;2.046611860427990;0.00450326718607745;0.1094656386124710;0.000240862973531027;0.380036388578660;;;
460;202;2.051179974329480;0.00446636440696177;0.1091221408058730;0.000237609206313621;0.375562114630126;;;
460;203;2.055830987688300;0.00443036252185700;0.1087786206470500;0.000234420400791750;0.371176474546475;;;
460;204;2.060449467453550;0.00439498614069876;0.1084350617939680;0.000231294482722395;0.366876615273889;;;
460;205;2.065211715693440;0.00436059285079894;0.1080914478899000;0.000228229770013163;0.362660288230906;;;
460;206;2.069884338505130;0.00432666934499318;0.1077477625578550;0.000225224633366402;0.358525314423216;;;
460;207;2.074644288831650;0.00429356617975077;0.1074039893950000;0.000222277206227184;0.354469122456148;;;
460;208;2.079481255634040;0.00426124467286605;0.1070601119670230;0.000219386123611304;0.350489925281073;;;
460;209;2.084289576750750;0.00422946581158548;0.1067161138024790;0.000216549638739006;0.346585313403912;;;
460;210;2.089177064699470;0.00419843548567523;0.1063719783870710;0.000213766413717547;0.342753516956265;;;
460;211;2.094193097818490;0.00416823133709795;0.1060276891578920;0.000211034950410438;0.338992497251323;;;
460;212;2.099159330014830;0.00413848031861839;0.1056832294976100;0.000208353867679401;0.335300390427763;;;
460;213;2.104148289766060;0.00410931203286781;0.1053385827285900;0.000205721767632624;0.331675293357411;;;
460;214;2.109281868148690;0.00408094919071218;0.1049937321069450;0.000203137424420075;0.328115568174512;;;
460;215;2.114355832754080;0.00405297862110897;0.1046486608165250;0.000200599529391698;0.324619432287695;;;
460;216;2.119504247936570;0.00402564595565537;0.1043033519628150;0.000198106876831780;0.321185258104269;;;
460;217;2.124752972562420;0.00399898542528509;0.1039577885667570;0.000195658359673676;0.317811567468264;;;
460;218;2.129968909295840;0.00397272987428595;0.1036119535584790;0.000193252728449909;0.314496640738900;;;
460;219;2.135226239595130;0.00394700720223759;0.1032658297709260;0.000190888893313793;0.311239006893754;;;
460;220;2.140612404607050;0.00392196620546336;0.1029193999333840;0.000188565855059313;0.308037333154360;;;
460;221;2.146018079126990;0.00389739072190597;0.1025726466649020;0.000186282531969980;0.304890142865134;;;
460;222;2.151431833355110;0.00387325059482019;0.1022255524675880;0.000184037986127332;0.301796185182186;;;
460;223;2.156966499357700;0.00384973509892762;0.1018780997197810;0.000181831148708188;0.298753985862122;;;
460;224;2.162461816793370;0.00382654596515042;0.1015302706690990;0.000179661090222429;0.295762289924340;;;
460;225;2.168080933931780;0.00380396462456208;0.1011820474253320;0.000177527011571809;0.292820048991925;;;
460;226;2.173725435595890;0.00378180254889499;0.1008334119532050;0.000175427884356459;0.289925828821343;;;
460;227;2.179459348512230;0.00376016304850377;0.1004843460649630;0.000173362960536274;0.287078649433819;;;
460;228;2.185271739062230;0.00373901354814338;0.1001348314128120;0.000171331319854174;0.284277238639929;;;
460;229;2.191075659505420;0.00371819664209893;0.0997848494811716;0.000169332213912224;0.281520601136964;;;
460;230;2.196973505223730;0.00369787762768053;0.0994343815787450;0.000167364865433298;0.278807686834012;;;
460;231;2.202878022543670;0.00367789885206910;0.0990834088304024;0.000165428476686891;0.276137404334348;;;
460;232;2.208930593103730;0.00365848739929917;0.0987319121688540;0.000163522320577278;0.273508772837085;;;
460;233;2.214928895006610;0.00363929731948318;0.0983798723261104;0.000161645643097018;0.270920759735947;;;
460;234;2.221130000151200;0.00362074539907015;0.0980272698247180;0.000159797844420225;0.268372584193937;;;
460;235;2.227253893959470;0.00360236282687938;0.0976740849687557;0.000157978169347992;0.265863198747878;;;
460;236;2.233520207369430;0.00358449907060367;0.0973202978345831;0.000156185968673099;0.263391727292051;;;
460;237;2.239802092755470;0.00356694203444477;0.0969658882613255;0.000154420653443133;0.260957389532942;;;
460;238;2.246165684545770;0.00354978824381073;0.0966108358410841;0.000152681528194017;0.258559219554445;;;
460;239;2.252586954287710;0.00353299265629607;0.0962551199088554;0.000150968037491994;0.256196482228337;;;
460;240;2.259145752599290;0.00351667232702964;0.0958987195321478;0.000149279599507141;0.253868392596631;;;
460;241;2.265779286806720;0.00350071956766415;0.0955416135002765;0.000147615611923967;0.251574125394976;;;
460;242;2.272463421976110;0.00348509005108150;0.0951837803133246;0.000145975527080577;0.249312942928260;;;
460;243;2.279147651962440;0.00346970054995620;0.0948251981707491;0.000144358809732866;0.247084123698720;;;
460;244;2.285938614220940;0.00345470689574924;0.0944658449596186;0.000142764903643747;0.244886905252113;;;
460;245;2.292851854779530;0.00344012628589228;0.0941056982424588;0.000141193372568442;0.242720726074300;;;
460;246;2.299758062092650;0.00342575547700913;0.0937447352446911;0.000139643619691476;0.240584744411510;;;
460;247;2.306923282433010;0.00341198582260011;0.0933829328416392;0.000138115231379717;0.238478428708685;;;
460;248;2.314020017731430;0.00339832353335759;0.0930202675450847;0.000136607705143184;0.236401090268340;;;
460;249;2.321195767073580;0.00338498219186105;0.0926567154893469;0.000135120585836323;0.234352117712766;;;
460;250;2.328599329733540;0.00337217039297580;0.0922922524168629;0.000133653392890398;0.232330851347572;;;
460;251;2.335954476745190;0.00335948144771636;0.0919268536632426;0.000132205726825167;0.230336768174330;;;
460;252;2.343516774656280;0.00334727769789648;0.0915604941417704;0.000130777130918587;0.228369241881799;;;
460;253;2.351102559549770;0.00333529004924595;0.0911931483273254;0.000129367219196845;0.226427765673127;;;
460;254;2.358768020865300;0.00332359321104217;0.0908247902396901;0.000127975559090472;0.224511747782000;;;
460;255;2.366596723149250;0.00331229816440400;0.0904553934262139;0.000126601727567420;0.222620609189133;;;
460;256;2.374498139713330;0.00330127309553450;0.0900849309437986;0.000125245395590729;0.220753932629247;;;
460;257;2.382529377474550;0.00329059132385101;0.0897133753401694;0.000123906155079888;0.218911158788621;;;
460;258;2.390626628690940;0.00328015915354818;0.0893406986343922;0.000122583638487479;0.217091796391283;;;
460;259;2.398915002463480;0.00327014209099235;0.0889668722965977;0.000121277458143486;0.215295315339855;;;
460;260;2.407263360611590;0.00326035566330669;0.0885918672268678;0.000119987285463710;0.213521287208356;;;
460;261;2.415716130180690;0.00325085571866078;0.0882156537332403;0.000118712773753203;0.211769248780298;;;
460;262;2.424386092449820;0.00324178812076059;0.0878382015087801;0.000117453585089823;0.210038749715638;;;
460;263;2.433101266497460;0.00323291657168089;0.0874594796076679;0.000116209384651402;0.208329342558146;;;
460;264;2.441947618742600;0.00322435132550323;0.0870794564202501;0.000114979845831955;0.206640591987216;;;
460;265;2.450970905999000;0.00321614716267756;0.0866980996469900;0.000113764649962482;0.204972074491235;;;
920;217;2.121899230271610;0.00399575686361172;0.1039577885667570;0.000195763324320705;0.317726279650922;;;
920;218;2.127055968588920;0.00396945437717800;0.1036119535584790;0.000193357828216204;0.314411149134017;;;
920;219;2.132252563668560;0.00394368332570646;0.1032658297709260;0.000190994133585268;0.311153287488973;;;
920;220;2.137576467352250;0.00391859272726390;0.1029193999333840;0.000188671244389623;0.307951367249154;;;
920;221;2.142918224084180;0.00389396618187629;0.1025726466649020;0.000186388081826768;0.304803916807174;;;
920;222;2.148266338440340;0.00386977126936425;0.1022255524675880;0.000184143604010088;0.301709515086528;;;
920;223;2.153733667536610;0.00384620206845195;0.1018780997197810;0.000181936960812967;0.298667046170188;;;
920;224;2.159159769868980;0.00382295765631842;0.1015302706690990;0.000179767116365857;0.295675081296211;;;
920;225;2.164707907464030;0.00380031887584786;0.1011820474253320;0.000177633224049103;0.292732493763562;;;
920;226;2.170279457592180;0.00377809795520418;0.1008334119532050;0.000175534310194006;0.289837939563267;;;
920;227;2.175938427909590;0.00375639731144025;0.1004843460649630;0.000173469581013320;0.286990363003962;;;
920;228;2.181673812700760;0.00373518543116588;0.1001348314128120;0.000171438168835319;0.284188578843837;;;
920;229;2.187398518915790;0.00371430468988110;0.0997848494811716;0.000169439327677109;0.281431595814836;;;
920;230;2.193214948597900;0.00369391962545959;0.0994343815787450;0.000167472236952414;0.278718291830937;;;
920;231;2.199035691793770;0.00367387239506457;0.0990834088304024;0.000165536103788283;0.276047583272334;;;
920;232;2.205001996678650;0.00365439018400826;0.0987319121688540;0.000163630205878135;0.273418496939034;;;
920;233;2.210911602064710;0.00363512902715541;0.0983798723261104;0.000161753879823378;0.270830151610400;;;
920;234;2.217021557886610;0.00361650223265636;0.0980272698247180;0.000159906356761025;0.268281483175405;;;
920;235;2.223051495282640;0.00359804317472545;0.0976740849687557;0.000158087014860042;0.265771667226518;;;
920;236;2.229221143802130;0.00358010093532649;0.0973202978345831;0.000156295166261338;0.263299762558168;;;
920;237;2.235403427777690;0.00356246216976656;0.0969658882613255;0.000154530186540958;0.260864928484565;;;
920;238;2.241664430339540;0.00354522451879934;0.0966108358410841;0.000152791425589793;0.258466275094538;;;
920;239;2.247979979844180;0.00352834197425112;0.0962551199088554;0.000151078293782016;0.256103008780844;;;
920;240;2.254429882765470;0.00351193183304193;0.0958987195321478;0.000149390215436541;0.253774354166669;;;
920;241;2.260951152559200;0.00349588712648626;0.0955416135002765;0.000147726631024859;0.251479558033641;;;
920;242;2.267519490077110;0.00348016257629713;0.0951837803133246;0.000146086960472236;0.249217826928667;;;
920;243;2.274084187043620;0.00346467481456331;0.0948251981707491;0.000144470674287252;0.246988448315500;;;
920;244;2.280751841330560;0.00344957997063953;0.0944658449596186;0.000142877221790220;0.244790668455683;;;
920;245;2.287537857112110;0.00343489445024331;0.0941056982424588;0.000141306138223815;0.242623875852912;;;
920;246;2.294312606562980;0.00342041547109133;0.0937447352446911;0.000139756867415138;0.240487297626769;;;
920;247;2.301342264313950;0.00340653352175602;0.0933829328416392;0.000138228935355588;0.238380297074662;;;
920;248;2.308298762715290;0.00339275547941852;0.0930202675450847;0.000136721912911881;0.236302310702622;;;
920;249;2.315329571793040;0.00337929452776117;0.0926567154893469;0.000135235318301140;0.234252680094614;;;
920;250;2.322583466173200;0.00336635891560217;0.0922922524168629;0.000133768646547897;0.232230701983028;;;
920;251;2.329783653644160;0.00335354188530182;0.0919268536632426;0.000132321537092723;0.230235919362484;;;
920;252;2.337185788261250;0.00334120652597894;0.0915604941417704;0.000130893539608561;0.228267715864627;;;
920;253;2.344605723821510;0.00332908086004564;0.0911931483273254;0.000129484186436676;0.226325440554256;;;
920;254;2.352099458190890;0.00331724202739721;0.0908247902396901;0.000128093142602214;0.224408670335647;;;
920;255;2.359750392594070;0.00330580046882579;0.0904553934262139;0.000126719962812456;0.222516785869846;;;
920;256;2.367467584275240;0.00329462256251978;0.0900849309437986;0.000125364270244627;0.220649283975616;;;
920;257;2.375307908450660;0.00328378251362562;0.0897133753401694;0.000124025694577230;0.218805669656720;;;
920;258;2.383207135457690;0.00327318563899070;0.0893406986343922;0.000122703850368981;0.216985417966943;;;
920;259;2.391290207754730;0.00326299851766581;0.0889668722965977;0.000121398386312021;0.215188060962603;;;
920;260;2.399425421137700;0.00325303544173486;0.0885918672268678;0.000120108956669227;0.213413137636513;;;
920;261;2.407656871004520;0.00324335162830389;0.0882156537332403;0.000118835199327313;0.211660154920649;;;
920;262;2.416097096458650;0.00323409325278472;0.0878382015087801;0.000117576787477900;0.209928679581398;;;
920;263;2.424573396588860;0.00322502330565733;0.0874594796076679;0.000116333397220402;0.208218280976259;;;
920;264;2.433171395009190;0.00321625154496059;0.0870794564202501;0.000115104688810835;0.206528497458619;;;
920;265;2.441936416969670;0.00320783278773742;0.0866980996469900;0.000113890355518456;0.204858923891221;;;
920;266;2.450845810675190;0.00319973094928464;0.0863153762712594;0.000112690067915048;0.203209111912379;;;
920;267;2.459890684464140;0.00319193018616461;0.0859312525309023;0.000111503556081018;0.201578718029707;;;
920;268;2.469076024120150;0.00318443213428179;0.0855456938885007;0.000110330526037589;0.199967353520546;;;
920;269;2.478407063753110;0.00317723748807516;0.0851586650002646;0.000109170647078267;0.198374560870607;;;
920;270;2.487930571719410;0.00317040174956103;0.0847701296834666;0.000108023660512858;0.196800011030725;;;
920;271;2.497528528619830;0.00316376966779657;0.0843800508823326;0.000106889287745666;0.195243337225096;;;
920;272;2.507372191495110;0.00315755347146831;0.0839883906322971;0.000105767239225028;0.193704150896761;;;
920;273;2.517302606479710;0.00315154802364571;0.0835951100225211;0.000104657264128585;0.192182132705993;;;
920;274;2.527533546892510;0.00314601581372316;0.0832001691565680;0.000103559079638256;0.190676903291572;;;
920;275;2.537823537427500;0.00314065103221272;0.0828035271111220;0.000102472445013261;0.189188159281315;;;
920;276;2.548359743938650;0.00313568103362959;0.0824051418926250;0.000101397081444589;0.187715526023653;;;
920;277;2.559053274683010;0.00313099151824174;0.0820049703917020;0.000100332755589814;0.186258711760168;;;
920;278;2.570037296358230;0.00312674020224213;0.0816029683352312;0.000099279213604258;0.184817386051923;;;
920;279;2.581168230541030;0.00312274654765173;0.0811990902359068;0.000098236207817222;0.183391229133652;;;
920;280;2.592580426647720;0.00311916882893010;0.0807932893391302;0.000097203507016829;0.181979951420096;;;
920;281;2.604200631820630;0.00311591238285078;0.0803855175670516;0.000096180849712004;0.180583206297749;;;
920;282;2.616053379653300;0.00311300305807405;0.0799757254595719;0.000095168042006976;0.179200773719499;;;
920;283;2.628261391528030;0.00311058012859104;0.0795638621120974;0.000094164822889234;0.177832307780182;;;
920;284;2.640586182101480;0.00310835632840070;0.0791498751098251;0.000093170984858352;0.176477563499271;;;
920;285;2.653305234782580;0.00310665332993907;0.0787337104583178;0.000092186281686447;0.175136223245390;;;
920;286;2.666251218961400;0.00310526862135597;0.0783153125101063;0.000091210490886921;0.173808014858979;;;
920;287;2.679536433247020;0.00310432871938253;0.0778946238870381;0.000090243414874942;0.172492714751792;;;
920;288;2.693162736281020;0.00310382858548152;0.0774715853980640;0.000089284809299393;0.171190011460252;;;
1380;233;2.206990818464830;0.00363109034253970;0.0983798723261104;0.000161861209985510;0.270740369772803;;;
1380;234;2.213013171690450;0.00361239310397324;0.0980272698247180;0.000160013974632442;0.268191270786335;;;
1380;235;2.218952857129750;0.00359386105649908;0.0976740849687557;0.000158194929230021;0.265681005983594;;;
1380;236;2.225029708368910;0.00357584386461429;0.0973202978345831;0.000156403390303196;0.263208641156862;;;
1380;237;2.231116431939150;0.00355812786388708;0.0969658882613255;0.000154638737777264;0.260773342492117;;;
1380;238;2.237279067995910;0.00354081087536447;0.0966108358410841;0.000152900325720469;0.258374226744771;;;
1380;239;2.243493311786730;0.00352384593521571;0.0962551199088554;0.000151187530291494;0.256010441892063;;;
1380;240;2.249838934861510;0.00350735235547568;0.0958987195321478;0.000149499857357071;0.253681350042120;;;
1380;241;2.256252768672940;0.00349122034353697;0.0955416135002765;0.000147836638402310;0.251386012571127;;;
1380;242;2.262710362109150;0.00347540547023148;0.0951837803133246;0.000146197337634450;0.249123710246256;;;
1380;243;2.269160818032460;0.00345982509005727;0.0948251981707491;0.000144581466943044;0.246893800302660;;;
1380;244;2.275710706462610;0.00344463476634040;0.0944658449596186;0.000142988444381593;0.244695475061370;;;
1380;245;2.282375303653000;0.00342985012524005;0.0941056982424588;0.000141417776640897;0.242528073079493;;;
1380;246;2.289024682945750;0.00341526886241475;0.0937447352446911;0.000139868948413649;0.240390890556711;;;
1380;247;2.295925158807950;0.00340128222688368;0.0933829328416392;0.000138341491032508;0.238283299082229;;;
1380;248;2.302748117300100;0.00338739532765612;0.0930202675450847;0.000136834948335115;0.236204687516491;;;
1380;249;2.309641015323250;0.00337382178026059;0.0926567154893469;0.000135348845440215;0.234154408150206;;;
1380;250;2.316752619692960;0.00336077106189384;0.0922922524168629;0.000133882715194988;0.232131822141836;;;
1380;251;2.323805601772760;0.00334783322837840;0.0919268536632426;0.000132436110421330;0.230136320881204;;;
1380;252;2.331055720622780;0.00333537370611289;0.0915604941417704;0.000131008650705945;0.228167407804468;;;
1380;253;2.338318376099590;0.00332311992727486;0.0911931483273254;0.000129599874651355;0.226224441744032;;;
1380;254;2.345649399576080;0.00331114766996789;0.0908247902396901;0.000128209395927551;0.224306908298534;;;
1380;255;2.353132055146240;0.00329956838089633;0.0904553934262139;0.000126836806875305;0.222414252234114;;;
1380;256;2.360675016389290;0.00328824811773779;0.0900849309437986;0.000125481738297702;0.220545982099662;;;
1380;257;2.368334957991260;0.00327726050183994;0.0897133753401694;0.000124143800055399;0.218701566309289;;;
1380;258;2.376047265104500;0.00326651060713483;0.0893406986343922;0.000122822615536330;0.216880493539859;;;
1380;259;2.383936773927680;0.00325616470968795;0.0889668722965977;0.000121517815854744;0.215082262699003;;;
1380;260;2.391871247356430;0.00324603730761350;0.0885918672268678;0.000120229091129963;0.213306474023101;;;
1380;261;2.399894460819890;0.00323618295410229;0.0882156537332403;0.000118956062259076;0.211552602249468;;;
1380;262;2.408118766773530;0.00322674747811998;0.0878382015087801;0.000117698387268831;0.209820184711632;;;
1380;263;2.416370803304790;0.00321749388533062;0.0874594796076679;0.000116455777592995;0.208108851187092;;;
1380;264;2.424735905245240;0.00320853078921954;0.0870794564202501;0.000115227854888640;0.206418068538425;;;
1380;265;2.433259025518190;0.00319991374771101;0.0866980996469900;0.000114014347856674;0.204747492178994;;;
1380;266;2.441917000747760;0.00319160581972136;0.0863153762712594;0.000112814914329370;0.203096648127000;;;
1380;267;2.450700273986070;0.00318359081529540;0.0859312525309023;0.000111629296004953;0.201465210675068;;;
1380;268;2.459613572876550;0.00317586867663159;0.0855456938885007;0.000110457143608729;0.199852687933782;;;
1380;269;2.468661428434320;0.00316844172083900;0.0851586650002646;0.000109298206700186;0.198258764049865;;;
1380;270;2.477890076669440;0.00316136416768765;0.0847701296834666;0.000108152194883380;0.196683049078222;;;
1380;271;2.487180615510790;0.00315447948303858;0.0843800508823326;0.000107018821884556;0.195125158432236;;;
1380;272;2.496703915936020;0.00314800034856456;0.0839883906322971;0.000105897812431125;0.193584725563155;;;
1380;273;2.506299957119350;0.00314171952247505;0.0835951100225211;0.000104788889452428;0.192061378776732;;;
1380;274;2.516182121938670;0.00313590130287870;0.0832001691565680;0.000103691826033954;0.190554836686072;;;
1380;275;2.526107571343640;0.00313023616617606;0.0828035271111220;0.000102606317399345;0.189064673578996;;;
1380;276;2.536262911769780;0.00312495368768670;0.0824051418926250;0.000101532160111120;0.187590648627117;;;
1380;277;2.546558050757490;0.00311993585163172;0.0820049703917020;0.000100469041756564;0.186132318817354;;;
1380;278;2.557125354978800;0.00311534170902119;0.0816029683352312;0.000099416765134218;0.184689452733638;;;
1380;279;2.567819750234780;0.00311098902556436;0.0811990902359068;0.000098375082046401;0.183261723922676;;;
1380;280;2.578774618070710;0.00310703499243574;0.0807932893391302;0.000097343744339499;0.181848805009797;;;
1380;281;2.589915161157790;0.00310338402418208;0.0803855175670516;0.000096322510765826;0.180450380629333;;;
1380;282;2.601264477823780;0.00310005973275631;0.0799757254595719;0.000095311156635103;0.179066165824715;;;
1380;283;2.612943981914020;0.00309720180522747;0.0795638621120974;0.000094309460543409;0.177695881588848;;;
1380;284;2.624712829087570;0.00309451989111080;0.0791498751098251;0.000093317204149696;0.176339254650463;;;
1380;285;2.636847305428470;0.00309233500528449;0.0787337104583178;0.000092334132676153;0.174995942830612;;;
1380;286;2.649177563942490;0.00309044278190455;0.0783153125101063;0.000091360049078504;0.173665713169982;;;
1380;287;2.661813936573870;0.00308896754275206;0.0778946238870381;0.000090394734821940;0.172348292666196;;;
1380;288;2.674755814978740;0.00308790245865983;0.0774715853980640;0.000089437958294095;0.171043383935046;;;
1380;289;2.688017470668930;0.00308725946725398;0.0770461359521309;0.000088489533728499;0.169750778056270;;;
1380;290;2.701558143981460;0.00308698578479866;0.0766182124658177;0.000087549229049755;0.168470178816621;;;
1380;291;2.715464171264130;0.00308717466371002;0.0761877497653212;0.000086616827152274;0.167201319863415;;;
1380;292;2.729669023200850;0.00308774551713563;0.0757546804823626;0.000085692138157896;0.165943989154396;;;
1380;293;2.744345624782020;0.00308888723868671;0.0753189349435477;0.000084774925897710;0.164697887273044;;;
1380;294;2.759325067136910;0.00309040424379654;0.0748804410526683;0.000083865013065183;0.163462831264377;;;
1380;295;2.774741251182650;0.00309244043315701;0.0744391241653892;0.000082962170717623;0.162238540785116;;;
1380;296;2.790645736687010;0.00309504657707440;0.0739949069557082;0.000082066197254435;0.161024791813285;;;
1380;297;2.806944874838660;0.00309811220249925;0.0735477092735201;0.000081176890080272;0.159821362196598;;;
1380;298;2.823834331817370;0.00310184586294409;0.0730974479925520;0.000080294022242284;0.158627985967488;;;
1380;299;2.841112914432770;0.00310601967830974;0.0726440368478621;0.000079417402530925;0.157444472209126;;;
1380;300;2.858988224148470;0.00311085380057006;0.0721873862620152;0.000078546810025177;0.156270576676360;;;
1380;301;2.877502640330740;0.00311638643912606;0.0717274031589589;0.000077682050881668;0.155106114823294;;;
1380;302;2.896624866845620;0.00312257395192256;0.0712639907645212;0.000076822885772458;0.153950818118165;;;
1380;303;2.916369330288770;0.00312942373579011;0.0707970483923396;0.000075969103556898;0.152804481400907;;;
1380;304;2.936852390389540;0.00313705258311698;0.0703264712139054;0.000075120506193987;0.151666934387591;;;
1840;246;2.283887039075020;0.00341030696334592;0.0937447352446911;0.000139979919283341;0.240295556490551;;;
1840;247;2.290664309755210;0.00339622215508738;0.0933829328416392;0.000138452930040065;0.238187422643321;;;
1840;248;2.297359994625050;0.00338223299719686;0.0930202675450847;0.000136946851618879;0.236108221040055;;;
1840;249;2.304121551495670;0.00336855275491800;0.0926567154893469;0.000135461184337557;0.234057259860930;;;
1840;250;2.311097754156690;0.00335539295146443;0.0922922524168629;0.000133995532070134;0.232034021652754;;;
1840;251;2.318010761850940;0.00334234280013111;0.0919268536632426;0.000132549452546417;0.230037905434038;;;
1840;252;2.325116453770590;0.00332976693472484;0.0915604941417704;0.000131122510197683;0.228068317676524;;;
1840;253;2.332229801280670;0.00331739224889127;0.0911931483273254;0.000129714251677489;0.226124629702050;;;
1840;254;2.339406491363320;0.00330529543986110;0.0908247902396901;0.000128324327607829;0.224206389986424;;;
1840;255;2.346729673953300;0.00329358818647216;0.0904553934262139;0.000126952336478274;0.222313052798428;;;
1840;256;2.354107667706300;0.00328213403920711;0.0900849309437986;0.000125597831537734;0.220443989220220;;;
1840;257;2.361596974078450;0.00327100898830646;0.0897133753401694;0.000124260515375837;0.218598828489205;;;
1840;258;2.369132625427460;0.00326011570502253;0.0893406986343922;0.000122939936578314;0.216776926093293;;;
1840;259;2.376839329617550;0.00324962295380567;0.0889668722965977;0.000121635815572709;0.214977936484089;;;
1840;260;2.384584378144390;0.00323934194936092;0.0885918672268678;0.000120347744667993;0.213201285179160;;;
1840;261;2.392411326054070;0.00322932880745151;0.0882156537332403;0.000119075406794192;0.211446554492073;;;
1840;262;2.400432354271590;0.00321972898238607;0.0878382015087801;0.000117818443271361;0.209713250024553;;;
1840;263;2.408473484964370;0.00321030416044467;0.0874594796076679;0.000116576550668971;0.208000972575208;;;
1840;264;2.416619807973580;0.00320116453008150;0.0870794564202501;0.000115349409233316;0.206309291279959;;;
1840;265;2.424915953452740;0.00319236306227708;0.0866980996469900;0.000114136661309265;0.204637704551443;;;
1840;266;2.433338302814890;0.00318386465530124;0.0863153762712594;0.000112938047044746;0.202985883125878;;;
1840;267;2.441876979659650;0.00317565185577543;0.0859312525309023;0.000111753271701223;0.201353433122147;;;
1840;268;2.450535967524430;0.00316772352237891;0.0855456938885007;0.000110581974865924;0.199739839651876;;;
1840;269;2.459319431679500;0.00316008268826874;0.0851586650002646;0.000109423940443408;0.198144845571455;;;
1840;270;2.468273151808720;0.00315278234860210;0.0847701296834666;0.000108278846025975;0.196567999762175;;;
1840;271;2.477277432742870;0.00314566537738126;0.0843800508823326;0.000107146418521374;0.195008937942087;;;
1840;272;2.486502844581360;0.00313894494683278;0.0839883906322971;0.000106026395643337;0.193467313533188;;;
1840;273;2.495788407010000;0.00313241238641860;0.0835951100225211;0.000104918492826993;0.191942737397460;;;
1840;274;2.505347212536990;0.00312633202995876;0.0832001691565680;0.000103822477152286;0.190434912910938;;;
1840;275;2.514935189643710;0.00312039314630626;0.0828035271111220;0.000102738058440438;0.188943436937728;;;
1840;276;2.524738507684920;0.00311482461873465;0.0824051418926250;0.000101665009622257;0.187468020420707;;;
1840;277;2.534666021759240;0.00310950894470027;0.0820049703917020;0.000100603072260342;0.186008315270602;;;
1840;278;2.544849449048710;0.00310460307110897;0.0816029683352312;0.000099551989686412;0.184563975062826;;;
1840;279;2.555142400737600;0.00309992436909091;0.0811990902359068;0.000098511550079415;0.183134735200295;;;
1840;280;2.565677473394580;0.00309562962804551;0.0807932893391302;0.000097481504522295;0.181720261350786;;;
1840;281;2.576378539507420;0.00309162191245027;0.0803855175670516;0.000096461612198287;0.180320233045142;;;
1840;282;2.587267492453280;0.00308792386580859;0.0799757254595719;0.000095451650071867;0.178934362096273;;;
1840;283;2.598464686123940;0.00308467407373952;0.0795638621120974;0.000094451382762439;0.177562336507413;;;
1840;284;2.609727217281200;0.00308157988802288;0.0791498751098251;0.000093460596825158;0.176203884859910;;;
1840;285;2.621330504877910;0.00307896351603133;0.0787337104583178;0.000092479075618977;0.174858729484081;;;
1840;286;2.633102505346340;0.00307661731342966;0.0783153125101063;0.000091506595693112;0.173526579634705;;;
1840;287;2.645151960324920;0.00307466473185014;0.0778946238870381;0.000090542946665638;0.172207169233623;;;
1840;288;2.657476232898070;0.00307309744537624;0.0774715853980640;0.000089587906085017;0.170900209419818;;;
1840;289;2.670087419458570;0.00307192480950882;0.0770461359521309;0.000088641268740232;0.169605444440541;;;
1840;290;2.682942220577690;0.00307109209804237;0.0766182124658177;0.000087702815612346;0.168322592729245;;;
1840;291;2.696124576259620;0.00307069114451810;0.0761877497653212;0.000086772343750412;0.167051404206849;;;
1840;292;2.709564733913010;0.00307063830208304;0.0757546804823626;0.000085849664538287;0.165791657620184;;;
1840;293;2.723433214758060;0.00307112147617436;0.0753189349435477;0.000084934558855433;0.164543074350322;;;
1840;294;2.737556971061160;0.00307193956624855;0.0748804410526683;0.000084026813702682;0.163305388923582;;;
1840;295;2.752066485332620;0.00307323508314697;0.0744391241653892;0.000083126235926004;0.162078376235603;;;
1840;296;2.767009259354570;0.00307505471445642;0.0739949069557082;0.000082232607899906;0.160861765802180;;;
1840;297;2.782286631784620;0.00307728418246415;0.0735477092735201;0.000081345753459881;0.159655370728682;;;
1840;298;2.798089774798750;0.00308012870488785;0.0730974479925520;0.000080465448193884;0.158458912789364;;;
1840;299;2.814210990899670;0.00308335368954321;0.0726440368478621;0.000079591494654266;0.157272169883258;;;
1840;300;2.830852231609590;0.00308717569042786;0.0721873862620152;0.000078723693711454;0.156094920604092;;;
1840;301;2.848048899758200;0.00309162634823197;0.0717274031589589;0.000077861840614928;0.154926936875492;;;
1840;302;2.865761574474180;0.00309665528492065;0.0712639907645212;0.000077005713102976;0.153767960596602;;;
1840;303;2.883995749892630;0.00310226226615387;0.0707970483923396;0.000076155109379340;0.152617779763319;;;
1840;304;2.902858176239050;0.00310855546062123;0.0703264712139054;0.000075309823231338;0.151476179866085;;;
1840;305;2.922360702973370;0.00311553959431274;0.0698521500112607;0.000074469636443759;0.150342929212218;;;
1840;306;2.942568046512220;0.00312327609103995;0.0693739709107303;0.000073634342948434;0.149217828295954;;;
1840;307;2.963521121445000;0.00313179908428827;0.0688918150958860;0.000072803707006161;0.148100626177858;;;
1840;308;2.985265658998930;0.00314114822980632;0.0684055584977370;0.000071977513403659;0.146991122931138;;;
1840;309;3.007762083429580;0.00315127256967795;0.0679150714599076;0.000071155528869255;0.145889092562629;;;
1840;310;3.031277320846630;0.00316244221485943;0.0674202183763011;0.000070337525129079;0.144794331112399;;;
1840;311;3.055701303389560;0.00317453048386449;0.0669208572984470;0.000069523255190097;0.143706609368615;;;
1840;312;3.081287685563610;0.00318778962745992;0.0664168395093873;0.000068712477925594;0.142625724824392;;;
1840;313;3.107944213832090;0.00320211084334456;0.0659080090605675;0.000067904935209850;0.141551456201469;;;
1840;314;3.135888602698330;0.00321770493581705;0.0653942022677481;0.000067100357847435;0.140483577295149;;;
1840;315;3.165135669012390;0.00323457234866588;0.0648752471614387;0.000066298478967485;0.139421887097311;;;
1840;316;3.195888157824610;0.00325290417146518;0.0643509628867635;0.000065499011628317;0.138366165394802;;;
1840;317;3.228289426413440;0.00327282770918805;0.0638211590469826;0.000064701651609199;0.137316180924488;;;
2300;256;2.347753597181010;0.00327626686651031;0.0900849309437986;0.000125712627925443;0.220343351925318;;;
2300;257;2.355081300785630;0.00326501254392594;0.0897133753401694;0.000124375874304584;0.218497421735195;;;
2300;258;2.362449795711820;0.00325398637503795;0.0893406986343922;0.000123055912815743;0.216674793102349;;;
2300;259;2.369983713389460;0.00324335536524268;0.0889668722965977;0.000121752390517214;0.214874989479732;;;
2300;260;2.377549897232280;0.00323293171134434;0.0885918672268678;0.000120464961538078;0.213097543571212;;;
2300;261;2.385191683207960;0.00322277024657500;0.0882156537332403;0.000119193264899902;0.211341958113578;;;
2300;262;2.393021125039170;0.00321301815425338;0.0878382015087801;0.000117937001529837;0.209607842396899;;;
2300;263;2.400863674981210;0.00320343445102903;0.0874594796076679;0.000116695801166831;0.207894676419289;;;
2300;264;2.408804218280270;0.00319413026082004;0.0870794564202501;0.000115469378846512;0.206202088795610;;;
2300;265;2.416887106481060;0.00318515866022029;0.0866980996469900;0.000114257385946883;0.204529591904233;;;
2300;266;2.425088315389140;0.00317648375008043;0.0863153762712594;0.000113059548540086;0.202876828750981;;;
2300;267;2.433397559724780;0.00316808669129819;0.0859312525309023;0.000111875536499069;0.201243339114737;;;
2300;268;2.441818411562930;0.00315996887152636;0.0855456938885007;0.000110705091132375;0.199628788450075;;;
2300;269;2.450354598850440;0.00315213004121163;0.0851586650002646;0.000109547894146726;0.198032732574136;;;
2300;270;2.459051509848400;0.00314462393291505;0.0847701296834666;0.000108403657886522;0.196454779854783;;;
2300;271;2.467788733153660;0.00313729348759139;0.0843800508823326;0.000107272142286456;0.194894622684256;;;
2300;272;2.476736609663330;0.00313035115190417;0.0839883906322971;0.000106153054118309;0.193351855050683;;;
2300;273;2.485733291397550;0.00312358750642404;0.0835951100225211;0.000105046121467715;0.191826107313072;;;
2300;274;2.494991663979400;0.00311726635660187;0.0832001691565680;0.000103951084053600;0.190317028969554;;;
2300;275;2.504266535219350;0.00311107704101604;0.0828035271111220;0.000102867705369068;0.188824311221906;;;
2300;276;2.513743739048200;0.00310524778364545;0.0824051418926250;0.000101795732097955;0.187347612867448;;;
2300;277;2.523331202643670;0.00309965990886333;0.0820049703917020;0.000100734901064265;0.185886572737800;;;
2300;278;2.533160118304950;0.00309447066827768;0.0816029683352312;0.000099684970615571;0.184440867541523;;;
2300;279;2.543082933949820;0.00308949539459657;0.0811990902359068;0.000098645707530911;0.183010188129183;;;
2300;280;2.553231611508140;0.00308489114454427;0.0807932893391302;0.000097616879603674;0.181594225941178;;;
2300;281;2.563528870360930;0.00308055975064059;0.0803855175670516;0.000096598245026437;0.180192653274720;;;
2300;282;2.573995587734650;0.00307652356305014;0.0799757254595719;0.000095589598141054;0.178805208661807;;;
2300;283;2.584751258786550;0.00307292017820334;0.0795638621120974;0.000094590687018306;0.177431543260060;;;
2300;284;2.595551167686130;0.00306945535633599;0.0791498751098251;0.000093601317182184;0.176071414818185;;;
2300;285;2.606670030609610;0.00306645037688625;0.0787337104583178;0.000092621242149356;0.174724482779955;;;
2300;286;2.617933983819610;0.00306369678908085;0.0783153125101063;0.000091650275734993;0.173390519440664;;;
2300;287;2.629450488928330;0.00306131630402103;0.0778946238870381;0.000090688181087663;0.172069201137259;;;
2300;288;2.641215214183680;0.00305930037125943;0.0774715853980640;0.000089734773863782;0.170760303297806;;;
2300;289;2.653238460236410;0.00305765548998233;0.0770461359521309;0.000088789810681007;0.169463489127611;;;
2300;290;2.665474817433230;0.00305632631064234;0.0766182124658177;0.000087853112361858;0.168178543998522;;;
2300;291;2.678006297663530;0.00305540303060364;0.0761877497653212;0.000086924471287065;0.166905199539025;;;
2300;292;2.690760709573860;0.00305479858930398;0.0757546804823626;0.000086003668125266;0.165643165204250;;;
2300;293;2.703906275709160;0.00305470027506486;0.0753189349435477;0.000085090512698819;0.164392207057432;;;
2300;294;2.717266723302520;0.00305490421924183;0.0748804410526683;0.000084184807236171;0.163152077622228;;;
2300;295;2.730969855323110;0.00305555005833666;0.0744391241653892;0.000083286334978302;0.161922493731716;;;
2300;296;2.745059957774940;0.00305668343947238;0.0739949069557082;0.000082394924036613;0.160703260734551;;;
2300;297;2.759434327406980;0.00305818454252171;0.0735477092735201;0.000081510353554787;0.159494090556119;;;
2300;298;2.774280703704500;0.00306025745644650;0.0730974479925520;0.000080632435631951;0.158294761281016;;;
2300;299;2.789386146436740;0.00306266181593364;0.0726440368478621;0.000079760960343706;0.157105010248869;;;
2300;300;2.804948334422330;0.00306561156737804;0.0721873862620152;0.000078895744220257;0.155924629511802;;;
2300;301;2.820997291989100;0.00306913343801425;0.0717274031589589;0.000078036576668199;0.154753360871779;;;
2300;302;2.837487317426180;0.00307317261036054;0.0712639907645212;0.000077183268160356;0.153590991312550;;;
2300;303;2.854417084819390;0.00307772188082826;0.0707970483923396;0.000076335594435018;0.152437242789575;;;
2300;304;2.871886151900050;0.00308288399131694;0.0703264712139054;0.000075493365963591;0.151291910775798;;;
2300;305;2.889897894133810;0.00308865693859568;0.0698521500112607;0.000074656384312420;0.150154778330694;;;
2300;306;2.908507796876330;0.00309509330687299;0.0693739709107303;0.000073824424080144;0.149025580003046;;;
2300;307;2.927746117367170;0.00310221945251013;0.0688918150958860;0.000072997288815937;0.147904114875997;;;
2300;308;2.947646680228210;0.00311006415176669;0.0684055584977370;0.000072174754421015;0.146790133370268;;;
2300;309;2.968155950324250;0.00311856453522748;0.0679150714599076;0.000071356605517702;0.145683411361253;;;
2300;310;2.989526555436820;0.00312797859239763;0.0674202183763011;0.000070542607956539;0.144583695189114;;;
2300;311;3.011629959521960;0.00313816438576559;0.0669208572984470;0.000069732554749928;0.143490796563052;;;
2300;312;3.034701000944120;0.00314935777187764;0.0664168395093873;0.000068926193924002;0.142404445886057;;;
2300;313;3.058623420943460;0.00316142873342460;0.0659080090605675;0.000068123284540408;0.141324408028131;;;
2300;314;3.083589154764120;0.00317456732507651;0.0653942022677481;0.000067323591876012;0.140250474328124;;;
2300;315;3.109581801013790;0.00318874587229847;0.0648752471614387;0.000066526848251085;0.139182382709491;;;
2300;316;3.136768885436270;0.00320412547803724;0.0643509628867635;0.000065732786587824;0.138119888737679;;;
2300;317;3.165252027190660;0.00322079792840805;0.0638211590469826;0.000064941134254502;0.137062754903729;;;
2300;318;3.195159388103700;0.00323888046779774;0.0632856349840999;0.000064151606272083;0.136010738519871;;;
2300;319;3.226543927586010;0.00325841226039684;0.0627441789890690;0.000063363898547470;0.134963579618074;;;
2300;320;3.259662882843320;0.00327963695784682;0.0621965674330349;0.000062577686262656;0.133920999852394;;;
2300;321;3.294497008928010;0.00330251847213292;0.0616425638097956;0.000061792651533693;0.132882764664239;;;
2300;322;3.331437647659230;0.00332743027530684;0.0610819176782011;0.000061008442496006;0.131848599515350;;;
2300;323;3.370670357926060;0.00335453469325686;0.0605143634914766;0.000060224676463888;0.130818199875606;;;
2300;324;3.412334027945160;0.00338394643074677;0.0599396192984182;0.000059440974747523;0.129791311200661;;;
2300;325;3.456747461040810;0.00341595384646144;0.0593573852989942;0.000058656899560416;0.128767597227406;;;
2300;326;3.504416866063550;0.00345102644552726;0.0587673422340071;0.000057872011217296;0.127746770392474;;;
2300;327;3.555592684614800;0.00348937437078275;0.0581691495850448;0.000057085824428248;0.126728503596601;;;
2760;265;2.409153582974350;0.00317827750527591;0.0866980996469900;0.000114376527011616;0.204423038463778;;;
2760;266;2.417146923049810;0.00316943853166080;0.0863153762712594;0.000113179416948207;0.202769351111843;;;
2760;267;2.425240738241670;0.00316087191848814;0.0859312525309023;0.000111996173725157;0.201134942362250;;;
2760;268;2.433438238030350;0.00315257772652389;0.0855456938885007;0.000110826502574895;0.199519410303384;;;
2760;269;2.441742765810620;0.00314455568117599;0.0851586650002646;0.000109670096120483;0.197922327611672;;;
2760;270;2.450199373858660;0.00313686087313732;0.0847701296834666;0.000108526720662766;0.196343397355542;;;
2760;271;2.458687000785410;0.00312933321438809;0.0843800508823326;0.000107396059674733;0.194782170777380;;;
2760;272;2.467375818738280;0.00312218633749504;0.0839883906322971;0.000106277853478538;0.193238299378730;;;
2760;273;2.476103190879150;0.00311521011726800;0.0835951100225211;0.000105171841567648;0.191711431060022;;;
2760;274;2.485081865776980;0.00310866845408742;0.0832001691565680;0.000104077754859353;0.190201195939256;;;
2760;275;2.494065626283190;0.00310224901819286;0.0828035271111220;0.000102995349431201;0.188707267959605;;;
2760;276;2.503240055664390;0.00309618062041709;0.0824051418926250;0.000101924385067795;0.187229326073728;;;
2760;277;2.512512258290680;0.00309034347394428;0.0820049703917020;0.000100864592498904;0.185766994003281;;;
2760;278;2.522013005160220;0.00308489518524627;0.0816029683352312;0.000099815743853853;0.184319969648752;;;
2760;279;2.531593708111700;0.00307964969978589;0.0811990902359068;0.000098777601266208;0.182887930947888;;;
2760;280;2.541385818600040;0.00307476382692377;0.0807932893391302;0.000097749929074126;0.181470558303657;;;
2760;281;2.551311050113660;0.00307013881797777;0.0803855175670516;0.000096732500678365;0.180067547430307;;;
2760;282;2.561389419407240;0.00306579570355309;0.0799757254595719;0.000095725091094988;0.178678595712245;;;
2760;283;2.571739727361290;0.00306187229823945;0.0795638621120974;0.000094727465128026;0.177303380147417;;;
2760;284;2.582115649227180;0.00305807235655318;0.0791498751098251;0.000093739428429721;0.175941652963176;;;
2760;285;2.592791424031280;0.00305471745431854;0.0787337104583178;0.000092760735534346;0.174593069638390;;;
2760;286;2.603591565669040;0.00305159682686766;0.0783153125101063;0.000091791186567920;0.173257370159124;;;
2760;287;2.614622496464540;0.00304883271820341;0.0778946238870381;0.000090830580016840;0.171934290894202;;;
2760;288;2.625878473296970;0.00304641389672760;0.0774715853980640;0.000089878688887629;0.170623519380809;;;
2760;289;2.637368308672610;0.00304434734358562;0.0770461359521309;0.000088935321831276;0.169324810090753;;;
2760;290;2.649044827192690;0.00304257471114982;0.0766182124658177;0.000088000260799303;0.168037866470454;;;
2760;291;2.660988483468030;0.00304118584138629;0.0761877497653212;0.000087073321554328;0.166762456196055;;;
2760;292;2.673124950468540;0.00304009192022388;0.0757546804823626;0.000086154293690314;0.165498297044162;;;
2760;293;2.685620840288070;0.00303947864795074;0.0753189349435477;0.000085242969190971;0.164245111309116;;;
2760;294;2.698297079370560;0.00303914013307806;0.0748804410526683;0.000084339176484910;0.163002691841074;;;
2760;295;2.711279361034790;0.00303921400524335;0.0744391241653892;0.000083442684642852;0.161770717572465;;;
2760;296;2.724609402442460;0.00303974384177187;0.0739949069557082;0.000082553323988188;0.160548986489001;;;
2760;297;2.738181202100650;0.00304060771423028;0.0735477092735201;0.000081670903302334;0.159337256174784;;;
2760;298;2.752179868099720;0.00304200670308745;0.0730974479925520;0.000080795201414457;0.158135226935834;;;
2760;299;2.766388172684620;0.00304369726889879;0.0726440368478621;0.000079926041738767;0.156942687473264;;;
2760;300;2.781000546856830;0.00304589050297048;0.0721873862620152;0.000079063225822894;0.155759385672503;;;
2760;301;2.796042820678090;0.00304861045745644;0.0717274031589589;0.000078206567417149;0.154585095563743;;;
2760;302;2.811464369042220;0.00305179699565383;0.0712639907645212;0.000077355856011634;0.153419545759481;;;
2760;303;2.827258586343970;0.00305543936995439;0.0707970483923396;0.000076510896449075;0.152262497861867;;;
2760;304;2.843519580697220;0.00305963613431149;0.0703264712139054;0.000075671507235383;0.151113744029507;;;
2760;305;2.860244267919080;0.00306437868310852;0.0698521500112607;0.000074837468206705;0.149973003056203;;;
2760;306;2.877481102650180;0.00306971504405525;0.0693739709107303;0.000074008591046657;0.148840061351703;;;
2760;307;2.895252515718500;0.00307566416638678;0.0688918150958860;0.000073184665550727;0.147714666190407;;;
2760;308;2.913583459049330;0.00308224754718069;0.0684055584977370;0.000072365479779999;0.146596566383871;;;
2760;309;2.932410037626960;0.00308939357335719;0.0679150714599076;0.000071550834504756;0.145485542281362;;;
2760;310;2.951974707195450;0.00309735252731995;0.0674202183763011;0.000070740505760869;0.144381330609946;;;
2760;311;2.972135612916990;0.00310596995797651;0.0669208572984470;0.000069934282751995;0.143283702043872;;;
2760;312;2.993114061272490;0.00311547142938987;0.0664168395093873;0.000069131934729510;0.142192394555052;;;
2760;313;3.014776822629210;0.00312571169187906;0.0659080090605675;0.000068333228835634;0.141107150526076;;;
2760;314;3.037298073249290;0.00313686591476024;0.0653942022677481;0.000067537936405822;0.140027730906021;;;
2760;315;3.060639833700180;0.00314888846913706;0.0648752471614387;0.000066745820749546;0.138953891268703;;;
2760;316;3.084945908292450;0.00316191962905638;0.0643509628867635;0.000065956609531919;0.137885325217372;;;
2760;317;3.110290076518180;0.00317602805801147;0.0638211590469826;0.000065170060297058;0.136821802025994;;;
2760;318;3.136768341094350;0.00319130335712706;0.0632856349840999;0.000064385902119956;0.135763046778058;;;
2760;319;3.164395613173250;0.00320775114823562;0.0627441789890690;0.000063603839974818;0.134708750404589;;;
2760;320;3.193385949147630;0.00322557965092097;0.0621965674330349;0.000062823593973250;0.133658654346742;;;
2760;321;3.223667098188940;0.00324470468376858;0.0616425638097956;0.000062044841921027;0.132612431128155;;;
2760;322;3.255570715828940;0.00326544993518768;0.0610819176782011;0.000061267274322633;0.131569803357348;;;
2760;323;3.289209314262960;0.00328791385460795;0.0605143634914766;0.000060490529825400;0.130530408428869;;;
2760;324;3.324633514490850;0.00331213386212319;0.0599396192984182;0.000059714263811561;0.129493948386537;;;
2760;325;3.362056768302190;0.00333830728875039;0.0593573852989942;0.000058938086308657;0.128460059845216;;;
2760;326;3.401858261216050;0.00336679270429664;0.0587673422340071;0.000058161582256408;0.127428360901839;;;
2760;327;3.444129101044800;0.00339766022932876;0.0581691495850448;0.000057384319902244;0.126398473915399;;;
2760;328;3.489202185302420;0.00343121560493952;0.0575624435568262;0.000056605821073540;0.125369965301556;;;
2760;329;3.537488272606930;0.00346783726418876;0.0569468348090956;0.000055825586011922;0.124342405690591;;;
2760;330;3.589345902625140;0.00350784653389952;0.0563219058992112;0.000055043065714750;0.123315315527924;;;
2760;331;3.645294164539500;0.00355171511958986;0.0556872083892817;0.000054257651392847;0.122288148564401;;;
2760;332;3.705904288107610;0.00359995917325664;0.0550422595627750;0.000053468700707046;0.121260359570610;;;
2760;333;3.771934774033620;0.00365326685893650;0.0543865386845606;0.000052675497125869;0.120231323745060;;;
2760;334;3.844168004176400;0.00371233770277489;0.0537194827247811;0.000051877249089038;0.119200346706014;;;
2760;335;3.923841679377260;0.00377829651754811;0.0530404814500846;0.000051073076522225;0.118166648328609;;;
2760;336;4.012229073801820;0.00385228326465662;0.0523488717646245;0.000050262006209788;0.117129369986429;;;
3220;273;2.466869658626030;0.00310724832106420;0.0835951100225211;0.000105295699089075;0.191598622692440;;;
3220;274;2.475587442761700;0.00310050380885353;0.0832001691565680;0.000104202516506313;0.190087285168578;;;
3220;275;2.484300005625350;0.00309387362693660;0.0828035271111220;0.000103121059520323;0.188592247029280;;;
3220;276;2.493192750718160;0.00308758542140729;0.0824051418926250;0.000102051040651943;0.187113097288732;;;
3220;277;2.502172048786440;0.00308152011859995;0.0820049703917020;0.000100992242403868;0.185649550821270;;;
3220;278;2.511368335975140;0.00307583512498937;0.0816029683352312;0.000099944429780922;0.184201288786328;;;
3220;279;2.520632095536850;0.00307034249594551;0.0811990902359068;0.000098907340672547;0.182767940451111;;;
3220;280;2.530094371451330;0.00306519998516152;0.0807932893391302;0.000097880771594063;0.181349241396880;;;
3220;281;2.539675994413920;0.00306030720480703;0.0803855175670516;0.000096864473702033;0.179944841794226;;;
3220;282;2.549396249789380;0.00305568506001929;0.0799757254595719;0.000095858236816348;0.178554461811244;;;
3220;283;2.559373379291570;0.00305147163876430;0.0795638621120974;0.000094861840273115;0.177177800808200;;;
3220;284;2.569359618893600;0.00304736716940292;0.0791498751098251;0.000093875037615749;0.175814508436188;;;
3220;285;2.579628884092860;0.00304369577464245;0.0787337104583178;0.000092897650247925;0.174464359889546;;;
3220;286;2.590004263563960;0.00304024394956218;0.0783153125101063;0.000091929445200715;0.173127027510348;;;
3220;287;2.600591338061720;0.00303713404694173;0.0778946238870381;0.000090970238506358;0.171802274648601;;;
3220;288;2.611383178101070;0.00303435334315543;0.0774715853980640;0.000090019789559611;0.170489756949633;;;
3220;289;2.622387354734410;0.00303190788251448;0.0770461359521309;0.000089077910816195;0.169189229255593;;;
3220;290;2.633555203270480;0.00302973856355592;0.0766182124658177;0.000088144403690545;0.167900425012117;;;
3220;291;2.644965916067860;0.00302793350429660;0.0761877497653212;0.000087219059697502;0.166623058239750;;;
3220;292;2.656543369739450;0.00302640337090835;0.0757546804823626;0.000086301704306974;0.165356907381505;;;
3220;293;2.668452920429470;0.00302533248058314;0.0753189349435477;0.000085392108117452;0.164101645673261;;;
3220;294;2.680513119179900;0.00302451221259365;0.0748804410526683;0.000084490095134280;0.162857048405490;;;
3220;295;2.692847993414220;0.00302407995037608;0.0744391241653892;0.000083595458586096;0.161622831839725;;;
3220;296;2.705497193598100;0.00302407751025618;0.0739949069557082;0.000082708026653195;0.160398779929305;;;
3220;297;2.718351996447560;0.00302437979501121;0.0735477092735201;0.000081827594876190;0.159184614039972;;;
3220;298;2.731595490331810;0.00302518766881985;0.0730974479925520;0.000080953969601995;0.157980076939615;;;
3220;299;2.745006892907710;0.00302625348630164;0.0726440368478621;0.000080086964567509;0.156784926640261;;;
3220;300;2.758778159540970;0.00302778739762463;0.0721873862620152;0.000079226398699618;0.155598932535195;;;
3220;301;2.772931815818370;0.00302980951665505;0.0717274031589589;0.000078372056412007;0.154421797590436;;;
3220;302;2.787413327588770;0.00303225741002816;0.0712639907645212;0.000077523760801856;0.153253302211399;;;
3220;303;2.802211950484010;0.00303511709732751;0.0707970483923396;0.000076681327398807;0.152093214062339;;;
3220;304;2.817417620287210;0.00303848292646518;0.0703264712139054;0.000075844553722999;0.150941267384255;;;
3220;305;2.833022259883500;0.00304234253461173;0.0698521500112607;0.000075013235908029;0.149797195957774;;;
3220;306;2.849069008416180;0.00304673972147576;0.0693739709107303;0.000074187193144797;0.148660782437262;;;
3220;307;2.865574291306650;0.00305168863625906;0.0688918150958860;0.000073366225366124;0.147531774511334;;;
3220;308;2.882556394513730;0.00305720508793541;0.0684055584977370;0.000072550123175517;0.146409904767750;;;
3220;309;2.899943592454990;0.00306321014268710;0.0679150714599076;0.000071738683565631;0.145294922737239;;;
3220;310;2.917971016706960;0.00306994973532691;0.0674202183763011;0.000070931712609534;0.144186601197404;;;
3220;311;2.936486768190550;0.00307725932254942;0.0669208572984470;0.000070128983459217;0.143084651491422;;;
3220;312;2.955702669922630;0.00308535807699967;0.0664168395093873;0.000069330293034665;0.141988839120498;;;
3220;313;2.975472993870480;0.00309408888589938;0.0659080090605675;0.000068535402185181;0.140898862453751;;;
3220;314;2.995959422941190;0.00310361768037795;0.0653942022677481;0.000067744109215320;0.139814503958237;;;
3220;315;3.017108653224420;0.00311388443627469;0.0648752471614387;0.000066956164213570;0.138735455190870;;;
3220;316;3.039048094813050;0.00312501712759174;0.0643509628867635;0.000066171332247549;0.137661447413609;;;
3220;317;3.061832404560380;0.00313706725303546;0.0638211590469826;0.000065389362199857;0.136592188341772;;;
3220;318;3.085535813574810;0.00315010614161121;0.0632856349840999;0.000064609999521675;0.135527389577721;;;
3220;319;3.110147673476650;0.00316411816717117;0.0627441789890690;0.000063832980766996;0.134466756472305;;;
3220;320;3.135853834536880;0.00317928721092597;0.0621965674330349;0.000063058025608692;0.133409972544227;;;
3220;321;3.162547345003400;0.00319549892101709;0.0616425638097956;0.000062284837080508;0.132356701126155;;;
3220;322;3.190522270886280;0.00321304539309069;0.0610819176782011;0.000061513118396936;0.131306622608801;;;
3220;323;3.219845488285880;0.00323198627612654;0.0605143634914766;0.000060742539672954;0.130259365470472;;;
3220;324;3.250513347638230;0.00325231118533764;0.0599396192984182;0.000059972771510312;0.129214579692010;;;
3220;325;3.282676271082080;0.00327416254601363;0.0593573852989942;0.000059203440036810;0.128171842465685;;;
3220;326;3.316639674903070;0.00329783724139482;0.0587673422340071;0.000058434183026761;0.127130781384128;;;
3220;327;3.352403586606150;0.00332332452217868;0.0581691495850448;0.000057664584903384;0.126090936806112;;;
3220;328;3.390192616114770;0.00335083610438154;0.0575624435568262;0.000056894205128582;0.125051825721734;;;
3220;329;3.430286538924550;0.00338063653438856;0.0569468348090956;0.000056122585704976;0.124012961885352;;;
3220;330;3.472882014143070;0.00341290500520259;0.0563219058992112;0.000055349221126188;0.122973793747820;;;
3220;331;3.518298727518860;0.00344793868714601;0.0556872083892817;0.000054573558146943;0.121933707634417;;;
3220;332;3.566858061555190;0.00348603321353700;0.0550422595627750;0.000053795004363111;0.120892051563004;;;
3220;333;3.619003306222350;0.00352759903661277;0.0543865386845606;0.000053012911355592;0.119848103306049;;;
3220;334;3.675111302290440;0.00357297588808958;0.0537194827247811;0.000052226558792020;0.118801040590428;;;
3220;335;3.735896268094890;0.00362282653517518;0.0530404814500846;0.000051435171066413;0.117749985960347;;;
3220;336;3.801936686275070;0.00367767056395222;0.0523488717646245;0.000050637851345571;0.116693864639517;;;
3220;337;3.874106680554260;0.00373830599663629;0.0516439311566185;0.000049833634809726;0.115631535166456;;;
3220;338;3.953501078670040;0.00380572693437113;0.0509248700724440;0.000049021397947676;0.114561591375574;;;
3220;339;4.041395672199930;0.00388108473967363;0.0501908229969927;0.000048199892563168;0.113482452347355;;;
3220;340;4.139448012177210;0.00396587238990614;0.0494408379631744;0.000047367681303200;0.112392226222394;;;
3220;341;4.249867951274080;0.00406207715019863;0.0486738641407851;0.000046523090506584;0.111288613559839;;;
3220;342;4.375623809559590;0.00417236415907343;0.0478887370594240;0.000045664174715729;0.110168839518608;;;
3220;343;4.520428585496750;0.00430003913431570;0.0470841608932908;0.000044788614755943;0.109029427758970;;;
3220;344;4.689926209558710;0.00445014602716998;0.0462586870653774;0.000043893635692289;0.107866019682030;;;
3680;281;2.528579769312970;0.00305101835636120;0.0803855175670516;0.000096994246596107;0.179824453517302;;;
3680;282;2.537968981248580;0.00304614164792727;0.0799757254595719;0.000095989111744679;0.178432701106402;;;
3680;283;2.547601684959370;0.00304166350375521;0.0795638621120974;0.000094993851288820;0.177054616588469;;;
3680;284;2.557228819402570;0.00303728343840623;0.0791498751098251;0.000094008249476540;0.175689902445245;;;
3680;285;2.567124101335530;0.00303332490257582;0.0787337104583178;0.000093032091623916;0.174338261650658;;;
3680;286;2.577109357660760;0.00302957337913410;0.0783153125101063;0.000092065160236176;0.172999390438669;;;
3680;287;2.587289488623430;0.00302615035526509;0.0778946238870381;0.000091107255212642;0.171673016336587;;;
3680;288;2.597656561925100;0.00302304330043060;0.0774715853980640;0.000090158168190560;0.170358850181116;;;
3680;289;2.608217107425750;0.00302025690137790;0.0770461359521309;0.000089217697089485;0.169056613511841;;;
3680;290;2.618921195186900;0.00301773143008549;0.0766182124658177;0.000088285660637668;0.167766066398914;;;
3680;291;2.629846991953960;0.00301555341462664;0.0761877497653212;0.000087361823581543;0.166486865546179;;;
3680;292;2.640916850736100;0.00301363216604306;0.0757546804823626;0.000086446016566682;0.165218792009091;;;
3680;293;2.652295152358080;0.00301215278481821;0.0753189349435477;0.000085538044074033;0.163961576624804;;;
3680;294;2.663798412259810;0.00301090362728114;0.0748804410526683;0.000084637707771072;0.162714944277384;;;
3680;295;2.675549340539470;0.00301002202375312;0.0744391241653892;0.000083744821959268;0.161478643708972;;;
3680;296;2.687585914489640;0.00300954778443516;0.0739949069557082;0.000082859196086509;0.160252414180234;;;
3680;297;2.699797140716930;0.00300935342442015;0.0735477092735201;0.000081980622700323;0.159035962094863;;;
3680;298;2.712364559439250;0.00300964034178017;0.0730974479925520;0.000081108945179937;0.157829092441938;;;
3680;299;2.725064403076710;0.00301015669285316;0.0726440368478621;0.000080243950736202;0.156631501625121;;;
3680;300;2.738086739626240;0.00301111158976425;0.0721873862620152;0.000079385460023087;0.155442951414163;;;
3680;301;2.751451467162990;0.00301252397038976;0.0717274031589589;0.000078533284678640;0.154263186763173;;;
3680;302;2.765100910788690;0.00301432866275841;0.0712639907645212;0.000077687251537875;0.153091983470056;;;
3680;303;2.779021044448550;0.00301650766310346;0.0707970483923396;0.000076847147101391;0.151929039121352;;;
3680;304;2.793298581303200;0.00301915356814174;0.0703264712139054;0.000076012789295593;0.150774114404169;;;
3680;305;2.807921536198580;0.00302225142319148;0.0698521500112607;0.000075183995372721;0.149626970534893;;;
3680;306;2.822928950837350;0.00302584161130953;0.0693739709107303;0.000074360584902854;0.148487375547496;;;
3680;307;2.838332629394630;0.00302993355300726;0.0688918150958860;0.000073542339585166;0.147355024218171;;;
3680;308;2.854145763723840;0.00303453934414934;0.0684055584977370;0.000072729067049841;0.146229665445838;;;
3680;309;2.870290605223840;0.00303957529974717;0.0679150714599076;0.000071920582994070;0.145111067534642;;;
3680;310;2.886996964752890;0.00304528309591900;0.0674202183763011;0.000071116684170844;0.143998964278698;;;
3680;311;2.904105273507270;0.00305149152480456;0.0669208572984470;0.000070317157832314;0.142893074012662;;;
3680;312;2.921820519390480;0.00305841439451281;0.0664168395093873;0.000069521798702383;0.141793134462020;;;
3680;313;2.939987611948420;0.00306588670929348;0.0659080090605675;0.000068730387908292;0.140698860534785;;;
3680;314;2.958759292125540;0.00307406690715322;0.0653942022677481;0.000067942719654816;0.139609999329104;;;
3680;315;2.978071110034980;0.00308288533020195;0.0648752471614387;0.000067158553431881;0.138526232848751;;;
3680;316;2.998038898998450;0.00309246121220863;0.0643509628867635;0.000066377676674600;0.137447307253933;;;
3680;317;3.018703848643560;0.00310283396051270;0.0638211590469826;0.000065599830132142;0.136372879794333;;;
3680;318;3.040125054428380;0.00311406325430785;0.0632856349840999;0.000064824790724466;0.135302690897499;;;
3680;319;3.062274167548890;0.00312611704297321;0.0627441789890690;0.000064052281589826;0.134236378338573;;;
3680;320;3.085318073941070;0.00313916397621156;0.0621965674330349;0.000063282040700717;0.133173620647726;;;
3680;321;3.109126247680450;0.00315306978317960;0.0616425638097956;0.000062513802857440;0.132114101128890;;;
3680;322;3.133968345976310;0.00316810527905341;0.0610819176782011;0.000061747256030670;0.131057416674275;;;
3680;323;3.159881525257250;0.00318430620783034;0.0605143634914766;0.000060982116509296;0.130003237600859;;;
3680;324;3.186827196949150;0.00320163059419497;0.0599396192984182;0.000060218049831485;0.128951141639104;;;
3680;325;3.214916274660780;0.00322018790291695;0.0593573852989942;0.000059454716004624;0.127900711001364;;;
3680;326;3.244409177993640;0.00324023656868010;0.0587673422340071;0.000058691762013978;0.126851518373506;;;
3680;327;3.275250526617660;0.00326171714174778;0.0581691495850448;0.000057928793776385;0.125803068124381;;;
3680;328;3.307601319129640;0.00328478668534781;0.0575624435568262;0.000057165398706910;0.124754846519523;;;
3680;329;3.341666128726810;0.00330964535869257;0.0569468348090956;0.000056401154471397;0.123706343393518;;;
3680;330;3.377550751018840;0.00333639172028531;0.0563219058992112;0.000055635563864180;0.122656911985643;;;
3680;331;3.415466454984220;0.00336522995874757;0.0556872083892817;0.000054868131325710;0.121605938698650;;;
3680;332;3.455602812432450;0.00339633980897536;0.0550422595627750;0.000054098294125828;0.120552694831607;;;
3680;333;3.498242803401390;0.00342999100459695;0.0543865386845606;0.000053325440497677;0.119496378845969;;;
3680;334;3.543564092873080;0.00346634801556574;0.0537194827247811;0.000052548907670324;0.118436115284411;;;
3680;335;3.592035965059180;0.00350585719483325;0.0530404814500846;0.000051767954251576;0.117370896186225;;;
3680;336;3.643925393779070;0.00354876338475017;0.0523488717646245;0.000050981768086810;0.116299602100708;;;
3680;337;3.699711841174810;0.00359551323744209;0.0516439311566185;0.000050189432604083;0.115220929462654;;;
3680;338;3.759980958766880;0.00364664991342396;0.0509248700724440;0.000049389923799430;0.114133387025198;;;
3680;339;3.825339925783660;0.00370272734356249;0.0501908229969927;0.000048582070172182;0.113035207118865;;;
3680;340;3.896555497649180;0.00376444248598400;0.0494408379631744;0.000047764542577030;0.111924324696195;;;
3680;341;3.974627184040360;0.00383269966479904;0.0486738641407851;0.000046935799041968;0.110798250687532;;;
3680;342;4.060841947824480;0.00390865511412452;0.0478887370594240;0.000046094026662762;0.109653934454461;;;
3680;343;4.156506699204100;0.00399345021998840;0.0470841608932908;0.000045237086400772;0.108487628509408;;;
3680;344;4.263731476995720;0.00408894784736720;0.0462586870653774;0.000044362399442491;0.107294607030566;;;
3680;345;4.384989441650840;0.00419728003031459;0.0454106881971309;0.000043466780768554;0.106068742599689;;;
3680;346;4.523784730216390;0.00432144695053557;0.0445383261110871;0.000042546236178995;0.104801970450253;;;
3680;347;4.684650770540920;0.00446523539676308;0.0436395121491718;0.000041595564726259;0.103483236229296;;;
3680;348;4.874248878058430;0.00463413033827217;0.0427118574386885;0.000040607757074445;0.102096860327040;;;
3680;349;5.102336566480530;0.00483596133485222;0.0417526098284106;0.000039572851404164;0.100619400027838;;;
3680;350;5.383902795284260;0.00508234395867470;0.0407585728805374;0.000038475636451877;0.099013287494674;;;
3680;351;5.743637600167480;0.00539147887187548;0.0397260002986957;0.000037290286432468;0.097211901213600;;;
3680;352;6.225667864807070;0.00579304165507271;0.0386504560922168;0.000035964607652051;0.095075739280983;;;
4140;287;2.574657133378480;0.00301582080841977;0.0778946238870381;0.000091241751974292;0.171546442630437;;;
4140;288;2.584634332114050;0.00301241863720273;0.0774715853980640;0.000090293951762176;0.170230719457818;;;
4140;289;2.594788400183050;0.00300932468501846;0.0770461359521309;0.000089354815517782;0.168926880971535;;;
4140;290;2.605068325269460;0.00300647716819959;0.0766182124658177;0.000088424132377764;0.167634625612874;;;
4140;291;2.615551439601360;0.00300396418674126;0.0761877497653212;0.000087501728430281;0.166353720646840;;;
4140;292;2.626158793559880;0.00300169228345572;0.0757546804823626;0.000086587391591550;0.165083859983302;;;
4140;293;2.637054016327280;0.00299984695842064;0.0753189349435477;0.000085680944153190;0.163824801924494;;;
4140;294;2.648051861651070;0.00299821471087694;0.0748804410526683;0.000084782191456433;0.162576271759022;;;
4140;295;2.659273998277020;0.00299693150209934;0.0744391241653892;0.000083890925246696;0.161337967831947;;;
4140;296;2.670757041436410;0.00299603726929782;0.0739949069557082;0.000083006988482297;0.160109686258327;;;
4140;297;2.682388085090510;0.00299540234120571;0.0735477092735201;0.000082130166687191;0.158891112298049;;;
4140;298;2.694347488096920;0.00299522741951513;0.0730974479925520;0.000081260298269292;0.157682032891463;;;
4140;299;2.706408944988050;0.00299525818143128;0.0726440368478621;0.000080397179481579;0.156482153353340;;;
4140;300;2.718761089004230;0.00299570341326099;0.0721873862620152;0.000079540640880186;0.155291245551160;;;
4140;301;2.731421711619630;0.00299658025600901;0.0717274031589589;0.000078690492649517;0.154109042019330;;;
4140;302;2.744330586328870;0.00299782027318244;0.0712639907645212;0.000077846538360217;0.152935262556150;;;
4140;303;2.757471057506180;0.00299940459232198;0.0707970483923396;0.000077008602317977;0.151769668114406;;;
4140;304;2.770927331040630;0.00300142402487570;0.0703264712139054;0.000076176505215990;0.150612013531756;;;
4140;305;2.784684327641070;0.00300386020538995;0.0698521500112607;0.000075350046537412;0.149462012763549;;;
4140;306;2.798777897324460;0.00300675114895670;0.0693739709107303;0.000074529053178151;0.148319435232948;;;
4140;307;2.813216245213880;0.00301010397617657;0.0688918150958860;0.000073713326125906;0.147184000557751;;;
4140;308;2.828008620594430;0.00301392780715505;0.0684055584977370;0.000072902682622292;0.146055462493409;;;
4140;309;2.843072568256440;0.00301813337453181;0.0679150714599076;0.000072096908849768;0.144933514729962;;;
4140;310;2.858634013368660;0.00302296076924641;0.0674202183763011;0.000071295826696406;0.143817924901726;;;
4140;311;2.874527418434700;0.00302823371709485;0.0669208572984470;0.000070499239335279;0.142708426103170;;;
4140;312;2.890952799817840;0.00303416192045505;0.0664168395093873;0.000069706930299608;0.141604714844810;;;
4140;313;2.907747906316070;0.00304057446912669;0.0659080090605675;0.000068918701385783;0.140506528147637;;;
4140;314;2.925058988598010;0.00304762361465741;0.0653942022677481;0.000068134323399883;0.139413544011713;;;
4140;315;2.942813315507880;0.00305523415972522;0.0648752471614387;0.000067353600109029;0.138325512241277;;;
4140;316;2.961118396982010;0.00306351769329391;0.0643509628867635;0.000066576302246147;0.137242120358765;;;
4140;317;2.980005732386340;0.00307250628740954;0.0638211590469826;0.000065802193032895;0.136163045937300;;;
4140;318;2.999523654356110;0.00308224956741857;0.0632856349840999;0.000065031032767576;0.135087966687351;;;
4140;319;3.019631228462330;0.00309270564075465;0.0627441789890690;0.000064262574335220;0.134016551917973;;;
4140;320;3.040482286223700;0.00310403268440441;0.0621965674330349;0.000063496564030204;0.132948465000227;;;
4140;321;3.061929761991980;0.00311608105724950;0.0616425638097956;0.000062732734039933;0.131883348446776;;;
4140;322;3.084227040249830;0.00312910992037578;0.0610819176782011;0.000061970805672903;0.130820831402279;;;
4140;323;3.107391271956200;0.00314313662534864;0.0605143634914766;0.000061210480304265;0.129760511384945;;;
4140;324;3.131360513412870;0.00315809928025665;0.0599396192984182;0.000060451445227838;0.128701967412841;;;
4140;325;3.156219944717620;0.00317408587432824;0.0593573852989942;0.000059693380535764;0.127644775789873;;;
4140;326;3.182201458941560;0.00319133082575635;0.0587673422340071;0.000058935938921208;0.126588468303590;;;
4140;327;3.209214339603180;0.00320974381459662;0.0581691495850448;0.000058178746672318;0.125532535187764;;;
4140;328;3.237380258318250;0.00322944815333256;0.0575624435568262;0.000057421406264604;0.124476431795348;;;
4140;329;3.266858279545680;0.00325060502794967;0.0569468348090956;0.000056663513295107;0.123419616890930;;;
4140;330;3.297700009359990;0.00327326623389022;0.0563219058992112;0.000055904597836360;0.122361426867805;;;
4140;331;3.330053783401270;0.00329758097509415;0.0556872083892817;0.000055144178107850;0.121301193573670;;;
4140;332;3.364034358010100;0.00332366346521404;0.0550422595627750;0.000054381711862134;0.120238139791160;;;
4140;333;3.399836363805110;0.00335170728108859;0.0543865386845606;0.000053616626859721;0.119171447604957;;;
4140;334;3.437530259853510;0.00338178168838619;0.0537194827247811;0.000052848280380224;0.118100170699085;;;
4140;335;3.477458743729270;0.00341422331906254;0.0530404814500846;0.000052075973280125;0.117023266771013;;;
4140;336;3.519732082514640;0.00344913758962893;0.0523488717646245;0.000051298921947784;0.115939536293839;;;
4140;337;3.564639465930440;0.00348680336141072;0.0516439311566185;0.000050516254020758;0.114847613661510;;;
4140;338;3.612531521322580;0.00352755559279460;0.0509248700724440;0.000049726987619646;0.113745920809243;;;
4140;339;3.663720682540130;0.00357168617490312;0.0501908229969927;0.000048930004260336;0.112632605116544;;;
4140;340;3.718601676326970;0.00361956059338699;0.0494408379631744;0.000048124032733804;0.111505500886291;;;
4140;341;3.777698973684550;0.00367165930420589;0.0486738641407851;0.000047307593164275;0.110361996931168;;;
4140;342;3.841684237353130;0.00372859006537829;0.0478887370594240;0.000046478955117432;0.109198932156913;;;
4140;343;3.911048647888490;0.00379076112680789;0.0470841608932908;0.000045636048761249;0.108012375738790;;;
4140;344;3.986815318050040;0.00385906365794463;0.0462586870653774;0.000044776395161826;0.106797442839837;;;
4140;345;4.069965056147190;0.00393429172540611;0.0454106881971309;0.000043896911239846;0.105547799284282;;;
4140;346;4.161914798357030;0.00401757788659449;0.0445383261110871;0.000042993718699017;0.104255148991580;;;
4140;347;4.264186083833700;0.00411001634602820;0.0436395121491718;0.000042061745134851;0.102908180973966;;;
4140;348;4.378962638968730;0.00421310528462100;0.0427118574386885;0.000041094105414267;0.101490905590859;;;
4140;349;4.509067487436370;0.00432853854107437;0.0417526098284106;0.000040080966039271;0.099979583872406;;;
4140;350;4.658205812034890;0.00445804388254679;0.0407585728805374;0.000039007187278409;0.098336345194031;;;
4140;351;4.831515333495840;0.00460297475708020;0.0397260002986957;0.000037846879074758;0.096494430977558;;;
4140;352;5.036266421391710;0.00476222154945298;0.0386504560922168;0.000036547318886215;0.094314753022641;;;
4140;353;5.283268581350870;0.00492131496288171;0.0375266259218694;0.000034955698884523;0.091389193003708;;;
4140;354;5.589088243977810;0.00502190465858578;0.0363480571892366;0.000032659437418232;0.086596888667926;;;
4140;355;5.981234897608430;0.00551801935545206;0.0351067921923801;0.000032387953682081;0.087203973972151;;;
4140;356;6.508690741062220;0.00618009460723684;0.0337928355491698;0.000032086778900572;0.087857650289730;;;
4140;357;7.270877836904550;0.00712659894198206;0.0323933548257177;0.000031750560717231;0.088567575443476;;;
4140;358;8.510396025874090;0.00864288535024949;0.0308914317546298;0.000031372347673198;0.089346611149853;;;
