10;361;1;1.45319514327505;0.00638650038199532;15.8485024572655
10;366;1;1.47406950728378;0.0064862213587595;16.3226502531475
10;371;1;1.49483748039284;0.00658615068352378;16.8042241151166
10;376;1;1.51549876951454;0.00668627094849799;17.2932007615972
10;381;1;1.53605344679483;0.00678656929057338;17.7895663877578
10;386;1;1.55650127183777;0.00688703718132955;18.2933169030005
10;391;1;1.57684217597306;0.0069876656566357;18.8044458511761
10;396;1;1.59707609698211;0.00708845162269362;19.3229615256715
10;401;1;1.61720291459932;0.00718939349969092;19.848875966796
10;406;1;1.63722256890093;0.00729048893249611;20.3821988258096
10;411;1;1.65713489535803;0.00739174134378666;20.9229557791553
10;416;1;1.67693990775327;0.00749315263731565;21.4711686272196
10;421;1;1.69663756019171;0.00759472680718997;22.0268654973998
10;426;1;1.71622777422586;0.00769647055830092;22.5900830291655
10;431;1;1.73571039292051;0.00779838722839488;23.1608487947519
10;436;1;1.75508546371406;0.00790048527305176;23.7392062079374
10;441;1;1.77435294587081;0.00800277163679261;24.3251952656956
10;446;1;1.79351266466066;0.00810525469599649;24.9188613324451
10;451;1;1.81256470375872;0.00820794196260826;25.5202482492303
10;456;1;1.83150900329735;0.00831084136834243;26.1294022204654
10;461;1;1.85034540540079;0.00841396198915583;26.7463741896005
10;466;1;1.86907400998641;0.00851731272483576;27.371215794563
10;471;1;1.88769470910964;0.008620899563768;28.003970451682
10;476;1;1.90620750627765;0.00872473344966244;28.6446986768091
10;481;1;1.92461233380091;0.00882882059898106;29.2934468206005
10;486;1;1.94290916218221;0.00893316810473014;29.9502650341741
10;491;1;1.96109796350375;0.00903778533965476;30.6152121746079
10;496;1;1.97917871132695;0.0091426803007866;31.288343691199
10;501;1;1.99715143532507;0.00924785701046485;31.9697024015036
10;506;1;2.01501597493031;0.0093533242718873;32.659348372593
10;511;1;2.03277246266223;0.00945908638373793;33.3573270069422
10;516;1;2.05042079504857;0.00956515116792206;34.0636968483121
10;521;1;2.06796096090025;0.00967157845304499;34.7787045388551
10;526;1;2.08539285885905;0.0097783247415844;35.5022298837898
10;531;1;2.10271668029703;0.00988538512410305;36.2342880831611
10;536;1;2.11993216158718;0.0099927632294164;36.9749252448449
10;541;1;2.137039477593;0.0101004634105714;37.724190682817
10;546;1;2.15403843929301;0.0102084895198144;38.4821324249992
10;551;1;2.17092913191912;0.010316843716208;39.2487925900798
10;556;1;2.18771162316134;0.0104255265426323;40.0242073892169
10;561;1;2.204385744382;0.0105345421975715;40.808427267275
10;566;1;2.22095153723275;0.0106438920621553;41.6014922379257
10;571;1;2.23740896192798;0.010753576481016;42.4034384169685
10;576;1;2.25375809772724;0.0108635953619216;43.2143002278155
10;581;1;2.26999885126043;0.0109739487776832;44.0341127409978
10;586;1;2.28613125725566;0.0110846388188419;44.8629192012886
10;591;1;2.30215525067693;0.0111956647948222;45.7007517889468
10;596;1;2.31807082162345;0.0113070250000528;46.5476384078701
10;601;1;2.33387803351885;0.0114187179989675;47.4036078441693
10;606;1;2.34957681351355;0.0115307420237767;48.268687292141
10;611;1;2.36516719848808;0.0116430961287625;49.1429071687696
10;616;1;2.38064907991158;0.0117557790487083;50.0262963985037
10;621;1;2.39602255915837;0.0118687855963638;50.9188669025152
10;626;1;2.41128761037717;0.0119821152999531;51.8206502744189
10;631;1;2.42644415792989;0.0120957646735819;52.7316649008595
10;636;1;2.44149229501688;0.0122097320531705;53.6519366889597
10;641;1;2.45640393886871;0.0123240104993461;54.5814681375008
10;646;1;2.47123583022096;0.0124385997287456;55.52029132069
10;651;1;2.48595920885849;0.0125534952656965;56.4684185429994
10;656;1;2.50057407389215;0.012668690979257;57.4258538298617
10;661;1;2.5150803927671;0.0127841845580414;58.3926178016512
10;666;1;2.52947821511059;0.012899970624852;59.3687166478301
10;671;1;2.54376751332085;0.0130160457711998;60.354164940169
10;676;1;2.55794828730809;0.0131324043109536;61.3489661369636
10;681;1;2.57202051894453;0.0132490422789043;62.3531310065178
10;686;1;2.5859841993806;0.0133659521851681;63.3666530566597
10;691;1;2.59983934269736;0.0134831326983278;64.3895541663925
10;696;1;2.61358591304001;0.0136005758757237;65.4218242281435
10;701;1;2.62722395666655;0.0137182775676308;66.4634704091014
10;706;1;2.64075344256506;0.0138362315181709;67.5144890237652
10;711;1;2.65417433530762;0.01395443257876;68.5748809605595
10;716;1;2.66748667700262;0.0140728762095444;69.644649406469
320;484;1;1.9712545393266;0.00916459815950103;0.8679846012142
320;486;1;1.97808662437009;0.00920504872431452;0.87662196695158
320;488;1;1.98491182872157;0.00924555297368487;0.885295500615148
320;490;1;1.99172887025948;0.00928611040395116;0.894005329969845
320;492;1;1.99853901804116;0.009326721123829;0.902751637307498
320;494;1;2.00534006927447;0.00936738635491941;0.911534709907491
320;496;1;2.01213363221306;0.00940810796086237;0.92035489700477
320;498;1;2.01892005660824;0.00944888285564838;0.929212061687089
320;500;1;2.02569592056509;0.00948971270752819;0.9381065275723
320;502;1;2.03246380621933;0.00953060064606405;0.947038763957202
320;504;1;2.03922252136515;0.00957154179422829;0.956008444011069
320;506;1;2.04597057386744;0.00961254003879475;0.965016108006534
320;508;1;2.05271244550487;0.00965359448765822;0.974061819357123
320;510;1;2.05944101439959;0.00969470600251525;0.98314581500476
320;512;1;2.06615827267669;0.00973587266504372;0.992268047905616
320;514;1;2.07286808723558;0.0097770975848753;1.00142897980802
320;516;1;2.07956744433732;0.00981837933103628;1.01062860917742
320;518;1;2.0862549091065;0.00985998440634115;1.01989464392081
320;520;1;2.09293186421608;0.00990183591246205;1.02921963385125
320;522;1;2.09959813561495;0.00994373881260333;1.03858363141711
320;524;1;2.10625013273454;0.00998569402401969;1.04798685909125
320;526;1;2.11289392100672;0.0100277001624968;1.05742929673593
320;528;1;2.11952529897856;0.0100697575905108;1.06691110480573
320;530;1;2.12614691253951;0.0101118677248769;1.07643255509044
320;532;1;2.13275241127494;0.0101540298344039;1.08599369090959
320;534;1;2.13934972176779;0.0101962458555939;1.0955948392532
320;536;1;2.14593405697775;0.0102385150201258;1.10523603752937
320;538;1;2.15250621717237;0.0102808369376246;1.11491736119179
320;540;1;2.1590657678159;0.0103232124437605;1.12463901712905
320;542;1;2.16561042689005;0.0103656424817792;1.13440122435207
320;544;1;2.17214378539889;0.0104081254174347;1.14420391912152
320;546;1;2.17866603527432;0.010450662156558;1.15404731373744
320;548;1;2.18517398261683;0.010493254606896;1.16393173224829
320;550;1;2.19166937176437;0.010535900086943;1.17385699001575
320;552;1;2.19815179166503;0.0105786011366519;1.18382348033321
320;554;1;2.20461960593922;0.010621354956254;1.19383100025187
320;556;1;2.21107702181917;0.0106641658581721;1.20388014318772
320;558;1;2.21751810814646;0.0107070316558884;1.2139707731758
320;560;1;2.22394799540954;0.0107499524954516;1.22410301460728
320;562;1;2.23036260673396;0.0107929278938073;1.23427691928491
320;564;1;2.23676369883126;0.0108359591781322;1.24449274506922
320;566;1;2.24315241377083;0.0108790452631602;1.25475047329975
320;568;1;2.24952713968116;0.0109221862491054;1.26505021966112
320;570;1;2.25588474249404;0.0109653846063737;1.27539237489699
320;572;1;2.26223218050186;0.011008636840742;1.28577663711584
320;574;1;2.26856509909691;0.0110519465930193;1.29620353368087
320;576;1;2.27488220799635;0.0110953109432633;1.30667282563758
320;578;1;2.28118649138275;0.0111387311147579;1.31718475759248
320;580;1;2.28747544197653;0.0111822065646553;1.3277393661219
320;582;1;2.29375082464789;0.0112257384929413;1.33833689385666
320;584;1;2.30001166197498;0.0112693239351397;1.34897708659135
320;586;1;2.30625880595495;0.0113129664745704;1.35966047071356
320;588;1;2.31249067556096;0.0113566667234895;1.3703872203976
320;590;1;2.31870599873621;0.0114004210702668;1.3811569986721
320;592;1;2.32490958264027;0.0114442288447428;1.39196981880243
320;594;1;2.33109772498374;0.0114880948572772;1.40282636144008
320;596;1;2.33727067736075;0.0115320154614778;1.41372627920867
320;598;1;2.34342960194274;0.0115759905916018;1.42466965787172
320;600;1;2.34957384109223;0.0116200219706132;1.43565680354912
320;602;1;2.35570213385128;0.0116641083582441;1.44668765763534
320;604;1;2.36181746231152;0.0117082508115407;1.45776244469595
320;606;1;2.36791432933635;0.0117524469234791;1.46888095788833
320;608;1;2.37399693006672;0.0117966977297091;1.48004341723902
320;610;1;2.3800670336256;0.0118410037649831;1.49124998122591
320;612;1;2.38612096681539;0.0118853648995098;1.50250072490505
320;614;1;2.39215838732767;0.0119297809922398;1.51379572123519
320;616;1;2.39818106805032;0.0119742507560241;1.52513489652069
320;618;1;2.40418927052156;0.012018773358794;1.53651823239949
320;620;1;2.41018174838172;0.0120633517936311;1.54794619938053
320;622;1;2.41615846455851;0.0121079834024684;1.55941854545572
320;624;1;2.42212119136345;0.0121526679979944;1.57093533259339
320;626;1;2.42806748095483;0.0121974067628202;1.58249679978827
640;521;1;2.14325354012235;0.0102319448550597;0.48385039315516
640;522.5;1;2.14755133887392;0.0102620648716557;0.487622621234116
640;524;1;2.1518576966247;0.0102922342939803;0.491402515752399
640;525.5;1;2.15618404337891;0.0103224474951305;0.49518995015098
640;527;1;2.16051481484354;0.0103527064444934;0.498985154652221
640;528.5;1;2.16485408272377;0.0103830097996176;0.502788196856908
640;530;1;2.16920725851865;0.0104133588407775;0.506599266905089
640;531.5;1;2.17356097790724;0.010443752248273;0.510418425353277
640;533;1;2.17793008768479;0.0104741897556356;0.514245779788086
640;534.5;1;2.18229996927458;0.0105046704012016;0.518081399935384
640;536;1;2.18668212744319;0.0105351951867403;0.521925448750892
640;537.5;1;2.19106604061389;0.0105657644187527;0.52577805243645
640;539;1;2.19545589720723;0.01059637556949;0.529639192886245
640;540.5;1;2.19985388559267;0.0106270289637839;0.533508990189229
640;542;1;2.20425291833451;0.0106577256286735;0.537387597465695
640;543.5;1;2.2086585405263;0.0106884646807941;0.541275069440001
640;545;1;2.21306702737637;0.0107192453876652;0.545171465292826
640;546.5;1;2.21747798935636;0.0107500681152593;0.549076897330193
640;548;1;2.22189302942354;0.0107809339138427;0.552991511030998
640;549.5;1;2.22630914773216;0.0108118390542904;0.556915204442519
640;551;1;2.23072797331437;0.0108427880362591;0.560848295959588
640;552.5;1;2.23515048146096;0.0108737765891475;0.564790650339055
640;554;1;2.23957306544826;0.0109048057703329;0.568742404638728
640;555.5;1;2.24399934816732;0.0109358771142584;0.572703719978406
640;557;1;2.24842706025432;0.0109669887803411;0.576674579560099
640;558.5;1;2.25284873062545;0.0109981423224042;0.580655142530044
640;560;1;2.2572791047318;0.0110293346798829;0.584645323126273
640;561.5;1;2.26170551058454;0.0110605662801618;0.588645217048985
640;563;1;2.26613160847536;0.0110918393459843;0.592655014783869
640;564.5;1;2.27056104857069;0.0111231525900447;0.596674718953068
640;566;1;2.27498384438301;0.0111545052496659;0.600704357942927
640;567.5;1;2.27940756348481;0.0111858971968122;0.604743992459089
640;569;1;2.28383068143899;0.0112173295044101;0.608793746978779
640;570.5;1;2.28825362745663;0.0112487990545275;0.612853517297296
640;572;1;2.29267489742821;0.0112803092955941;0.616923554511205
640;573.5;1;2.29709429050371;0.0113118583145566;0.6210038170885
640;575;1;2.30151032349516;0.0113434465819668;0.625094392127144
640;576.5;1;2.30592989472452;0.0113750751705953;0.629195399337759
640;578;1;2.31034122775665;0.0114067403739723;0.633306692920646
640;579.5;1;2.31475444446726;0.011438444459093;0.637428455877368
640;581;1;2.31915909219635;0.0114701855136566;0.641560638340635
640;582.5;1;2.32356592325587;0.0115019670018336;0.645703489746954
640;584;1;2.32796707677898;0.0115337852168822;0.64985685742575
640;585.5;1;2.33236432556475;0.0115656436242891;0.654020990355463
640;587;1;2.33676199627572;0.011597537333632;0.658195665269306
640;588.5;1;2.34115737825398;0.011629470994187;0.662381197425719
640;590;1;2.34554203362642;0.0116614415110978;0.666577462411202
640;591.5;1;2.34993178038338;0.0116934481406244;0.670784467380675
640;593;1;2.35431054172002;0.0117254938038299;0.675002429104176
640;594.5;1;2.35869029647844;0.0117575753320125;0.679231214186897
640;596;1;2.36306264325673;0.0117896950240841;0.683471002926637
640;597.5;1;2.3674331852157;0.0118218515900864;0.687721768015662
640;599;1;2.37179862587753;0.0118540442749857;0.691983511664881
640;600.5;1;2.37616012087646;0.0118862753904499;0.69625641446902
640;602;1;2.3805162912199;0.0119185405713936;0.700540265813643
640;603.5;1;2.38486639826312;0.0119508439335304;0.704835351152025
640;605;1;2.38921413447556;0.0119831835503062;0.709141601079319
640;606.5;1;2.39355749670124;0.0120155586465836;0.713459012444105
640;608;1;2.39789133485122;0.0120479703882502;0.717787696562854
640;609.5;1;2.40222754748234;0.012080417999423;0.722127649071099
640;611;1;2.40655467911169;0.0121129020043472;0.726478942438811
640;612.5;1;2.41087327783708;0.012145421618738;0.73084157030468
640;614;1;2.41519081332054;0.0121779767074334;0.73521556437983
640;615.5;1;2.41950404564776;0.0122105659892729;0.739600886375146
640;617;1;2.4238084906463;0.0122431911398383;0.74399767619857
640;618.5;1;2.42810784067197;0.012275852026362;0.74840596438315
640;620;1;2.43240138770465;0.0123085485142609;0.752825780804859
640;621.5;1;2.43669030816597;0.012341278656877;0.757257043616243
640;623;1;2.4409713922512;0.0123740441251243;0.761699891706127
640;624.5;1;2.44524832624005;0.0124068436464341;0.766154283104829
640;626;1;2.44952103464472;0.0124396782155746;0.770620314908332
640;627.5;1;2.45378381876787;0.0124725476889835;0.775098013868382
960;547;1;2.28119603078858;0.0111355657193554;0.343957667769502
960;548.1;1;2.28347101974843;0.0111562766186072;0.346049232057934
960;549.2;1;2.28577219268767;0.0111770382802415;0.348141364719513
960;550.3;1;2.28809840741036;0.0111978550560033;0.35023432412414
960;551.4;1;2.2904464373966;0.0112187212143522;0.352328050335478
960;552.5;1;2.29283127194254;0.0112396394112409;0.354422741267518
960;553.6;1;2.29522946913742;0.0112606064544911;0.356518407521872
960;554.7;1;2.29765077116395;0.0112816232852379;0.358615186113048
960;555.8;1;2.30009745214138;0.0113026878676503;0.360713116333203
960;556.9;1;2.30256014889951;0.0113237994286396;0.362812273857967
960;558;1;2.30504652043393;0.0113449590049833;0.364912789282826
960;559.1;1;2.30754942074568;0.0113661635408188;0.367014658793276
960;560.2;1;2.31007337584236;0.0113874128961352;0.369117968911876
960;561.3;1;2.31261028269721;0.0114087064019883;0.37122278634639
960;562.4;1;2.31516472265001;0.0114300457583653;0.373329252422291
960;563.5;1;2.31773497903359;0.011451425651343;0.375437277027898
960;564.6;1;2.32032355662287;0.0114728496061622;0.377547056092847
960;565.7;1;2.32292460566136;0.0114943158229654;0.379658609258119
960;566.8;1;2.32553650860672;0.011515822603719;0.381771956617387
960;567.9;1;2.32816601048098;0.0115373711100888;0.383887210632555
960;569;1;2.33080943239262;0.0115589591043755;0.386004368931558
960;570.1;1;2.3334693665379;0.0115805872179094;0.388123522413067
960;571.200000000001;1;2.33612767183445;0.0116022543821401;0.390244703374066
960;572.300000000001;1;2.33880980985946;0.0116239606932812;0.392367981252094
960;573.400000000001;1;2.34149562551336;0.0116457051084321;0.394493385345833
960;574.500000000001;1;2.34419296434189;0.0116674877554418;0.396620982717754
960;575.600000000001;1;2.34691169991512;0.0116893081985742;0.398750819788277
960;576.700000000001;1;2.34962667519705;0.0117111636380843;0.400882860426597
960;577.800000000001;1;2.35235399281075;0.0117330578255616;0.403017290841281
960;578.900000000001;1;2.35509428359982;0.0117549885711094;0.405154092910474
960;580.000000000001;1;2.35783998949065;0.0117769536937607;0.40729324651898
960;581.100000000001;1;2.36059997722049;0.011798954606263;0.409434854011697
960;582.200000000001;1;2.36335752959141;0.0118209903452367;0.411578934485142
960;583.300000000001;1;2.36612868456267;0.0118430617402945;0.413725568085657
960;584.400000000001;1;2.36890800241072;0.0118651660546449;0.415874709245232
960;585.500000000001;1;2.37169517051822;0.0118873065354809;0.418026520499837
960;586.600000000001;1;2.37448785397941;0.0119094780692345;0.420180869887491
960;587.700000000001;1;2.37728779880847;0.0119316845127717;0.422337939621172
960;588.800000000001;1;2.38008863971891;0.0119539249620676;0.424497743672034
960;589.900000000001;1;2.38290126413284;0.0119761967093112;0.426660230412187
960;591.000000000001;1;2.38571932087599;0.011998500061377;0.428825453829235
960;592.100000000001;1;2.38853851771487;0.0120208377112733;0.430993552744698
960;593.200000000001;1;2.39136266035475;0.0120432045916864;0.433164387254018
960;594.300000000001;1;2.3941935272918;0.0120656052039829;0.435338159592501
960;595.400000000001;1;2.39702786305584;0.0120880362931587;0.437514792523118
960;596.500000000001;1;2.39987148023443;0.0121104993932223;0.43969438045622
960;597.600000000001;1;2.40271611415543;0.0121329918245871;0.441876864307522
960;598.700000000001;1;2.40556557818062;0.0121555139499745;0.44406229422138
960;599.800000000001;1;2.40841465829752;0.0121780691221855;0.44625082939017
960;600.900000000001;1;2.41126717426446;0.0122006510684909;0.448442276051226
960;602.000000000001;1;2.41412593405444;0.0122232644033644;0.45063683837609
960;603.100000000001;1;2.41699373802472;0.0122459076381703;0.452834496288667
960;604.200000000001;1;2.41985941768609;0.0122685799997514;0.455035254981621
960;605.300000000001;1;2.42272082322686;0.0122912799992237;0.457239092093042
960;606.400000000001;1;2.42559671493495;0.0123140104848515;0.459446145856893
960;607.500000000001;1;2.42847098592644;0.0123367688031511;0.461656349332578
960;608.600000000001;1;2.43134547556348;0.0123595565446806;0.463869793157462
960;609.700000000001;1;2.43422003517277;0.0123823716947378;0.466086432443154
960;610.800000000001;1;2.43710244790899;0.0124052146896735;0.468306313440769
960;611.900000000001;1;2.43998165987833;0.0124280864921849;0.470529502030883
960;613.000000000001;1;2.44286446644111;0.0124509832894934;0.47275588271685
960;614.100000000001;1;2.44575072322154;0.0124739084972345;0.474985613122115
960;615.200000000001;1;2.44863436787166;0.0124968632246727;0.477218763836239
960;616.300000000001;1;2.45152021111338;0.0125198417175306;0.479455142648479
960;617.400000000001;1;2.45441304787988;0.0125428487071327;0.481694957115491
960;618.500000000001;1;2.45730683235634;0.0125658822053942;0.483938157652781
960;619.600000000002;1;2.46019554476553;0.0125889431852837;0.486184807769717
960;620.700000000002;1;2.46308399557917;0.0126120291685174;0.488434837345181
960;621.800000000002;1;2.465980905078;0.0126351398092666;0.490688257625195
960;622.900000000002;1;2.46887143321719;0.0126582787299165;0.492945233871126
960;624.000000000002;1;2.47176724485527;0.0126814426249885;0.495205662007452
960;625.100000000002;1;2.47465745533724;0.0127046326591992;0.497469611229103
1280;566;1;2.41111569774235;0.0119665943093046;0.266957237153547
1280;567.4;1;2.41200813883917;0.011989278913037;0.269216410981481
1280;568.8;1;2.41305025176206;0.0120121711374075;0.271471330556972
1280;570.2;1;2.41420409063398;0.0120352649948852;0.273722447805018
1280;571.6;1;2.41549454738403;0.0120585485859005;0.275970043634476
1280;573;1;2.41690027265851;0.0120820187736505;0.278214564393689
1280;574.4;1;2.41840819136566;0.0121056646171204;0.280456246703017
1280;575.8;1;2.42001479484804;0.0121294820818175;0.282695457042436
1280;577.2;1;2.42171851789548;0.0121534669678254;0.284932532751572
1280;578.6;1;2.42351079397939;0.0121776100607242;0.287167669335834
1280;580;1;2.42538792835584;0.0122019078465052;0.289401172792005
1280;581.4;1;2.42734363999437;0.0122263553248244;0.291633293540512
1280;582.8;1;2.42937640199961;0.0122509465594963;0.293864239951267
1280;584.2;1;2.43147326911832;0.0122756783112492;0.296094266558802
1280;585.6;1;2.43364208299691;0.0123005469431721;0.298323601915665
1280;587;1;2.43586901028557;0.0123255460880109;0.300552392450768
1280;588.4;1;2.43816230775432;0.0123506743392786;0.302780890155271
1280;589.8;1;2.44050285954579;0.0123759281105412;0.3050092806904
1280;591.2;1;2.44290363486721;0.0124013021982029;0.307237696682179
1280;592.6;1;2.44535173768179;0.0124267933620333;0.309466306565474
1280;594;1;2.44785175625697;0.012452400317126;0.31169531631038
1280;595.4;1;2.45038976508112;0.012478118928904;0.313924850388861
1280;596.8;1;2.45297778370652;0.0125039476031578;0.316155086807206
1280;598.199999999999;1;2.45560077739907;0.0125298806743698;0.318386091227129
1280;599.599999999999;1;2.45827378315529;0.0125559185926293;0.320618075018007
1280;600.999999999999;1;2.46096786966863;0.0125820589222465;0.322851168554581
1280;602.399999999999;1;2.46371383418623;0.0126082969530016;0.325085435585596
1280;603.799999999999;1;2.46648868026062;0.0126346328432982;0.327321057272643
1280;605.199999999999;1;2.46928236215035;0.0126610638876447;0.329558134275125
1280;606.599999999999;1;2.47212431013292;0.0126875850087605;0.331796698191309
1280;607.999999999999;1;2.47497791207138;0.012714199092007;0.334036981945852
1280;609.399999999999;1;2.47786985049259;0.0127409018369821;0.336279025088487
1280;610.799999999999;1;2.48079175968817;0.0127676920647642;0.338522943000201
1280;612.199999999999;1;2.48372843779563;0.0127945674175085;0.340768814493573
1280;613.599999999999;1;2.48668987070283;0.0128215262254344;0.343016731291085
1280;614.999999999999;1;2.48967907772794;0.0128485657082152;0.345266750326902
1280;616.399999999999;1;2.49268525921055;0.0128756879400533;0.34751905429746
1280;617.799999999999;1;2.49571570124095;0.012902887820609;0.349773628636732
1280;619.199999999999;1;2.49875974956773;0.0129301650840984;0.352030584426446
1280;620.599999999999;1;2.5018275118333;0.0129575178211274;0.354289984282638
1280;621.999999999999;1;2.50491394534712;0.0129849476782188;0.356551984328793
1280;623.399999999999;1;2.50801819219521;0.0130124497468271;0.358816557604364
1280;624.799999999999;1;2.51113395750404;0.0130400245919707;0.361083823486187
1280;626.199999999999;1;2.5142659518347;0.0130676698519533;0.363353817416518
1280;627.599999999999;1;2.51740933297305;0.0130953855229839;0.365626636892863
1280;628.999999999999;1;2.52056680797306;0.0131231693231036;0.367902312971117
1280;630.399999999999;1;2.52373905161032;0.0131510213166922;0.370180939250579
1280;631.799999999999;1;2.52693015101676;0.0131789411088552;0.372462594026168
1280;633.199999999999;1;2.53012589903019;0.0132069258642997;0.374747283912015
1280;634.599999999999;1;2.53332640579934;0.013234974591496;0.377035064606681
1280;635.999999999999;1;2.5365466560942;0.0132630881440022;0.379326042065489
1280;637.399999999999;1;2.53977796238098;0.0132912637718039;0.381620217178072
1280;638.799999999999;1;2.5388375270783;0.013319500544575;0.38391764733841
1280;640.199999999999;1;2.54213257318636;0.0133477990638141;0.386218536152237
1280;641.599999999999;1;2.54543827243771;0.0133761565557472;0.388522912768674
1280;642.999999999999;1;2.54875014676703;0.0134045728882442;0.390830841999736
1280;644.399999999999;1;2.55206576623858;0.0134330490919226;0.393142421086098
1280;645.799999999999;1;2.55538940983215;0.013461580069966;0.395457566232867
1280;647.199999999999;1;2.55872000706428;0.0134901687046316;0.397776425252685
1280;648.599999999999;1;2.56205384098472;0.0135188138291404;0.400099026015312
1280;649.999999999999;1;2.56539388030148;0.013547513342134;0.402425366795853
1280;651.399999999999;1;2.56874043073507;0.0135762672403958;0.404755506233986
1280;652.799999999999;1;2.57208717222737;0.0136050748440664;0.40708948149648
1280;654.199999999999;1;2.57543776799142;0.0136339354887575;0.409427328739034
1280;655.599999999999;1;2.57879917974345;0.0136628485250228;0.411769083142162
1280;656.999999999999;1;2.58215653399051;0.0136918151414127;0.414114834099827
1280;658.399999999999;1;2.58552144351738;0.0137208317828359;0.416464526474509
1280;659.799999999998;1;2.5888850360143;0.013749897131161;0.418818170719258
1280;661.199999999998;1;2.59225429209708;0.013779014239544;0.421175909354752
1280;662.599999999998;1;2.59562761763099;0.0138081814213288;0.423537739868808
1280;663.999999999998;1;2.59900015068743;0.0138373955621948;0.425903614167938
1280;665.399999999998;1;2.60237296333956;0.0138666604794286;0.428273696032971
1600;582;1;2.5570831744295;0.0128284882372594;0.218528376604549
1600;583.2;1;2.55440968184606;0.0128418685757011;0.220298517476544
1600;584.4;1;2.55206899311619;0.0128556407250379;0.222060074098541
1600;585.6;1;2.54999651444007;0.012869786015482;0.223813657857249
1600;586.8;1;2.54820058075829;0.01288428327072;0.225559764938516
1600;588;1;2.54665547188666;0.0128991151192042;0.227298892557262
1600;589.2;1;2.54532561574578;0.0129142666234813;0.229031522497283
1600;590.4;1;2.54422267705793;0.0129297218037706;0.23075806539943
1600;591.6;1;2.54331425902531;0.0129454674231442;0.232478932516505
1600;592.8;1;2.54259689887503;0.0129614906569067;0.234194498987605
1600;594;1;2.54203505796328;0.0129777789906284;0.235905105626935
1600;595.2;1;2.54165081826942;0.0129943224159037;0.237611102286334
1600;596.4;1;2.54141259622987;0.0130111105255159;0.239312798489377
1600;597.6;1;2.54131690214109;0.0130281324257686;0.241010464013881
1600;598.8;1;2.54136090874139;0.0130453795519777;0.242704383192688
1600;600;1;2.54153855569394;0.0130628421086572;0.244394791495535
1600;601.2;1;2.54182148106478;0.0130805150601801;0.246081989349564
1600;602.4;1;2.54222395919727;0.0130983878041486;0.247766150853316
1600;603.6;1;2.5427301735426;0.0131164544116734;0.2494475170992
1600;604.8;1;2.54333054407709;0.0131347087301925;0.251126306241304
1600;606;1;2.54403101268088;0.0131531438035247;0.252802703414334
1600;607.2;1;2.54482085759958;0.0131717542049258;0.254476906483269
1600;608.4;1;2.54569725553617;0.0131905324358155;0.256149057859121
1600;609.6;1;2.54665020525008;0.0132094743043678;0.257819349352897
1600;610.8;1;2.54768495036968;0.0132285740877839;0.259487929736529
1600;612;1;2.54878832531219;0.0132478275296814;0.261154963834333
1600;613.2;1;2.54996232265882;0.0132672306158949;0.262820609679645
1600;614.4;1;2.55119247487945;0.0132867777601821;0.264484983151658
1600;615.6;1;2.55250332010625;0.0133064653726589;0.266148229183575
1600;616.8;1;2.55386234073583;0.0133262906962488;0.267810499877573
1600;618;1;2.5552796496941;0.0133462468993452;0.26947185631332
1600;619.2;1;2.55675442246816;0.0133663334013294;0.271132476543078
1600;620.4;1;2.55828414383252;0.0133865449414576;0.272792436200755
1600;621.6;1;2.55984460658274;0.0134068775962588;0.274451829893813
1600;622.8;1;2.56146639331162;0.0134273318257597;0.276110834840785
1600;624;1;2.56313462709126;0.0134478991728847;0.277769438505366
1600;625.2;1;2.56484821360875;0.0134685816249355;0.279427836509425
1600;626.4;1;2.56658993188951;0.0134893733402224;0.281086056933392
1600;627.6;1;2.56837697006931;0.0135102734682796;0.282744225332233
1600;628.8;1;2.57020221098943;0.0135312782800862;0.284402401848314
1600;630;1;2.57206314797938;0.0135523853288081;0.286060667980288
1600;631.2;1;2.57395200120933;0.0135735940780073;0.287719140703278
1600;632.4;1;2.57588162657579;0.0135949004548729;0.289377857590931
1600;633.599999999999;1;2.57784792483728;0.0136163034536325;0.291036916586809
1600;634.8;1;2.57983711794818;0.0136377986462544;0.292696338273737
1600;636;1;2.58185420177406;0.0136593870044376;0.294356254657325
1600;637.199999999999;1;2.58390683387504;0.0136810641182434;0.296016678418611
1600;638.399999999999;1;2.58048162333302;0.0137028294246965;0.297677701225733
1600;639.599999999999;1;2.58265373674684;0.0137246819086433;0.299339470435734
1600;640.8;1;2.58484438814894;0.0137466165304749;0.301002035587215
1600;641.999999999999;1;2.5870447608345;0.0137686339568968;0.302665502895394
1600;643.199999999999;1;2.58927592623979;0.013790732104182;0.304329915651679
1600;644.399999999999;1;2.59153172168435;0.013812909440468;0.305995326311081
1600;645.599999999999;1;2.59380606045901;0.0138351638136417;0.307661770767331
1600;646.799999999999;1;2.59609728569545;0.0138574937838424;0.309329297934045
1600;647.999999999999;1;2.59841073890035;0.0138798986329428;0.310997970352608
1600;649.199999999999;1;2.60073698707871;0.013902376340334;0.31266781905836
1600;650.399999999999;1;2.60306755357971;0.0139249281000368;0.314338945086615
1600;651.599999999999;1;2.60543472011382;0.0139475490090979;0.316011309918852
1600;652.799999999999;1;2.60780317798539;0.0139702396665227;0.317684996781759
1600;653.999999999999;1;2.61019308276988;0.0139929981998926;0.319360031029609
1600;655.199999999999;1;2.61260036310376;0.0140158266542555;0.321036525527748
1600;656.399999999999;1;2.61501669406492;0.0140387188907648;0.322714404149068
1600;657.599999999999;1;2.61744498252457;0.0140616763351936;0.324393761783611
1600;658.799999999999;1;2.61988641976456;0.0140846979343577;0.32607463497935
1600;659.999999999999;1;2.62234306185856;0.0141077826647263;0.327757059263527
1600;661.199999999999;1;2.624805004515;0.0141309277059913;0.329441026627192
1600;662.399999999999;1;2.62728289667009;0.0141541357403262;0.331126655610549
1600;663.599999999999;1;2.62977200170394;0.0141774028809083;0.332813910196125
1600;664.799999999999;1;2.63226422198296;0.0142007293354267;0.334502848388273
1600;665.999999999999;1;2.63477190824526;0.0142241142114958;0.336193501128156
1600;667.199999999999;1;2.63729377948799;0.0142475566399114;0.337885898531788
1920;596;1;2.74304008747457;0.0137760851827441;0.185017241833518
1920;597.1;1;2.73358337127749;0.0137776048630569;0.18659006663158
1920;598.2;1;2.72499056702049;0.0137800172767621;0.188147855805999
1920;599.3;1;2.71715006283708;0.0137832586972747;0.189691737549657
1920;600.4;1;2.70999843947998;0.0137872714403162;0.191222716757942
1920;601.5;1;2.70347451461974;0.0137920033028027;0.192741695111776
1920;602.6;1;2.69750786392741;0.0137974110907169;0.194249544225258
1920;603.7;1;2.69206292741176;0.0138034520358906;0.19574700586343
1920;604.8;1;2.68708002786699;0.0138100857944117;0.197234735282939
1920;605.9;1;2.68254205694408;0.0138172822268214;0.198713426777751
1920;607;1;2.67837921111705;0.0138250055673462;0.200183600126706
1920;608.1;1;2.67459481710755;0.0138332300591043;0.201645834851777
1920;609.2;1;2.67116311600915;0.013841927441232;0.203100599353767
1920;610.3;1;2.66801251921498;0.0138510751661967;0.204548377878301
1920;611.4;1;2.6651498165665;0.0138606495287648;0.205989577056724
1920;612.5;1;2.66256901737715;0.013870629190813;0.20742458327058
1920;613.6;1;2.66024419522552;0.0138809967099553;0.208853791323694
1920;614.7;1;2.65812490568751;0.0138917311781692;0.210277498818649
1920;615.8;1;2.65624381725786;0.0139028190177683;0.211696072532723
1920;616.9;1;2.65456529921853;0.013914245324853;0.213109822286897
1920;618;1;2.65306707269369;0.0139259914528637;0.214518965922483
1920;619.1;1;2.65176109049951;0.0139380480942595;0.215923832825639
1920;620.200000000001;1;2.65061525294547;0.0139504007984929;0.217324644646371
1920;621.300000000001;1;2.64962204556996;0.0139630371209467;0.21872162705292
1920;622.400000000001;1;2.64877936225437;0.0139759471143334;0.220115020149959
1920;623.500000000001;1;2.64807406116933;0.0139891191307624;0.221505014699941
1920;624.600000000001;1;2.64750761415574;0.0140025451262631;0.222891837313788
1920;625.700000000001;1;2.64706691213286;0.0140162133926216;0.224275636994426
1920;626.800000000001;1;2.64673598116108;0.0140301181987801;0.225656639893777
1920;627.900000000001;1;2.64652701986338;0.0140442488531109;0.227034976063121
1920;629.000000000001;1;2.64641232432611;0.0140585969294345;0.228410795821907
1920;630.100000000001;1;2.6464082661595;0.0140731574314419;0.229784290615594
1920;631.200000000001;1;2.64649600207805;0.0140879227482878;0.231155596055139
1920;632.300000000001;1;2.64666853970577;0.014102885613082;0.232524840407819
1920;633.400000000001;1;2.64693281108839;0.0141180397047469;0.233892155411135
1920;634.500000000001;1;2.64728573249266;0.0141333790162757;0.235257666778628
1920;635.600000000001;1;2.64770418288211;0.0141488984579054;0.236621505004642
1920;636.700000000001;1;2.64821156450808;0.0141645913456452;0.237983764072534
1920;637.800000000001;1;2.64878637419104;0.0141804525591806;0.239344554643039
1920;638.900000000001;1;2.64248966930634;0.0141964787709725;0.240704023961686
1920;640.000000000001;1;2.64328963329102;0.0142126637967466;0.242062345865855
1920;641.100000000001;1;2.64414663436902;0.0142290005802628;0.243419588305387
1920;642.200000000001;1;2.64505362979799;0.0142454873381981;0.244775883499653
1920;643.300000000001;1;2.64602147784357;0.0142621218420864;0.246131349927045
1920;644.400000000001;1;2.64704005668233;0.0142788959380346;0.247485997474288
1920;645.500000000001;1;2.64810605509193;0.0142958077271786;0.248839937539764
1920;646.600000000001;1;2.64922618337101;0.0143128549413674;0.25019326983393
1920;647.700000000001;1;2.65038414438722;0.0143300310576927;0.251546014284217
1920;648.800000000001;1;2.6515846672246;0.0143473346167511;0.252898273962679
1920;649.900000000001;1;2.65283360882248;0.0143647655998472;0.254250173036654
1920;651.000000000001;1;2.65411941313538;0.0143823160402748;0.255601690633915
1920;652.100000000001;1;2.65544265431742;0.0143999836877556;0.256952901990425
1920;653.200000000001;1;2.65680722134501;0.0144177693958425;0.258303933890936
1920;654.300000000001;1;2.65821053440201;0.0144356668350878;0.259654780914574
1920;655.400000000001;1;2.65964252843424;0.0144536752425827;0.261005533263183
1920;656.500000000001;1;2.66110298001515;0.0144717921283069;0.262356246666377
1920;657.600000000001;1;2.66260678518513;0.0144900132685295;0.26370694178875
1920;658.700000000001;1;2.66412580381628;0.0145083381725276;0.26505770362828
1920;659.800000000001;1;2.66569326852678;0.0145267627834182;0.266408549089577
1920;660.900000000001;1;2.66727478750178;0.0145452885959085;0.267759593702583
1920;662.000000000001;1;2.66888219488488;0.0145639098799743;0.269110817581342
1920;663.100000000001;1;2.67052300850483;0.0145826253068566;0.270462278653775
1920;664.200000000001;1;2.67219089441869;0.0146014340822536;0.271814042299957
1920;665.300000000001;1;2.67387641367571;0.0146203343284537;0.273166151398839
1920;666.400000000001;1;2.67559143045867;0.0146393242291659;0.274518647512959
1920;667.500000000001;1;2.67732341452986;0.0146584008906097;0.27587154955924
1920;668.600000000002;1;2.67908002471709;0.0146775619238487;0.277224883410996
1920;669.700000000002;1;2.68085096611958;0.0146968082035546;0.278578734439077
1920;670.800000000002;1;2.68264814835019;0.0147161374423218;0.279933126450265
1920;671.900000000002;1;2.68446345625672;0.0147355469643421;0.281288073638473
1920;673.000000000002;1;2.68629829592224;0.0147550364018393;0.282643632173892
1920;674.100000000002;1;2.68814780163333;0.0147746031749876;0.283999814147909
2240;609;1;3.00307791205188;0.0148689121827911;0.161033740731809
2240;610;1;2.97926812964488;0.0148512420828763;0.162488005423336
2240;611;1;2.957954869054;0.0148356722294528;0.1639179320661
2240;612;1;2.93876660902221;0.0148219946096739;0.165325793847208
2240;613;1;2.92141053722888;0.0148100335519761;0.166713581362052
2240;614;1;2.90568221806156;0.0147996382319625;0.168083037728733
2240;615;1;2.89135096622218;0.0147906732195452;0.169435643440447
2240;616;1;2.87828643894892;0.0147830262624334;0.170772777532253
2240;617;1;2.86633372881169;0.0147765911492879;0.172095579996039
2240;618;1;2.85535581249534;0.0147712816032772;0.173405158761524
2240;619;1;2.84526020955907;0.0147670153316663;0.174702443675122
2240;620;1;2.83598924088909;0.0147637203558849;0.175988291231912
2240;621;1;2.8274271039199;0.0147613314925543;0.177263469731566
2240;622;1;2.81952524279875;0.0147597915299812;0.178528695525769
2240;623;1;2.81222209577727;0.0147590466437241;0.179784596620836
2240;624;1;2.80547788018421;0.0147590494826433;0.181031765504912
2240;625;1;2.79922612328346;0.0147597569783161;0.182270746343468
2240;626;1;2.79343218768186;0.0147611281823942;0.183502019722181
2240;627;1;2.78805840628797;0.0147631271405815;0.184726047954619
2240;628;1;2.78309126047519;0.014765720327753;0.185943252136342
2240;629;1;2.77846669422787;0.0147688774423794;0.187154029540786
2240;630;1;2.77419613340403;0.0147725688775935;0.188358728192003
2240;631;1;2.77023553273763;0.0147767694242007;0.189557699493738
2240;632;1;2.76656483296411;0.0147814541095774;0.190751250499085
2240;633;1;2.76316876287514;0.014786600270491;0.19193967466442
2240;634;1;2.76002947370587;0.0147921868255861;0.193123246555568
2240;635;1;2.75713207938455;0.0147981928959015;0.194302207281029
2240;636;1;2.7544461651031;0.0148046032013236;0.195476838453194
2240;637;1;2.75197082303654;0.0148113969685219;0.196647319323652
2240;638;1;2.74968929875077;0.014818562369919;0.197813919627771
2240;639;1;2.73898966690052;0.0148260797239104;0.19897680557072
2240;640;1;2.73720985838631;0.0148339352095502;0.200136268767569
2240;641;1;2.73558051538964;0.0148421143114855;0.201292477224565
2240;642;1;2.73410252660436;0.0148506077021623;0.202445639592167
2240;643;1;2.73277867258819;0.0148594006844962;0.203595873306158
2240;644;1;2.73158477333839;0.0148684858953721;0.20474337876996
2240;645;1;2.73052334667557;0.0148778486955382;0.205888240706324
2240;646;1;2.72957139913057;0.0148874798551449;0.207030603007462
2240;647;1;2.72873917153164;0.0148973730923568;0.208170637026348
2240;648;1;2.72801951398495;0.0149075165520046;0.209308423687558
2240;649;1;2.72740431698425;0.0149179036840901;0.210444105793302
2240;650;1;2.72689123141644;0.0149285259206489;0.211577786646657
2240;651;1;2.72647550869858;0.014939376323132;0.212709581912549
2240;652;1;2.72613796243155;0.0149504458841167;0.21383956780303
2240;653;1;2.72589589141208;0.0149617295842899;0.214967867939267
2240;654;1;2.72573597850871;0.0149732184532322;0.216094540528585
2240;655;1;2.72565187831903;0.0149849111786228;0.217219745815053
2240;656;1;2.72565338625995;0.014996796921772;0.21834349872457
2240;657;1;2.72571070892045;0.0150088724719054;0.219465917050763
2240;658;1;2.72583932864515;0.015021131232284;0.220587062469419
2240;659;1;2.72604945229622;0.0150335685739865;0.221707018749142
2240;660;1;2.72631064633871;0.015046180181521;0.22282586816297
2240;661;1;2.72662954042478;0.0150589594872204;0.223943653707197
2240;662;1;2.72700106087557;0.0150719037715447;0.225060469759864
2240;663;1;2.72745546188064;0.0150850075034792;0.226176363651465
2240;664;1;2.72793443137577;0.0150982670284092;0.227291405603472
2240;665;1;2.72848403125269;0.0151116796397811;0.228405675477962
2240;666;1;2.72906976724517;0.0151252390065022;0.229519193870851
2240;667;1;2.72970014060454;0.0151389432522989;0.230632044293509
2240;668;1;2.73039782582776;0.0151527888173891;0.231744280799779
2240;669;1;2.73112494968747;0.015166768621911;0.232855899448222
2240;670;1;2.73188893127117;0.0151808855198797;0.233967044769756
2240;671;1;2.7326997497744;0.0151951320187473;0.235077699083741
2240;672;1;2.73354947430422;0.0152095068886793;0.236187937521545
2240;673;1;2.73443412051416;0.0152240060279787;0.2372977876037
2240;674;1;2.73535742381789;0.0152386259238299;0.238407282667447
2240;675;1;2.73632440980692;0.0152533656630674;0.239516493726581
2240;676;1;2.73731222674607;0.0152682232805673;0.240625472776381
2240;677;1;2.73833493211599;0.0152831937139895;0.24173422023971
2240;678;1;2.73939389021836;0.015298275179677;0.24284278539015
2240;679;1;2.74048671436158;0.0153134671286313;0.243951234814152
2240;680;1;2.74158968846796;0.0153287658805329;0.245059583044351
2560;620;1;3.48254338475795;0.016241895568564;0.141560850002186
2560;621;1;3.4060845559166;0.0161776400610197;0.143157863081158
2560;622;1;3.34227828694084;0.0161209954997753;0.144699173641165
2560;623;1;3.28814898379952;0.0160707193970204;0.146193172031405
2560;624;1;3.24162820965729;0.0160258590146723;0.147646401851174
2560;625;1;3.20117936748853;0.0159856657307985;0.149064077807584
2560;626;1;3.16568703350215;0.0159495383420008;0.150450422270904
2560;627;1;3.13429428414939;0.015916988242593;0.151808930313411
2560;628;1;3.10636161128989;0.0158876113192309;0.153142522076534
2560;629;1;3.08132033149328;0.015861070012185;0.154453674126945
2560;630;1;3.05879882360892;0.0158370775313465;0.155744491353762
2560;631;1;3.03843048706871;0.0158153908667888;0.157016808181803
2560;632;1;3.01993751675084;0.0157957995077158;0.158272207947582
2560;633;1;3.00309333107242;0.0157781212846538;0.159512082650092
2560;634;1;2.98770363147149;0.0157621971111146;0.160737660442744
2560;635;1;2.97360614404521;0.0157478858962095;0.161950017943585
2560;636;1;2.96064191539048;0.015735067244332;0.163150159867298
2560;637;1;2.94870743591355;0.0157236278120411;0.164338920852848
2560;638;1;2.93769441867094;0.0157134738528633;0.165517129812455
2560;639;1;2.91685224012941;0.0157045125193827;0.166685479324607
2560;640;1;2.90766645487884;0.0156966633148716;0.16784472748918
2560;641;1;2.89914643746165;0.0156898537809047;0.168995451834726
2560;642;1;2.89124524344874;0.015684022821818;0.170138217669542
2560;643;1;2.88392420690056;0.0156791089558947;0.171273479432363
2560;644;1;2.87711649255714;0.015675062566203;0.17240172555366
2560;645;1;2.87079261510063;0.0156718307465366;0.173523323924816
2560;646;1;2.8648954485852;0.0156693693595044;0.174638662695981
2560;647;1;2.85941198533757;0.0156676404014142;0.1757481305416
2560;648;1;2.85431061352526;0.0156666029212289;0.176852022101727
2560;649;1;2.84956100026025;0.0156662237658177;0.177950664023521
2560;650;1;2.84514199717276;0.0156664699946055;0.179044335445224
2560;651;1;2.84103137715175;0.0156673121492279;0.180133309554841
2560;652;1;2.83719095911769;0.0156687205126762;0.181217814970271
2560;653;1;2.83362849525699;0.0156706709409463;0.182298106551647
2560;654;1;2.83031567109158;0.01567313681841;0.183374375879813
2560;655;1;2.82723382065534;0.0156761003420312;0.184446885629326
2560;656;1;2.82438487661878;0.0156795355490666;0.185515773837591
2560;657;1;2.82172362100826;0.0156834250343869;0.186581252056674
2560;658;1;2.81926058004736;0.0156877489855649;0.187643478740144
2560;659;1;2.81700052367703;0.015692490583738;0.188702624987811
2560;660;1;2.81489969305289;0.0156976340035638;0.189758852752293
2560;661;1;2.81295977764584;0.0157031619598997;0.190812286630782
2560;662;1;2.81116882698479;0.0157090617015158;0.191863087785476
2560;663;1;2.80955794795074;0.0157153182544591;0.192911373481489
2560;664;1;2.80805188461535;0.0157219192276131;0.193957276653104
2560;665;1;2.80670157754217;0.0157288535462658;0.195000931882374
2560;666;1;2.8054612745979;0.0157361071304431;0.196042422765449
2560;667;1;2.80433731766826;0.0157436707705589;0.197081880336432
2560;668;1;2.80335331224097;0.015751533997041;0.19811940810421
2560;669;1;2.80246040747966;0.0157596832129527;0.199155058699502
2560;670;1;2.80166441345327;0.0157681150814311;0.200189003495358
2560;671;1;2.8009743945964;0.015776816335628;0.201221278640365
2560;672;1;2.80037813845477;0.0157857802475072;0.202251993645556
2560;673;1;2.79986835981336;0.0157949974738621;0.203281215927105
2560;674;1;2.7994471801415;0.015804459609528;0.204309016401951
2560;675;1;2.79911840267619;0.0158141610669008;0.205335494551067
2560;676;1;2.79885266996469;0.0158240954095817;0.206360731766377
2560;677;1;2.79866486398312;0.0158342534004225;0.207384765874301
2560;678;1;2.79855480692197;0.0158446292184627;0.208407672432819
2560;679;1;2.79851795657495;0.0158552185101151;0.209429540237475
2560;680;1;2.79852447149188;0.0158660140438315;0.21045041435711
2560;681;1;2.79861517934673;0.0158770102760436;0.211470356402191
2560;682;1;2.79876351953989;0.0158882004552916;0.212489406495857
2560;683;1;2.79896114337048;0.0158995811904344;0.213507644507914
2560;684;1;2.79921620732595;0.015911146303086;0.214525108288225
2560;685;1;2.79953688600123;0.015922890986929;0.215541849405202
2560;686;1;2.79990181107246;0.0159348124570313;0.216557942521258
2560;687;1;2.80031642931968;0.0159469056018176;0.217573426778142
2560;688;1;2.80078621611771;0.0159591631545377;0.218588307681258
2560;689;1;2.8012843704511;0.015971585828685;0.219602696038543
2560;690;1;2.80185324982692;0.0159841655234554;0.220616578405619
2560;691;1;2.80244280718346;0.0159969007375025;0.221630028448679
2880;631;1;4.33215778269127;0.0180301099407501;0.128236632016456
2880;632;1;4.08992371124128;0.0178247509596558;0.129769891868264
2880;633;1;3.91244740202312;0.0176748007085753;0.131378554486604
2880;634;1;3.77593932828245;0.0175545245987389;0.132963426602151
2880;635;1;3.66722232775074;0.01745023502624;0.134477355045609
2880;636;1;3.57831686053459;0.0173586984467381;0.135933161192784
2880;637;1;3.50412847248944;0.0172775855614668;0.137340237680207
2880;638;1;3.44119556958157;0.0172051689225054;0.138705792331515
2880;639;1;3.37364562959682;0.0171401153766527;0.1400354450981
2880;640;1;3.32708237165683;0.017081377536006;0.141333831497991
2880;641;1;3.28622316047489;0.0170281242974672;0.142604599685818
2880;642;1;3.25009416232128;0.0169796853077372;0.143850795566455
2880;643;1;3.21794438948435;0.0169355020179305;0.145074925580695
2880;644;1;3.18914208616305;0.0168951145443458;0.146279171380217
2880;645;1;3.16321658962766;0.0168581277145291;0.147465341795015
2880;646;1;3.13974910282523;0.0168242088624674;0.148635035670164
2880;647;1;3.11844149530847;0.0167930750028516;0.14978967219549
2880;648;1;3.09902365765878;0.0167644752615531;0.150930445100468
2880;649;1;3.08126726698052;0.016738195580475;0.15205845061667
2880;650;1;3.0649871955895;0.0167140461468597;0.153174644544375
2880;651;1;3.05002255516656;0.0166918604588599;0.154279889395899
2880;652;1;3.03621372769853;0.016671488656618;0.155374938874024
2880;653;1;3.02347405578853;0.0166528006900466;0.156460504812375
2880;654;1;3.01168674410846;0.0166356762396779;0.157537194668653
2880;655;1;3.00075831886942;0.0166200139705598;0.158605624666316
2880;656;1;2.99062986212629;0.0166057136338984;0.159666272436191
2880;657;1;2.9811934278923;0.0165926910718344;0.160719637780779
2880;658;1;2.97241535301796;0.01658086646686;0.161766146536527
2880;659;1;2.96426063681609;0.0165701690856578;0.162806209612487
2880;660;1;2.95664073027724;0.016560534149706;0.163840204544474
2880;661;1;2.94952610488357;0.0165519000359866;0.164868457726277
2880;662;1;2.94287442006051;0.0165442136729175;0.165891306596969
2880;663;1;2.93669805326775;0.0165374232673786;0.166909035185082
2880;664;1;2.93088462805096;0.0165314829594661;0.167921927146348
2880;665;1;2.92547530653329;0.0165263507892735;0.168930251592746
2880;666;1;2.92039758994548;0.016521984500056;0.169934225297026
2880;667;1;2.91564310365163;0.0165183489126727;0.170934092560236
2880;668;1;2.91122555203631;0.0165154096275256;0.171930065103191
2880;669;1;2.90707370450034;0.0165131309564422;0.172922303519486
2880;670;1;2.9031827421916;0.0165114890793898;0.173911058028969
2880;671;1;2.89955275486447;0.0165104518603036;0.174896460565304
2880;672;1;2.89615951059757;0.0165099950125398;0.175878696523952
2880;673;1;2.89298552301928;0.0165100928254874;0.176857909624784
2880;674;1;2.89002523410257;0.0165107217626254;0.177834241906352
2880;675;1;2.88727574690594;0.0165118620858526;0.178807853461351
2880;676;1;2.88469556766958;0.01651349410468;0.179778884064652
2880;677;1;2.88229611131962;0.0165155962933837;0.180747433808261
2880;678;1;2.88007145826154;0.0165181512392656;0.181713629136613
2880;679;1;2.87801099029387;0.0165211437772275;0.182677604412714
2880;680;1;2.87607470165419;0.0165245566294666;0.183639455020005
2880;681;1;2.87430625850895;0.0165283745925319;0.184599284384233
2880;682;1;2.87267023489059;0.0165325820606742;0.185557177532852
2880;683;1;2.87115300764189;0.0165371672238292;0.186513249046862
2880;684;1;2.86976064630726;0.016542115930687;0.18746757520481
2880;685;1;2.86849946559253;0.016547415901922;0.188420241923052
2880;686;1;2.86734131892461;0.0165530573010879;0.189371352349193
2880;687;1;2.8662897776777;0.0165590283992302;0.190320978196428
2880;688;1;2.86534862163265;0.0165653155906104;0.191269159892199
2880;689;1;2.86448398748262;0.0165719136740721;0.192216025778195
2880;690;1;2.86374320065842;0.0165788088255341;0.19316159633081
2880;691;1;2.86306551727943;0.0165859942816792;0.194105965830636
2880;692;1;2.86247120301077;0.0165934601060643;0.195049184250899
2880;693;1;2.86196856983139;0.0166011997834267;0.195991334612551
2880;694;1;2.86155751827061;0.0166092016617029;0.196932432691284
2880;695;1;2.86120085387552;0.0166174629544308;0.197872592725431
2880;696;1;2.86092268966873;0.0166259721518241;0.198811819596013
2880;697;1;2.86072007422758;0.0166347246103234;0.199750194071562
2880;698;1;2.86058180331664;0.0166437131002202;0.200687760784129
2880;699;1;2.86050024679433;0.0166529298621736;0.201624552694836
2880;700;1;2.86047966139915;0.0166623718848789;0.202560655324238
2880;701;1;2.86052269433685;0.0166720300688129;0.20349607584253
2880;702;1;2.86061874077358;0.0166819000574678;0.204430874484473
