10;274;0;1.52809973960787;1.13344670031393;1.28989029377548
10;275.2;0;1.53344195761171;1.11240709994393;1.26734970863566
10;276.4;0;1.53877174744416;1.09194737923077;1.2454217929133
10;277.6;0;1.54408927449086;1.07204539124745;1.2240832421286
10;278.8;0;1.54946052589696;1.05268347051722;1.20331577391203
10;280;0;1.5547825824838;1.03384123980561;1.18309792415423
10;281.2;0;1.5601215003925;1.01550036085616;1.16341047172328
10;282.4;0;1.56546825033302;0.997643285596625;1.14423501856288
10;283.6;0;1.57078503670966;0.980253215714679;1.125553947728
10;284.8;0;1.57615800772761;0.963313058875239;1.1073492277659
10;286;0;1.5815015522768;0.946809443157194;1.08960703010573
10;287.2;0;1.586834919318;0.930726570687268;1.07231067130526
10;288.4;0;1.59210987354367;0.915049355470004;1.05544421600063
10;289.6;0;1.59749120953588;0.899765205122677;1.03899453843757
10;290.8;0;1.60287309116704;0.884861100700608;1.02294796243617
10;292;0;1.60818730617302;0.870324549814542;1.00729136123996
10;293.2;0;1.61354138947224;0.856143564400946;0.992012134769362
10;294.4;0;1.61884736003707;0.842305808923506;0.977097224404627
10;295.6;0;1.62415439875189;0.828801095018229;0.962536007408661
10;296.8;0;1.62952228327033;0.815618802881602;0.948317312677371
10;298;0;1.6348722708724;0.802747958036948;0.934429506831983
10;299.2;0;1.64022439664898;0.790179556510833;0.920863201160038
10;300.4;0;1.64552882957;0.777904166074994;0.907608465789943
10;301.6;0;1.65089591382751;0.765911998266137;0.894654910581022
10;302.8;0;1.65622565496925;0.754195076294505;0.881994217606416
10;304;0;1.66154827655676;0.742744316407941;0.869616735951192
10;305.2;0;1.66688424994043;0.731552349597994;0.857514781395804
10;306.4;0;1.67219319654042;0.720610737552512;0.845679380597301
10;307.6;0;1.67757727377244;0.709912026226723;0.834102676257314
10;308.8;0;1.68290416435479;0.699449661386692;0.822777834249589
10;310;0;1.68824553389712;0.689216070060724;0.811696790081603
10;311.2;0;1.69358111056648;0.679204584811889;0.80085251046269
10;312.4;0;1.6989214111751;0.669408774433262;0.790238209214752
10;313.6;0;1.7042667004107;0.659823012221112;0.779848020310265
10;314.8;0;1.70960682715682;0.650440720252801;0.769674925711581
10;316;0;1.71499419862786;0.641256127937111;0.759712831831014
10;317.2;0;1.7202722613406;0.632263667175585;0.749955857559074
10;318.4;0;1.72556636558889;0.623457964126657;0.740398325691443
10;319.6;0;1.73095068814723;0.614833828129649;0.7310347509207
10;320.8;0;1.73630991802072;0.606386246217323;0.721859834397331
10;322;0;1.7416015943329;0.598109884900136;0.712867870987542
10;323.2;0;1.74696364260228;0.590001063170249;0.704055101161006
10;324.4;0;1.75229017391442;0.582054282633446;0.695415577075329
10;325.6;0;1.75766670708815;0.57426566617157;0.68694526259747
10;326.8;0;1.76299726167504;0.566630989573517;0.678639687429525
10;328;0;1.76829239590224;0.559145719617584;0.670493990074336
10;329.2;0;1.77363838982696;0.551806368068578;0.662504541007757
10;330.4;0;1.77891675098762;0.544609109629462;0.654667288850629
10;331.6;0;1.78427915118754;0.537549826276783;0.646977811088898
10;332.8;0;1.7895957973553;0.530624960327013;0.63943233972452
10;334;0;1.79503034637121;0.523831472120814;0.632027714218123
10;335.2;0;1.80029916722091;0.517165606844607;0.624759895478827
10;336.4;0;1.80565371248702;0.510624136880426;0.617625463043321
10;337.6;0;1.81092964899051;0.504204313773513;0.610621560715015
10;338.8;0;1.81628116576274;0.497902339694201;0.603744046584931
10;340;0;1.82167584781516;0.491716030652171;0.596990718332174
10;341.2;0;1.8269253974946;0.485642159868937;0.590358095907505
10;342.4;0;1.83231840488268;0.47967761692312;0.583842824314155
10;343.6;0;1.83772220389907;0.473820435147431;0.577442926436673
10;344.8;0;1.84299147550165;0.468067323856454;0.571154800454182
10;346;0;1.84839480687754;0.462416116770031;0.564976200956551
10;347.2;0;1.85367450326573;0.456864370365315;0.558904532833086
10;348.4;0;1.85907810712262;0.451409396626351;0.552936889126252
10;349.6;0;1.86436909542162;0.446049225562606;0.547071229511169
10;350.8;0;1.86972832529871;0.440781316541523;0.541304803264801
10;352;0;1.87507686817868;0.435603819477059;0.535635695472228
10;353.2;0;1.88038059679789;0.430514334953399;0.530061305815929
10;354.4;0;1.88576513919394;0.425510833251019;0.524579477109185
10;355.6;0;1.89117396628311;0.420591342535266;0.519188113229252
10;356.8;0;1.89644651514285;0.41575423008359;0.513885527091451
10;358;0;1.9018123921341;0.4109970663375;0.508669037389655
10;359.2;0;1.90716850886125;0.406318601959705;0.50353741216639
320;298;0;1.63448343018453;0.802900742219642;0.934341863702598
320;300;0;1.64339922556859;0.782113502731786;0.911905541294157
320;302;0;1.65228624459253;0.76212353673166;0.89031694438821
320;304;0;1.66113499514312;0.742889053623941;0.869531906424253
320;306;0;1.67007824684785;0.724372949162342;0.849511426828074
320;308;0;1.67893444046127;0.706539061124015;0.830217320540595
320;310;0;1.68780609129219;0.689354690379958;0.811615193136509
320;312;0;1.69669449474074;0.672787274983852;0.793670553597736
320;314;0;1.70552816889814;0.656807982946056;0.776353059072984
320;316;0;1.71452672950445;0.641389069121835;0.75963342467343
320;318;0;1.72335758965031;0.62650439488695;0.743484049845949
320;320;0;1.73226197102903;0.612128806108029;0.727878294711455
320;322;0;1.74110401490586;0.598238611673802;0.712791059052018
320;324;0;1.74995842995324;0.584812918520758;0.698200390898375
320;326;0;1.75887988995224;0.571830065906434;0.684083251943237
320;328;0;1.76776260015909;0.559270993731151;0.670419543559886
320;330;0;1.77666102528103;0.547116344420973;0.657188654904919
320;332;0;1.78547842163811;0.535349534579681;0.644373154225204
320;334;0;1.79446584334773;0.523953180813587;0.631954510001271
320;336;0;1.80326415500346;0.512911656085436;0.619916168685873
320;338;0;1.81221376697622;0.502210145914056;0.608242431551261
320;340;0;1.82107374309656;0.491834597492067;0.596918401296086
320;342;0;1.82994388036554;0.481771671021778;0.585929930722051
320;344;0;1.83881398707997;0.472008360229593;0.575263167612795
320;346;0;1.84777476666267;0.462532328949663;0.564904968440384
320;348;0;1.85661389609821;0.453332522631582;0.554843653830985
320;350;0;1.86546656817658;0.444398088748265;0.54506769954271
320;352;0;1.87434517138877;0.435718096022228;0.535565392598598
320;354;0;1.88327372406175;0.427282770541232;0.526326351485245
320;356;0;1.89216184417492;0.419083081109564;0.517341028224836
320;358;0;1.90111356788849;0.411109852015269;0.508599619403968
320;360;0;1.90995685999654;0.403354356305584;0.500092798599795
320;362;0;1.9188771421682;0.395808544708173;0.491812005671124
320;364;0;1.92778279750414;0.388464484083997;0.483748755538923
320;366;0;1.93669787633454;0.38131511009393;0.475895578039031
320;368;0;1.94559975545201;0.374352938661848;0.468244417140454
320;370;0;1.95448907001377;0.367571550683743;0.460788485348785
320;372;0;1.96350875570995;0.360964338699612;0.453520702898232
320;374;0;1.97239925146169;0.354525001164396;0.44643431659502
320;376;0;1.98125544345632;0.348247522097751;0.439522877534364
320;378;0;1.99022166950717;0.342126774794237;0.43278100795357
320;380;0;1.99916755029185;0.336156821639133;0.426202257601652
320;382;0;2.00811782328224;0.330332596214658;0.419781228779812
320;384;0;2.01706121538958;0.324649433717661;0.413512990095411
320;386;0;2.02607148510477;0.319102294204143;0.407392089975117
320;388;0;2.03506466915517;0.31368654887187;0.401413556554223
320;390;0;2.04402914654582;0.308398116272614;0.395573077770065
320;392;0;2.05294084785662;0.303232554636337;0.389865841923954
320;394;0;2.06197284733363;0.298185953731685;0.384287680945865
320;396;0;2.07091671909049;0.293254397033147;0.378834383055245
320;398;0;2.07998364313885;0.288434282356214;0.373502107242283
320;400;0;2.08898874135989;0.283721998578876;0.36828696790554
320;402;0;2.0980323295819;0.279114080025168;0.363185235013203
320;404;0;2.10706549647911;0.274607347225616;0.358193519415618
320;406;0;2.11613939499286;0.270198457091414;0.353308188657723
320;408;0;2.12519221561101;0.26588448413396;0.348526125681838
320;410;0;2.13428802419092;0.261662608570731;0.343844325187391
320;412;0;2.14332656921735;0.257529854297984;0.339259549689645
320;414;0;2.15251215271121;0.2534834949631;0.334768862739444
320;416;0;2.16161710935338;0.249521156031186;0.330369767693762
320;418;0;2.1707442717779;0.245640059949267;0.326059211201604
320;420;0;2.17995914509717;0.241837899135363;0.321834737716298
320;422;0;2.18909603825202;0.238112217074876;0.31769367127322
320;424;0;2.19834924296964;0.23446099115453;0.313633892151401
320;426;0;2.20750059938873;0.230881932835346;0.309652905396708
320;428;0;2.21673234958914;0.227372845860736;0.305748317472874
320;430;0;2.22598123402028;0.223931929717857;0.301918246605955
320;432;0;2.23530088651788;0.2205569319976;0.298160183582344
320;434;0;2.24466696991647;0.217246287840576;0.294472527741782
320;436;0;2.25400243253877;0.213997993489672;0.290853068090573
320;438;0;2.26337422724349;0.210810217433866;0.287299807830105
320;440;0;2.27278407099494;0.207681473628836;0.283811203875144
640;305;0;1.66519405783152;0.73369137743283;0.859341746538101
640;308;0;1.67849782022415;0.706684138409982;0.830132700683998
640;311;0;1.69172819892885;0.681137049888204;0.802478639716033
640;314;0;1.70506374379801;0.65694716280232;0.77627116515177
640;317;0;1.71840558794874;0.634018170442564;0.751408520017372
640;320;0;1.73176777187103;0.61226265182431;0.727798348140559
640;323;0;1.74509016752432;0.591601084358908;0.705356651957282
640;326;0;1.7583536160278;0.571960067059092;0.684005788187185
640;329;0;1.77171114361229;0.553272232992012;0.663674454021732
640;332;0;1.78491769490739;0.535475669932006;0.644297081936186
640;335;0;1.79826884259154;0.518513400282101;0.625813295485225
640;338;0;1.81161618912414;0.502333298920086;0.608167885753481
640;341;0;1.82486256012608;0.486886872422743;0.591309405102757
640;344;0;1.83817652886508;0.472128636672522;0.575189463971818
640;347;0;1.8515172735606;0.458017910773361;0.559764967804988
640;350;0;1.86478609247757;0.444516328532091;0.544995146621134
640;353;0;1.87810983515312;0.431587729712459;0.530841455169246
640;356;0;1.89143489260769;0.41919947596531;0.517269229358958
640;359;0;1.90476399141724;0.407320937266737;0.504245872447408
640;362;0;1.91809988841195;0.395923370399776;0.491740735071661
640;365;0;1.93139857584899;0.384980040736466;0.47972529632808
640;368;0;1.94476796002851;0.374466536947337;0.468173589898846
640;371;0;1.9581054021654;0.364359375892601;0.457060494176916
640;374;0;1.97150824243564;0.354637331521823;0.446363416784461
640;377;0;1.98481257777948;0.345279913711486;0.436060414051794
640;380;0;1.99821208164605;0.33626839552795;0.426131501793388
640;383;0;2.01158990986079;0.327585051581813;0.416557718434859
640;386;0;2.02504578946022;0.319213282933028;0.407321300207381
640;389;0;2.03840004990772;0.311137364397873;0.398405376649595
640;392;0;2.05183838608819;0.303343073124783;0.389794792280087
640;395;0;2.06531540421472;0.295816373620602;0.381474439588959
640;398;0;2.07879719710414;0.288544582162906;0.37343076530401
640;401;0;2.09229917104147;0.281515461354884;0.365650620790635
640;404;0;2.10578686457639;0.274717508215833;0.358121643526781
640;407;0;2.11926304491303;0.268140047177556;0.350832391768817
640;410;0;2.13290801054282;0.261772878714951;0.343771898797395
640;413;0;2.14652358473479;0.255606400674833;0.336929840440133
640;416;0;2.16012533098575;0.249631682816129;0.330296644555965
640;419;0;2.173806273924;0.243839933945604;0.323862796412366
640;422;0;2.18748062124344;0.23822321791139;0.317619793292146
640;425;0;2.20124243082827;0.232773807920062;0.311559298747064
640;428;0;2.21497965744446;0.227484408868849;0.305673443597626
640;431;0;2.22885246112576;0.222348127928755;0.299954794472065
640;434;0;2.24276167566593;0.217358541804137;0.294396452646753
640;437;0;2.25664621722879;0.212509379818274;0.288991632956751
640;440;0;2.27070831483193;0.207794709178574;0.283733918252799
640;443;0;2.28472943344702;0.203208914378625;0.278617237905467
640;446;0;2.29879391444175;0.198746765016328;0.273635967613019
640;449;0;2.31306757069046;0.194403131879494;0.268784545534505
640;452;0;2.32738419794803;0.19017315490643;0.264057706196036
640;455;0;2.34173681072;0.186052230847826;0.259450469025663
640;458;0;2.35615911942494;0.182036064142883;0.254958215238708
640;461;0;2.37069917225277;0.178120355324392;0.250576256962502
640;464;0;2.38541956357935;0.174301103721323;0.246300263013776
640;467;0;2.40012622983705;0.170574444614506;0.242126035367982
640;470;0;2.4151406428274;0.166936770259276;0.238049684455218
640;473;0;2.43010629973572;0.16338458632742;0.234067430379891
640;476;0;2.4453200864672;0.159914396822495;0.230175439697946
640;479;0;2.46063045378547;0.156523111472085;0.226370413230653
640;482;0;2.47613252429942;0.153207505061386;0.222648813188125
640;485;0;2.49170330557978;0.149964580741516;0.21900738805842
640;488;0;2.50768837196029;0.146791526581153;0.215443116099243
640;491;0;2.52373358720645;0.143685571032191;0.211952998272237
640;494;0;2.54000905520848;0.140643929995505;0.20853398086144
640;497;0;2.5565909189152;0.13766409494147;0.205183384112487
640;500;0;2.57343319795274;0.13474349399668;0.201898405076918
640;503;0;2.59056142117007;0.131879726236502;0.198676468340919
640;506;0;2.60804564769167;0.12907041077953;0.195515004906091
640;509;0;2.62583456647485;0.126313202653384;0.192411478117073
640;512;0;2.64401940841643;0.123605825981144;0.189363437279725
640;515;0;2.66269607763447;0.120946106831875;0.18636857298106
640;518;0;2.68185479705111;0.118331863116977;0.183424553265398
960;295;0;1.62041360614778;0.835990101184888;0.969496456569125
960;298.5;0;1.63587301680526;0.797938278024665;0.928469562831912
960;302;0;1.6514686492752;0.762425744659743;0.890139866742632
960;305.5;0;1.66695633905672;0.729230742673157;0.854274065286521
960;309;0;1.68251329597355;0.698154991529919;0.820663394643028
960;312.5;0;1.69805391674449;0.669019039276476;0.789118549811485
960;316;0;1.71358323526315;0.641663611100135;0.759471600678003
960;319.5;0;1.72907463761864;0.615944815359749;0.731570654771005
960;323;0;1.7445855424919;0.591732447325881;0.705278102562827
960;326.5;0;1.75999271662965;0.568909876533076;0.680470721747367
960;330;0;1.77556918340129;0.547370616286231;0.657035803000947
960;333.5;0;1.79101836510294;0.527018578078981;0.634871633502523
960;337;0;1.80652898359875;0.507766090416542;0.613885289480382
960;340.5;0;1.82202951559828;0.489533785447701;0.593992648587499
960;344;0;1.83754665142019;0.472248977186814;0.575116566807037
960;347.5;0;1.85307398368765;0.455845338780329;0.55718660419644
960;351;0;1.86859341550017;0.440262258950075;0.540138351943254
960;354.5;0;1.88412054584498;0.425444548143513;0.52391317599231
960;358;0;1.89963675192963;0.411341025798559;0.508456572780986
960;361.5;0;1.9151576433361;0.397905007797611;0.493718846170836
960;365;0;1.93060559092318;0.385093818332941;0.479654585440968
960;368.5;0;1.94618359270513;0.37286743629863;0.466221049869304
960;372;0;1.96177985600404;0.36118924653895;0.453379158417394
960;375.5;0;1.97726743532384;0.350025909238328;0.44109339186519
960;379;0;1.99282868555928;0.339346171658873;0.429330355215684
960;382.5;0;2.00840869520352;0.329120946484708;0.418058915216382
960;386;0;2.02403635460194;0.31932369469535;0.407250729955416
960;389.5;0;2.03958190420959;0.30992944779315;0.3968790494567
960;393;0;2.05525773225038;0.300915052801151;0.386919059583737
960;396.5;0;2.0708843934491;0.292259179629455;0.377347927975721
960;400;0;2.08657768634798;0.28394183617505;0.368144213318267
960;403.5;0;2.10223025772399;0.275944571213332;0.359288155629897
960;407;0;2.11795955882175;0.268249629300811;0.350760603948214
960;410.5;0;2.13382229722712;0.260841164876977;0.342544620900805
960;414;0;2.1496340575419;0.253703730965635;0.334623534611321
960;417.5;0;2.16543744115452;0.246823418039477;0.3269824506689
960;421;0;2.18135345766005;0.240186629869011;0.319606660061103
960;424.5;0;2.19732439174952;0.233781237482912;0.312483183417165
960;428;0;2.2132655280828;0.227595229291199;0.305598995373503
960;431.5;0;2.22935224528686;0.221617799928084;0.298942490170999
960;435;0;2.24551391002105;0.215838517997159;0.292502384592311
960;438.5;0;2.26170524094029;0.210247715176439;0.286268253434726
960;442;0;2.27795997378925;0.204836319180458;0.280230319515398
960;445.5;0;2.29435269595169;0.19959555639957;0.274379058791753
960;449;0;2.31075936063579;0.194517287292238;0.268705668243806
960;452.5;0;2.32734927118451;0.189593792069491;0.263201784592797
960;456;0;2.34394515926912;0.184817898093748;0.257859671663845
960;459.5;0;2.36073219147169;0.18018263792959;0.252671755505285
960;463;0;2.37766863378196;0.175681471203239;0.247630940185816
960;466.5;0;2.39471296501254;0.171308247249163;0.242730566291043
960;470;0;2.41193306316447;0.167056929957832;0.237964029675649
960;473.5;0;2.42922106565372;0.162922095955285;0.233325495707476
960;477;0;2.44678413819785;0.158898336850151;0.22880905890873
960;480.5;0;2.46443486777222;0.154980513903507;0.224409109503015
960;484;0;2.48242589847403;0.151163907295604;0.220120558902256
960;487.5;0;2.50064185900056;0.147443704908521;0.215938106007156
960;491;0;2.51907882794179;0.143815635297133;0.21185716388733
960;494.5;0;2.53776310814504;0.140275293069228;0.207872881802181
960;498;0;2.55682113691825;0.136818632894861;0.203980874873889
960;501.5;0;2.57624468214793;0.133441713819064;0.200176856161032
960;505;0;2.59601551825565;0.130140700785518;0.196456643961459
960;508.5;0;2.61623130505964;0.126911914554271;0.192816243447406
960;512;0;2.63682867731889;0.123751772286558;0.189251764956796
960;515.5;0;2.65804313723955;0.120656722662155;0.185759331454704
960;519;0;2.67984014986053;0.117623369662164;0.182335275557394
960;522.5;0;2.70223662027771;0.114648371664014;0.178975995076015
960;526;0;2.72541437686366;0.111728344263598;0.175677809687031
960;529.5;0;2.74944442815166;0.108860047036254;0.172437262548561
960;533;0;2.77448505129152;0.106040144070099;0.169250757000419
960;536.5;0;2.8005362969718;0.103265340275849;0.166114783363849
960;540;0;2.82787607215097;0.100532237971303;0.163025705536077
960;543.5;0;2.85669293373879;0.097837452289419;0.159979963818352
1280;300;0;1.64220284026769;0.782574126864255;0.911636922748074
1280;303.7;0;1.65859044328097;0.746174938199395;0.872338641797805
1280;307.4;0;1.67494477338549;0.712254669573497;0.835676214034556
1280;311.1;0;1.69128196023392;0.680592075709927;0.801416683667237
1280;314.8;0;1.70775407702013;0.650988742147464;0.769350822737178
1280;318.5;0;1.72411881860545;0.623268000286536;0.739292259128762
1280;322.2;0;1.74054928663458;0.597272119285044;0.711074536797695
1280;325.9;0;1.75692466763411;0.572857597932074;0.684545843016835
1280;329.6;0;1.77328175735576;0.549897289281237;0.659571815365658
1280;333.3;0;1.78961487452558;0.528276096001902;0.636030673570715
1280;337;0;1.80595102028901;0.507888902130795;0.613810945751043
1280;340.7;0;1.82232909559709;0.488642535181381;0.592814033810618
1280;344.4;0;1.83869952285628;0.47045035804705;0.572947863824306
1280;348.1;0;1.85507865034311;0.453235459307458;0.554130902850058
1280;351.8;0;1.87146045684022;0.436926575401629;0.536287350214645
1280;355.5;0;1.88783859381751;0.421460007035342;0.519349603090065
1280;359.2;0;1.90421796988933;0.406776179516468;0.503254155524233
1280;362.9;0;1.92055691682659;0.392821773653507;0.487944319595778
1280;366.6;0;1.93689465030767;0.379547197908018;0.473367203042963
1280;370.3;0;1.95334252413106;0.366907276378761;0.459474641277651
1280;374;0;1.96972899989686;0.354860761512164;0.446222675263197
1280;377.7;0;1.98611756918223;0.343369509021712;0.43357059079745
1280;381.4;0;2.00253726900415;0.332397824305363;0.421480151927654
1280;385.1;0;2.01894489277733;0.321913627128741;0.409917130853364
1280;388.8;0;2.03546754809479;0.311886932913663;0.398849445982339
1280;392.5;0;2.0519151085185;0.302289885140881;0.38824724489974
1280;396.2;0;2.06840271684372;0.29309690787073;0.37808314489713
1280;399.9;0;2.08496111651047;0.284284171783583;0.368331590935158
1280;403.6;0;2.10154646004782;0.275829607504757;0.358968909337562
1280;407.3;0;2.11810124386061;0.267712749515658;0.349973141906573
1280;411;0;2.13466838637489;0.259914336528697;0.34132355619831
1280;414.7;0;2.15139417491013;0.252416873259813;0.333001411091638
1280;418.4;0;2.16811988123252;0.245203462950924;0.324988452084914
1280;422.1;0;2.18486426835251;0.238258879263815;0.317268346813038
1280;425.8;0;2.20163373523897;0.231568483897372;0.309825279232114
1280;429.5;0;2.21847420406004;0.225118864225169;0.302644816324906
1280;433.2;0;2.23539343514555;0.218897307577563;0.295713228592704
1280;436.9;0;2.25234691883095;0.212891959362276;0.289017719371315
1280;440.6;0;2.26939552629427;0.207091753449899;0.282546350521951
1280;444.3;0;2.28657503924305;0.201486088535871;0.276287617916202
1280;448;0;2.30386887798237;0.196065159141799;0.270230916517453
1280;451.7;0;2.32111322962444;0.190819796839988;0.264366341531931
1280;455.4;0;2.33864009359907;0.185741267643644;0.258684422695062
1280;459.1;0;2.35615254550873;0.180821192126969;0.253176022261743
1280;462.8;0;2.37390565902933;0.176051949761033;0.247832911544737
1280;466.5;0;2.39177823313478;0.171426133426883;0.242647022190393
1280;470.2;0;2.40964839578139;0.166936754832154;0.237610741848305
1280;473.9;0;2.4279549833224;0.162577272708337;0.232716966314517
1280;477.6;0;2.44622396876224;0.158341338976085;0.227958747819882
1280;481.3;0;2.46489931263593;0.154223071106328;0.22332969341967
1280;485;0;2.48356250286263;0.150216750550027;0.218823541753386
1280;488.7;0;2.50266388603142;0.14631698109739;0.21443439910214
1280;492.4;0;2.52202305090863;0.142518576706566;0.210156585530218
1280;496.1;0;2.54151633277413;0.138816641965427;0.205984761651832
1280;499.8;0;2.56149507668751;0.135206338381574;0.201913591590465
1280;503.5;0;2.58178782403635;0.131683157702037;0.197938155596701
1280;507.2;0;2.60256104632097;0.128242691223421;0.194053616944369
1280;510.9;0;2.62366661544922;0.124880595416274;0.190255175384357
1280;514.6;0;2.64536703543556;0.121592803256748;0.186538396371995
1280;518.3;0;2.6675841910231;0.118375246374451;0.182898799429155
1280;522;0;2.69044469623062;0.115223981817484;0.17933205982993
1280;525.7;0;2.71410051389649;0.112135076601568;0.175833840729072
1280;529.4;0;2.73846665002956;0.109104647923771;0.172399865383846
1280;533.1;0;2.7638378014256;0.106128918306784;0.1690260185075
1280;536.8;0;2.79020950879942;0.103203950377097;0.165707940766576
1280;540.5;0;2.81784105725824;0.100325887451037;0.162441425295384
1280;544.2;0;2.84690067201831;0.097490674419663;0.15922198926238
1280;547.9;0;2.87757344340234;0.0946942056911419;0.156045131470579
1280;551.6;0;2.91022711061148;0.0919321317917092;0.152906041952551
1280;555.3;0;2.94518250348627;0.0891998742212051;0.149799652454883
1280;559;0;2.98301685418872;0.0864924859519517;0.146720437376094
1280;562.7;0;3.02415326124542;0.0838045813123005;0.143662333708101
1600;296;0;1.62410187394323;0.825161581931011;0.957300401571582
1600;300;0;1.64181115934223;0.782727438673988;0.911548479706873
1600;304;0;1.65948143875951;0.743483294967593;0.869184450888163
1600;308;0;1.67721246120197;0.707116013552669;0.829878946847595
1600;312;0;1.69490089857457;0.673348462581178;0.793340065060749
1600;316;0;1.71265824795954;0.641935905069499;0.759309804919487
1600;320;0;1.73031497441766;0.612662617910026;0.727560696837769
1600;324;0;1.74792908702133;0.585335437964396;0.697888691639316
1600;328;0;1.76564703615852;0.559782909055957;0.670112587525671
1600;332;0;1.78327235729491;0.535851995468859;0.644070521682063
1600;336;0;1.80096335819065;0.513405769779072;0.619617555360782
1600;340;0;1.81867338330259;0.49232143441528;0.596623606847095
1600;344;0;1.83630893407942;0.472487929342135;0.574970832106535
1600;348;0;1.85399886150472;0.453806280075393;0.554554290852484
1600;352;0;1.8716143436684;0.436186190458007;0.5352780233694
1600;356;0;1.88930925017862;0.419546360873013;0.517055620721081
1600;360;0;1.90697596658749;0.40381287804458;0.499808424509765
1600;364;0;1.92466670806036;0.388919464354259;0.483465993246417
1600;368;0;1.94234103045425;0.374804358449634;0.467962376575753
1600;372;0;1.96009960632941;0.361412568502025;0.453239030162481
1600;376;0;1.97768706774863;0.348693461660727;0.43924193461136
1600;380;0;1.99543110976226;0.336600391163156;0.425921216661776
1600;384;0;2.0131468683126;0.325091308034953;0.413232012571656
1600;388;0;2.03096209238792;0.314126936330722;0.401132244994474
1600;392;0;2.04863842582776;0.303671646275412;0.389583800391064
1600;396;0;2.06640242077623;0.29369270830015;0.378551653300429
1600;400;0;2.0842495779265;0.284159709573514;0.368003177255279
1600;404;0;2.10208720954799;0.275044820793697;0.357908543147308
1600;408;0;2.11995947896641;0.266321973568797;0.348239705329587
1600;412;0;2.13782265195291;0.257967677398401;0.33897151319459
1600;416;0;2.15582424887448;0.249959578796747;0.330079874768317
1600;420;0;2.17385772690886;0.242277169965805;0.321542718840081
1600;424;0;2.1919178802054;0.234901481276122;0.313339631146158
1600;428;0;2.20994751530904;0.227814840799042;0.305451569982996
1600;432;0;2.22813747630748;0.221000776648876;0.297860766030877
1600;436;0;2.24643276539598;0.214443824297315;0.290550490772265
1600;440;0;2.26477755891685;0.208129746894695;0.283505380564776
1600;444;0;2.28311537242333;0.20204514775191;0.276710939215348
1600;448;0;2.30170990318331;0.196177508690177;0.270153611269901
1600;452;0;2.32033370765363;0.190515044274232;0.263820603193764
1600;456;0;2.33902552768917;0.185046889251899;0.257700163000793
1600;460;0;2.35790683417509;0.179762573176238;0.251780871549504
1600;464;0;2.37695255177175;0.1746525169751;0.246052349429466
1600;468;0;2.39607008284665;0.16970741990606;0.240504416656806
1600;472;0;2.41545406697946;0.164918832421134;0.235127913567012
1600;476;0;2.43502874422399;0.160278541299538;0.229913848279314
1600;480;0;2.45473277520966;0.155778865334637;0.224853827535731
1600;484;0;2.47469936259339;0.151412460324464;0.219939791378465
1600;488;0;2.49499629111593;0.14717241360633;0.215164161565415
1600;492;0;2.51548656204006;0.143052219973314;0.21051982181528
1600;496;0;2.53632699696582;0.139045520937483;0.205999747448512
1600;500;0;2.55749841310308;0.135146312036988;0.201597318865079
1600;504;0;2.57909746164578;0.131348878776601;0.197306241100116
1600;508;0;2.60115678190641;0.127647663737628;0.193120356919817
1600;512;0;2.6235616595196;0.124037334868159;0.189033759513848
1600;516;0;2.64669419150379;0.120512731607995;0.185040723809797
1600;520;0;2.67035890989826;0.117068761295786;0.181135559285116
1600;524;0;2.69463706051308;0.113700545665782;0.177312847616175
1600;528;0;2.71981979474459;0.110403212261708;0.173567135539716
1600;532;0;2.74589337690407;0.10717194447596;0.169893025254591
1600;536;0;2.77297726285926;0.104001908354598;0.166285075265009
1600;540;0;2.80128737188032;0.10088825861196;0.16273782754023
1600;544;0;2.83098973930992;0.0978260142183817;0.159245628384731
1600;548;0;2.86226674023477;0.0948100713583223;0.155802670751569
1600;552;0;2.89549714911712;0.0918350617917472;0.152402789432448
1600;556;0;2.93102519517577;0.0888952736879049;0.149039357658511
1600;560;0;2.96925890116924;0.0859845583187661;0.145705164382105
1600;564;0;3.01086206005829;0.0830961102346413;0.142392081158075
1600;568;0;3.05680048743643;0.080222276078878;0.139090774451913
1600;572;0;3.10796552963595;0.0773542060053338;0.135790144798455
1600;576;0;3.16616490491963;0.0744814304153638;0.132476621687087
1600;580;0;3.23359202620709;0.071591072283649;0.129132784793211
1920;296;0;1.62372878359438;0.825319560439634;0.957209023829062
1920;300.2;0;1.64229983911011;0.780844359065873;0.909264000349411
1920;304.4;0;1.66087163034403;0.739869293924361;0.865035528371532
1920;308.6;0;1.67940310573186;0.702033795358489;0.824144273240219
1920;312.8;0;1.6980065127959;0.667023423261289;0.786259274925728
1920;317;0;1.7165364083711;0.634560233931222;0.751087508596885
1920;321.2;0;1.73511618774303;0.604400002553659;0.718371339742086
1920;325.4;0;1.75367060780754;0.576326962509;0.687882957027302
1920;329.6;0;1.7722291069575;0.55014994640255;0.659420349566107
1920;333.8;0;1.79075639452217;0.525699119640017;0.632803899390825
1920;338;0;1.80929277337843;0.502822065969337;0.607872106959543
1920;342.2;0;1.82780179489025;0.481384627087694;0.584482981583173
1920;346.4;0;1.84630163446975;0.461264601814827;0.56250676398146
1920;350.6;0;1.86484504529573;0.442354095974738;0.5418290559575
1920;354.8;0;1.88330296532647;0.424554859661654;0.522345408108622
1920;359;0;1.90185391819767;0.407779017893305;0.503962430382442
1920;363.2;0;1.92042579187443;0.391946719259974;0.486595108607541
1920;367.4;0;1.93890836520708;0.37698628901151;0.470167173234487
1920;371.6;0;1.95742503038961;0.362831844611031;0.454608300775269
1920;375.8;0;1.97595959474443;0.349424540578926;0.439855807480344
1920;380;0;1.99450727121309;0.336710226584533;0.425851855981102
1920;384.2;0;2.01309951348867;0.324639625530981;0.412543786447677
1920;388.4;0;2.03174416747751;0.313167819681109;0.399883574927735
1920;392.6;0;2.05033813113499;0.30225379065759;0.387827346403585
1920;396.8;0;2.06893689939894;0.291859543489653;0.376334338437199
1920;401;0;2.0875851312057;0.281950940084746;0.365368050248812
1920;405.2;0;2.10620270412858;0.272495918897155;0.354894023194092
1920;409.4;0;2.12498662685126;0.263465227068326;0.344880843770111
1920;413.6;0;2.14366655587173;0.254832120931531;0.335299820758372
1920;417.8;0;2.16251806648406;0.246571494737589;0.326123897102083
1920;422;0;2.18134530355772;0.238660607462779;0.317328653158108
1920;426.2;0;2.20024706501867;0.231077825610624;0.308890690553199
1920;430.4;0;2.21920702591784;0.223803757687798;0.300789179002093
1920;434.6;0;2.23830090778031;0.216819884779293;0.293004070657932
1920;438.8;0;2.25730220752343;0.210109315949769;0.285517143515533
1920;443;0;2.27652526707053;0.203656167011545;0.278311199091254
1920;447.2;0;2.29589056640065;0.197445598274596;0.271370139206732
1920;451.4;0;2.31525039885762;0.191463975604137;0.264679216378863
1920;455.6;0;2.3348731071454;0.185698297785536;0.258224273421855
1920;459.8;0;2.35447737433491;0.180136628062881;0.251992361296553
1920;464;0;2.3742948348183;0.174767706063454;0.245971226294771
1920;468.2;0;2.39423442395765;0.16958079820064;0.240149116800917
1920;472.4;0;2.41439681567857;0.164566113645277;0.234515389237089
1920;476.6;0;2.43465193521494;0.159714123014846;0.229059563992847
1920;480.8;0;2.45521462582175;0.155016149006733;0.223772181629086
1920;485;0;2.47598636085976;0.150463695874446;0.218643860766589
1920;489.2;0;2.49707796770421;0.146048944783047;0.213666024624156
1920;493.4;0;2.51840965675177;0.141764356456723;0.208830342873178
1920;497.6;0;2.54014121272236;0.137602775768223;0.204128895813193
1920;501.8;0;2.56210273304892;0.13355738168171;0.199554115280058
1920;506;0;2.58457546964187;0.129621688288475;0.195098800960173
1920;510.2;0;2.60749815788577;0.125789382189384;0.190755890499829
1920;514.4;0;2.63090021941266;0.122054429158579;0.186518632008242
1920;518.6;0;2.65495992127999;0.118410943456881;0.182380400555856
1920;522.8;0;2.67954350711779;0.114853286448592;0.178334863879112
1920;527;0;2.70492261396289;0.111375766210248;0.174375533804267
1920;531.2;0;2.7312442295692;0.107972872023187;0.170496142320611
1920;535.4;0;2.75850629993039;0.104639087728533;0.166690369319754
1920;539.6;0;2.78666147274158;0.101368881532797;0.162951843580757
1920;543.8;0;2.81636491339235;0.0981565647292511;0.159273935875922
1920;548;0;2.84751332782507;0.0949963355706117;0.15564984946596
1920;552.2;0;2.88037720613841;0.0918820908421011;0.152072338714548
1920;556.4;0;2.91537834420595;0.0888073358888746;0.148533584302168
1920;560.6;0;2.95300159961785;0.0857650254655253;0.145024954656143
1920;564.8;0;2.99369257785711;0.0827473722348201;0.141536710216724
1920;569;0;3.03824134934516;0.0797455075232127;0.138057448915146
1920;573.2;0;3.08753395696799;0.0767490813936627;0.134573426222634
1920;577.4;0;3.14309213756934;0.0737456216818724;0.131067420140744
1920;581.6;0;3.20692582157047;0.0707195068191496;0.127516836387835
1920;585.8;0;3.28193545374116;0.0676502759440725;0.123890462901829
1920;590;0;3.37287884927066;0.0645094913172895;0.120142236298887
1920;594.2;0;3.48804792539339;0.0612544127222479;0.116198277619091
2240;300;0;1.64103817236158;0.783032062496771;0.91137128886114
2240;304.3;0;1.66007243418101;0.740953554145044;0.865962033740271
2240;308.6;0;1.67898399875071;0.702176357105007;0.824061081682456
2240;312.9;0;1.69801790967523;0.666359778179967;0.785309634895771
2240;317.2;0;1.71694710683236;0.63320793083177;0.74939607879321
2240;321.5;0;1.73594771842106;0.602459255284233;0.716044494535021
2240;325.8;0;1.75492430523701;0.573883400122331;0.685011669928589
2240;330.1;0;1.77391778644643;0.547277326285886;0.656083106029316
2240;334.4;0;1.79279513740601;0.522461098457823;0.629068548212647
2240;338.7;0;1.8117274458137;0.49927370115162;0.603797434105067
2240;343;0;1.83075836779095;0.477573249517918;0.580119562976272
2240;347.3;0;1.84965065789516;0.457231639162949;0.55789900139386
2240;351.6;0;1.86856779911699;0.438134619814186;0.537014475667523
2240;355.9;0;1.88754135465036;0.420180304712789;0.517357851723463
2240;360.2;0;1.90638323294462;0.403275691680949;0.498830116687013
2240;364.5;0;1.92542531135976;0.387338388622745;0.481343718885658
2240;368.8;0;1.94433775593997;0.372292761831914;0.464818012340341
2240;373.1;0;1.96320789189263;0.358071172213647;0.449180957133649
2240;377.4;0;1.98222214427448;0.344611685660063;0.434366425952863
2240;381.7;0;2.00113698063702;0.331858742708233;0.420315182852567
2240;386;0;2.02017690320919;0.31976086815379;0.406972124798753
2240;390.3;0;2.03908141864018;0.308271972854663;0.39428803796182
2240;394.6;0;2.05807772922143;0.297349338708495;0.382217144125834
2240;398.9;0;2.07720017022805;0.286954313442293;0.370718075470075
2240;403.2;0;2.09619475129203;0.277051105788225;0.359752413473455
2240;407.5;0;2.11528146599216;0.267607265005083;0.349285382438658
2240;411.8;0;2.13430413341443;0.258592505785329;0.339284394730463
2240;416.1;0;2.15353876432375;0.249979329961636;0.329719921109814
2240;420.4;0;2.17271343127998;0.241742120443244;0.320564363802146
2240;424.7;0;2.19200419478142;0.233857462844622;0.31179253093155
2240;429;0;2.21133030519641;0.22630359925906;0.303380963845905
2240;433.3;0;2.23068822903266;0.219060299617825;0.295307805930105
2240;437.6;0;2.25010117946765;0.212108847847545;0.28755282331044
2240;441.9;0;2.26968636674052;0.205432003440049;0.280097393441496
2240;446.2;0;2.28922997561719;0.199013433933189;0.272923768498891
2240;450.5;0;2.30899770351635;0.192838341012321;0.266015960130408
2240;454.8;0;2.32881603518681;0.186892519998164;0.259358482320234
2240;459.1;0;2.34877992197616;0.181162955133942;0.25293719378717
2240;463.4;0;2.36886449380719;0.175637369433666;0.246738703154086
2240;467.7;0;2.38912749691142;0.170304378727752;0.24075060681002
2240;472;0;2.40950540581515;0.165153170218054;0.234961059954405
2240;476.3;0;2.43008661157893;0.160173619564624;0.229358959711261
2240;480.6;0;2.4509210466775;0.155356240587526;0.223933894747574
2240;484.9;0;2.4719088395606;0.150692050047564;0.218675970418008
2240;489.2;0;2.49320132131607;0.146172499923903;0.213575726177974
2240;493.5;0;2.51482889403139;0.14178957393027;0.208624291946382
2240;497.8;0;2.536629931088;0.137535670851156;0.203813236061855
2240;502.1;0;2.55887892411828;0.133403464219223;0.199134372432582
2240;506.4;0;2.58147868952406;0.129385978623629;0.194579885981542
2240;510.7;0;2.60460340392775;0.125476541391018;0.190142276041653
2240;515;0;2.62812552861031;0.12166873999932;0.185814307370169
2240;519.3;0;2.65217794178036;0.117956330172141;0.181588884622721
2240;523.6;0;2.67691759784641;0.114333190346909;0.177458994643587
2240;527.9;0;2.70234447122164;0.110793435604483;0.173417897649859
2240;532.2;0;2.72861350488009;0.107331111684177;0.169458668042608
2240;536.5;0;2.75574269265867;0.103940373851301;0.165574486753855
2240;540.8;0;2.78391284935244;0.100615303241541;0.161758370418448
2240;545.1;0;2.8133325172604;0.0973498794438982;0.158003144009408
2240;549.4;0;2.844133626068;0.0941378374965081;0.154301228298894
2240;553.7;0;2.87662019837995;0.0909726110303587;0.150644564427593
2240;558;0;2.91118376734016;0.0878471732410034;0.147024371525008
2240;562.3;0;2.94799080201699;0.0847538469076182;0.14343084709692
2240;566.6;0;2.98773453165067;0.0816839904044911;0.139852647892648
2240;570.9;0;3.0309566229224;0.0786277111345313;0.136276396772216
2240;575.2;0;3.07854323961503;0.0755732258084296;0.132685550301923
2240;579.5;0;3.13177222679534;0.0725060364861628;0.1290588675091
2240;583.8;0;3.1922960156488;0.0694074909044242;0.125367652310161
2240;588.1;0;3.2623818483497;0.0662522225102615;0.121570690944285
2240;592.4;0;3.34630338127529;0.0630031856125221;0.117604157876738
2240;596.700000000001;0;3.4501058307508;0.0596004237589599;0.113358339571793
2240;601;0;3.58505271512517;0.0559298048946116;0.108612110070794
2240;605.3;0;3.77408781776945;0.0516948308489991;0.10276405938679
2560;298;0;1.63179519350442;0.803988763880672;0.933709164825919
2560;302.5;0;1.65169854202283;0.758293392346827;0.88443447748622
2560;307;0;1.67149348485383;0.716385823244721;0.839182219187611
2560;311.5;0;1.69137451143289;0.677854325668948;0.79751911525498
2560;316;0;1.71130423602673;0.642342462817297;0.759069857926344
2560;320.5;0;1.73104150699972;0.609539888153226;0.723507423541708
2560;325;0;1.75095478355363;0.579173038991071;0.690543016387434
2560;329.5;0;1.77072487508332;0.55100414659925;0.659925708498114
2560;334;0;1.79058716193778;0.524821205983928;0.631431199300153
2560;338.5;0;1.8103553581925;0.500439064243532;0.604863711078875
2560;343;0;1.83017026286128;0.477691853323012;0.580047431694672
2560;347.5;0;1.84991843049824;0.456433394763811;0.556827448439313
2560;352;0;1.86965259108747;0.436533194352859;0.535065306722639
2560;356.5;0;1.88943887748676;0.417874217129274;0.51463663900254
2560;361;0;1.90931080093203;0.400352359969352;0.495430829622136
2560;365.5;0;1.92898581293705;0.383873755663035;0.477347976538416
2560;370;0;1.94877485980666;0.368354328754601;0.460298580811972
2560;374.5;0;1.96859375711251;0.353717925994924;0.444201439469024
2560;379;0;1.9883791503928;0.339895880617367;0.428983287409193
2560;383.5;0;2.00819909186145;0.326825959526533;0.414577647843657
2560;388;0;2.02805029834574;0.314452027114057;0.400924563367212
2560;392.5;0;2.04783041938805;0.302722990942605;0.387969400293767
2560;397;0;2.06760815730319;0.291591956928503;0.375661887365851
2560;401.5;0;2.08752971136668;0.281016771349284;0.36395692170121
2560;406;0;2.10744231279582;0.270958290675302;0.352812443449504
2560;410.5;0;2.12737962160392;0.261381131978645;0.342190490616788
2560;415;0;2.14729947872986;0.252252848301506;0.332056216291004
2560;419.5;0;2.16735231546693;0.243543294170757;0.322377126380457
2560;424;0;2.18743297898651;0.235225263017912;0.31312398587758
2560;428.5;0;2.20752525972153;0.227273273845277;0.304269279325359
2560;433;0;2.22761288417568;0.219664000571887;0.295787831230663
2560;437.5;0;2.24793096982806;0.212375861029397;0.287656310781014
2560;442;0;2.2682681821364;0.205388876105448;0.279853088095996
2560;446.5;0;2.28871651062351;0.198684629247922;0.272358223749484
2560;451;0;2.30923611829072;0.192245882365413;0.265152984902132
2560;455.5;0;2.3298411172792;0.186056742067335;0.258220108094928
2560;460;0;2.35060109019746;0.180102321966039;0.251543368903667
2560;464.5;0;2.37146517626894;0.174368696385956;0.245107545580163
2560;469;0;2.39257450489211;0.168843031858368;0.238898633532651
2560;473.5;0;2.41379888512199;0.163513249880967;0.232903401534361
2560;478;0;2.43524225703738;0.158367882721671;0.227109207792256
2560;482.5;0;2.4567765296239;0.153396290356104;0.221504330611783
2560;487;0;2.47869095613146;0.148588502009595;0.216077767835993
2560;491.5;0;2.50087686571356;0.143934983579348;0.21081892027625
2560;496;0;2.52332504929601;0.139426794174067;0.205717836440664
2560;500.5;0;2.54607183599056;0.13505544453171;0.20076502599121
2560;505;0;2.56922838973132;0.130812807372421;0.19595134385537
2560;509.5;0;2.59278532214183;0.126691153868918;0.191268060695295
2560;514;0;2.61682375219462;0.122683050074212;0.186706725162103
2560;518.5;0;2.64136215360311;0.118781301012185;0.182259094474428
2560;523;0;2.66652677373163;0.114978997910931;0.177917223247042
2560;527.5;0;2.69231406584446;0.111269277942344;0.173673110766281
2560;532;0;2.71888916946666;0.107645475492048;0.169518949353352
2560;536.5;0;2.74636342402004;0.104100891090548;0.165446782128267
2560;541;0;2.77485478571018;0.100628821500774;0.161448565284017
2560;545.5;0;2.80446511259348;0.097222395936677;0.157515925182113
2560;550;0;2.83542800012782;0.0938745460359194;0.153640126553793
2560;554.5;0;2.86807530926662;0.0905777466076347;0.149811667668735
2560;559;0;2.90250044934272;0.0873239815935752;0.146020235872774
2560;563.5;0;2.93915125918916;0.0841043385293722;0.142254043447904
2560;568;0;2.97861590986583;0.0809087753016419;0.138499425891474
2560;572.5;0;3.02127469483432;0.0777255316117018;0.134739810072792
2560;577;0;3.06803700983786;0.0745403624022258;0.130954305907468
2560;581.5;0;3.11998778866824;0.0713352575516221;0.127115279343527
2560;586;0;3.17869901738475;0.0680861519793032;0.123183885266861
2560;590.5;0;3.24623799103439;0.0647586960212359;0.119101571216426
2560;595;0;3.32614063764948;0.0612989074357013;0.114770977712069
2560;599.5;0;3.4234797646301;0.0576088589237767;0.110005653873991
2560;604;0;3.54774061920088;0.0534584506693585;0.104347271582235
2560;608.5;0;3.71644548691467;0.0477154075465734;0.0954872776495539
2560;613;0;3.96920447936896;0.0444872629712476;0.0916332922243205
2560;617.5;0;4.42135055505791;0.0436968302291163;0.093145596855506
2880;298;0;1.63142444637481;0.804142854067588;0.933619926114937
2880;302.6;0;1.65177056612091;0.757470978757746;0.883300749003681
2880;307.2;0;1.67197630658319;0.714747341089295;0.837173363922385
2880;311.8;0;1.69228762944001;0.675534956197032;0.794778137659244
2880;316.4;0;1.71254285562351;0.639455890629505;0.755717223276924
2880;321;0;1.73279444140181;0.606180960030198;0.719643683007476
2880;325.6;0;1.75310755567021;0.575422938726416;0.686254510509766
2880;330.2;0;1.77330017393499;0.546930345901009;0.655284159041447
2880;334.8;0;1.79351071573387;0.520482272557352;0.62649914930341
2880;339.4;0;1.81375030622572;0.495883309768155;0.59969265468792
2880;344;0;1.83391794853149;0.472961905406257;0.574683104588994
2880;348.6;0;1.85411188030731;0.451564322154103;0.551307382566024
2880;353.2;0;1.87434256806183;0.431555017720924;0.529421711593479
2880;357.8;0;1.89448181755685;0.412812943990986;0.508897538037727
2880;362.4;0;1.91464113568203;0.395230021081841;0.489619993017959
2880;367;0;1.93488904274416;0.378708778496016;0.471485274517488
2880;371.6;0;1.95505853981975;0.363162560332615;0.454401162267374
2880;376.2;0;1.97522814606702;0.348513008274777;0.438284127628861
2880;380.8;0;1.99546701337644;0.334689164918802;0.423058405983331
2880;385.4;0;2.01559021460053;0.321627427816026;0.40865612353239
2880;390;0;2.03581255409107;0.309269758614767;0.395015201617193
2880;394.6;0;2.05605818093377;0.297563640180518;0.382079441312247
2880;399.2;0;2.07634868466333;0.286461617821749;0.36979807559073
2880;403.8;0;2.09656767197551;0.275919985822147;0.358124199542748
2880;408.4;0;2.11684916085742;0.265899169650367;0.347015363725876
2880;413;0;2.13719060642005;0.25636274399583;0.336432398343391
2880;417.6;0;2.15752504846364;0.247277900365638;0.326340112426772
2880;422.2;0;2.17795235215278;0.238613849096487;0.316705276605006
2880;426.8;0;2.19839257755898;0.230342730006303;0.30749788651852
2880;431.4;0;2.21892152713721;0.222438764354024;0.29869010978617
2880;436;0;2.2394718877348;0.214878379641371;0.290256511058882
2880;440.6;0;2.26010801224395;0.207639622920825;0.282173319324771
2880;445.2;0;2.28078931332543;0.200702145407511;0.274418450668422
2880;449.8;0;2.30174365349956;0.194047331536339;0.266971731419588
2880;454.4;0;2.32267748109181;0.187657732035276;0.2598141671056
2880;459;0;2.34371278755483;0.18151716699878;0.25292811804525
2880;463.6;0;2.36492041836778;0.17561069015266;0.246297287841184
2880;468.2;0;2.38626397146129;0.169924296868019;0.239906350597323
2880;472.8;0;2.40772138119121;0.164444762796764;0.233740749758203
2880;477.4;0;2.42929935055675;0.159160030597234;0.22778727386662
2880;482;0;2.45122831760824;0.154058431394105;0.222032977845326
2880;486.6;0;2.47332665250238;0.149129326291502;0.216466120793886
2880;491.2;0;2.49569167846791;0.144362501792789;0.211075323216989
2880;495.8;0;2.51829878565793;0.139748356873679;0.205849854484307
2880;500.4;0;2.54129476790346;0.135277792641944;0.200779492757216
2880;505;0;2.56457865180922;0.130942191410808;0.195854513548384
2880;509.6;0;2.58823639044518;0.126733273959083;0.191065495562273
2880;514.2;0;2.61238844584176;0.122643170920451;0.18640344429119
2880;518.8;0;2.63696491783865;0.118664219590474;0.181859502783327
2880;523.4;0;2.66212995499083;0.11478906219672;0.177425116048453
2880;528;0;2.68794499877176;0.111010472150081;0.173091782448412
2880;532.6;0;2.71446953593505;0.107321322949113;0.168851019598046
2880;537.2;0;2.74183459768428;0.103714552237043;0.164694324456614
2880;541.8;0;2.7701190286099;0.100183011131176;0.160612951942858
2880;546.4;0;2.79948133860202;0.0967194172186841;0.156597854204594
2880;551;0;2.8301090739561;0.0933162065637686;0.152639457863679
2880;555.6;0;2.8621986824309;0.0899653564374332;0.148727387376566
2880;560.2;0;2.89602273774467;0.0866581693845697;0.144850115813237
2880;564.8;0;2.93187481346884;0.0833850054424736;0.140994516076831
2880;569.4;0;2.97016090866579;0.0801348092972975;0.137145042932976
2880;574;0;3.01145702317018;0.0768944708724325;0.133282580016656
2880;578.6;0;3.05629206245304;0.0736478269150338;0.129382578418422
2880;583.2;0;3.10575446066396;0.0703739451215364;0.125411766834954
2880;587.8;0;3.16118354844425;0.0670439749979754;0.121321957416772
2880;592.4;0;3.22393652021619;0.0636148568019181;0.11703739584298
2880;597;0;3.29692531828557;0.0600143765448723;0.112424326137521
2880;601.6;0;3.38399856200663;0.05609626102312;0.107199050204361
2880;606.2;0;3.49172964455183;0.0514220693466555;0.100483280991803
2880;610.8;0;3.63166956948867;0.0451921475430043;0.0905830058284494
2880;615.4;0;3.82660769293412;0.0445345558758724;0.0919485351761143
2880;620;0;4.13065185738105;0.0437098473162365;0.0935105429568184
2880;624.6;0;4.71828579170931;0.0426439702223788;0.0953722337882609
