10;185;1;1.15888886119293;0.00520143823747359;18.9184521225985
10;192.2;1;1.18017664643821;0.00541992499416055;20.4895942171699
10;199.4;1;1.20181538073791;0.00563990999388669;22.1287597862879
10;206.6;1;1.22378927031901;0.00586020107524557;23.8317434304549
10;213.8;1;1.24608306244352;0.0060800585343466;25.5955619228303
10;221;1;1.26868224795822;0.00629906488996037;27.4182115689216
10;228.2;1;1.29157266887415;0.00651702530165679;29.2984511764471
10;235.4;1;1.31474055356049;0.00673389961777373;31.2356460685357
10;242.6;1;1.33817242602865;0.00694974712001193;33.2296143946172
10;249.8;1;1.36185506120096;0.00716469054625413;35.2805209317917
10;257;1;1.38577547652154;0.00737888408460188;37.3887601433694
10;264.2;1;1.40992077529194;0.00759250158877521;39.5549171550024
10;271.4;1;1.43427830882036;0.007805715633901;41.779669612587
10;278.6;1;1.45883539425829;0.00801869334425737;44.0637637776807
10;285.8;1;1.48357964828474;0.00823158700825037;46.4079576741574
10;293;1;1.5084986274103;0.00844453425888007;48.8130115060322
10;300.2;1;1.53358002733387;0.00865767484824296;51.279776528484
10;307.4;1;1.5588115979405;0.00887109935354675;53.8088854014469
10;314.6;1;1.58418111529581;0.0090848713415621;56.4008547120634
10;321.8;1;1.60967643631541;0.00929904929221521;59.0562049420099
10;329;1;1.63528543093106;0.00951367869742763;61.7754055317149
10;336.2;1;1.66099602902612;0.00972878868199602;64.5588431971337
10;343.4;1;1.68679618681464;0.00994439437288657;67.4068263251473
10;350.6;1;1.7126738896356;0.0101604967564113;70.319574012088
10;357.8;1;1.73861713576648;0.0103770881756573;73.2972448218088
10;365;1;1.76461390767978;0.0105941477625473;76.3398977159776
10;372.2;1;1.7906152005836;0.0108116487834123;79.4475390930738
10;379.4;1;1.81668532671321;0.0110295568069634;82.6201032740003
10;386.6;1;1.84277307100527;0.011247832755772;85.8574660769899
10;393.8;1;1.8688665126398;0.0114664280448235;89.159407085265
10;401;1;1.89495378970296;0.0116852966950182;92.5256988167538
10;408.2;1;1.9210229680553;0.0119043860326326;95.9560336171573
10;415.4;1;1.94706221267623;0.012123640660567;99.4500514727703
10;422.6;1;1.97305963077894;0.0123430043695326;103.007354024943
10;429.8;1;1.99900339459987;0.0125624220373408;106.627520116443
10;437;1;2.02488159121419;0.012781836783308;110.310082010914
10;444.2;1;2.05068241049214;0.0130011921044916;114.054542884325
10;451.4;1;2.07639401456003;0.0132204312127574;117.860371186759
10;458.6;1;2.10200453734767;0.013439498937175;121.727017672741
10;465.8;1;2.12750215894067;0.0136583420067025;125.653919155583
10;473;1;2.15287505321109;0.0138769060873797;129.640472182932
10;480.2;1;2.17811136799389;0.0140951435305554;133.686105770361
10;487.4;1;2.20319928330074;0.0143130005350542;137.790162573231
10;494.6;1;2.22812701105789;0.0145304356250999;141.952075024566
10;501.8;1;2.2528826908709;0.0147473987515616;146.171166968678
10;509;1;2.27745451656782;0.0149638498189548;150.446833830244
10;516.2;1;2.30183067750813;0.0151797517975363;154.778479468592
10;523.4;1;2.32599934866278;0.0153950585843802;159.165392859372
10;530.6;1;2.34994872945896;0.0156097411150646;163.607015315922
10;537.8;1;2.37366700464147;0.0158237600487708;168.102662439025
10;545;1;2.39714237989467;0.0160370879564628;172.651755676121
10;552.2;1;2.42036301348188;0.0162496959568549;177.253685023062
10;559.4;1;2.44331712338416;0.0164615561199583;181.907834550961
10;566.6;1;2.46599290596054;0.0166726424900946;186.613594533738
10;573.8;1;2.48837855211066;0.0168829303129159;191.370354091476
10;581;1;2.51046226344467;0.0170924067994345;196.177625589274
10;588.2;1;2.53223221646491;0.0173010460137876;201.034761353268
10;595.4;1;2.55367665348979;0.0175088333986221;205.941232785312
10;602.6;1;2.57478371686291;0.017715757127456;210.896535514936
10;609.8;1;2.59554166662166;0.0179218012032905;215.900108202996
10;617;1;2.61593865297511;0.0181269561478484;220.951459865961
10;624.2;1;2.63596292098078;0.0183312150389543;226.050125649809
10;631.4;1;2.65560265777266;0.0185345658296676;231.195572839511
10;638.6;1;2.67484604776464;0.0187370050602022;236.387370202587
10;645.8;1;2.69368130835887;0.0189385284262458;241.625073766424
10;653;1;2.71209664116966;0.0191391304046947;246.908221388784
10;660.2;1;2.73008028073478;0.0193388127043052;252.236442112305
10;667.4;1;2.74762037100807;0.0195375761977724;257.609354932033
10;674.6;1;2.7647051862956;0.0197354171306812;263.026517674513
10;681.8;1;2.78132286802685;0.0199323398882216;268.487595672125
10;689;1;2.79746167168886;0.0201283474455586;273.992237562566
10;696.2;1;2.81310978158841;0.0203234465336908;279.540145339443
460;266;1;1.50235970965952;0.00788023398695706;0.813246507954183
460;272.1;1;1.51720905274592;0.00805621875815976;0.856324672447402
460;278.2;1;1.53282108510762;0.00823215873433542;0.90022650017069
460;284.3;1;1.54909562975468;0.00840814530263663;0.944972380087168
460;290.4;1;1.5659509221216;0.00858426078064346;0.990581067973372
460;296.5;1;1.58331795340214;0.00876063917191926;1.03707705800403
460;302.6;1;1.60113894431512;0.00893795249879385;1.08455060289183
460;308.7;1;1.61936306079657;0.0091155294589256;1.13293198507655
460;314.8;1;1.63794822300258;0.00929341526234195;1.18223394188095
460;320.9;1;1.65685648628757;0.00947165329180018;1.23246886521353
460;327;1;1.67605556509596;0.00965026607671577;1.28364633979344
460;333.1;1;1.69551506637027;0.00982927894742428;1.33577613453869
460;339.2;1;1.71520853658837;0.0100087022741367;1.38886584356479
460;345.3;1;1.73511310691578;0.0101885410193854;1.44292207875954
460;351.4;1;1.75520458881464;0.0103687953139948;1.49795052183015
460;357.5;1;1.77546584049496;0.0105494584551534;1.55395559960177
460;363.6;1;1.79587626481613;0.0107305174369494;1.61094050001701
460;369.7;1;1.81463126031388;0.0109119547404032;1.66890841544444
460;375.8;1;1.83538629774649;0.0110937519882397;1.72786423312222
460;381.9;1;1.85623638180619;0.0112758854845978;1.78780856324123
460;388;1;1.8771703210333;0.0114583263180042;1.8487405475447
460;394.1;1;1.89817328525123;0.0116410467712731;1.91065909877295
460;400.2;1;1.91923301883689;0.011824016531356;1.97356229797823
460;406.3;1;1.94033792399841;0.0120072024249549;2.03744732518299
460;412.4;1;1.96147593187635;0.012190569491804;2.10231061508923
460;418.5;1;1.98263719696292;0.0123740854179242;2.16814861827135
460;424.6;1;2.00381069493727;0.0125577152515839;2.23495690533288
460;430.7;1;2.02498540780417;0.012741420540893;2.3027299817443
460;436.8;1;2.04615120232659;0.0129251665819838;2.3714625759316
460;442.9;1;2.06729819060487;0.0131089194737866;2.44114914799809
460;449;1;2.08841822017561;0.0132926435369986;2.51178341797673
460;455.1;1;2.10949984678299;0.0134763030654523;2.58335868163112
460;461.2;1;2.13053529068815;0.0136598630556781;2.65586795593142
460;467.3;1;2.15151511212103;0.0138432930007147;2.72930474019767
460;473.4;1;2.17242895822228;0.0140265563154792;2.80366096687544
460;479.5;1;2.19327099043575;0.0142096238478091;2.87892965893128
460;485.6;1;2.21402944225379;0.0143924637202939;2.95510294782938
460;491.7;1;2.23469779134958;0.0145750493801769;3.03217371337949
460;497.8;1;2.25526674300069;0.0147573442202447;3.11013241682372
460;503.9;1;2.27572890152775;0.0149393288235517;3.1889727819909
460;510;1;2.29607363623196;0.0151209715970587;3.26868568170901
460;516.1;1;2.31629641743656;0.0153022523827435;3.34926414218889
460;522.2;1;2.33638585351804;0.015483142123448;3.43069899335866
460;528.3;1;2.35633528408713;0.0156636180965273;3.51298216626834
460;534.4;1;2.37613614845117;0.0158436582785461;3.59610550057894
460;540.5;1;2.39578129190815;0.0160232481198852;3.68006231078962
460;546.6;1;2.41526240467776;0.016202362977292;3.76484340564512
460;552.7;1;2.43457182278248;0.0163809833327886;3.85044053015212
460;558.8;1;2.45370132235582;0.016559095832429;3.93684668218392
460;564.9;1;2.47264346839536;0.0167366844549262;4.02405407253008
460;571;1;2.49138981011287;0.0169137326381764;4.11205460647858
460;577.1;1;2.50993388000762;0.0170902305365114;4.20084166083537
460;583.2;1;2.52826638991778;0.0172661601206767;4.29040647195778
460;589.3;1;2.54638182931064;0.0174415123375134;4.38074233625853
460;595.4;1;2.56427096425619;0.0176162775542091;4.47184230512854
460;601.5;1;2.58192638467937;0.0177904464593348;4.56369940851296
460;607.6;1;2.59934115209966;0.0179640084661035;4.65630624552548
460;613.7;1;2.61650744967372;0.0181369586157585;4.74965677540065
460;619.8;1;2.63341718078806;0.0183092898053745;4.84374433677013
460;625.9;1;2.65006376450806;0.0184809943933692;4.93856204812962
460;632;1;2.66643898964997;0.0186520724167752;5.03410501855478
460;638.1;1;2.68253600825329;0.018822511988523;5.13036510730184
460;644.2;1;2.6983470889988;0.0189923170382367;5.2273383999094
460;650.3;1;2.71386481382704;0.0191614804174974;5.32501794521652
460;656.4;1;2.72908132897603;0.0193300053778136;5.42339963366077
460;662.5;1;2.74398998946225;0.0194978847161705;5.52247642926731
460;668.6;1;2.75858341366116;0.019665123097932;5.62224461242734
460;674.7;1;2.77285288526624;0.0198317186051766;5.72269861356806
460;680.8;1;2.78679194090144;0.0199976712912491;5.82383341676201
460;686.9;1;2.80039337889099;0.0201629877417516;5.92564592639398
460;693;1;2.81365060410881;0.0203276641820622;6.02813004462838
460;699.1;1;2.8265543400822;0.020491704533018;6.13128193596507
920;289;1;1.67406586495613;0.00880254167016;0.457419049043064
920;294.7;1;1.6801280238113;0.00895965928797156;0.480430232478912
920;300.4;1;1.68806662858752;0.00911868599638169;0.503776963264459
920;306.1;1;1.69754716674689;0.00927868084988318;0.527435952435006
920;311.8;1;1.70831122358312;0.00943928410152108;0.551407646868051
920;317.5;1;1.72015870969285;0.00960048158221182;0.575707819030089
920;323.2;1;1.73293048482438;0.009762265594727;0.600350133121095
920;328.9;1;1.74649306481663;0.00992462685283933;0.625346199748568
920;334.6;1;1.76074319840024;0.0100875544437232;0.650705945328594
920;340.3;1;1.77559194582905;0.0102510355938039;0.676437876945543
920;346;1;1.79096378795768;0.0104150572336764;0.70254940032823
920;351.7;1;1.80679629410944;0.010579604891582;0.729046918620254
920;357.4;1;1.82303497384527;0.0107446559092722;0.755935485312009
920;363.1;1;1.83963574871941;0.0109101919071451;0.783219752906491
920;368.8;1;1.85283336819045;0.0110761881897791;0.810904003892735
920;374.5;1;1.87023703119026;0.0112426196316506;0.838994412702744
920;380.2;1;1.88787733809075;0.0114094597953895;0.867493664514689
920;385.9;1;1.90572468836443;0.0115766813421766;0.896403521891764
920;391.6;1;1.92375904576306;0.0117442529150952;0.925725032725643
920;397.3;1;1.94195565225919;0.0119121498350205;0.955459394136697
920;403;1;1.96029385905667;0.0120803364827254;0.985606589975655
920;408.7;1;1.97875807174423;0.0122487831513817;1.01616673798127
920;414.4;1;1.99732628557952;0.012417457672083;1.04713944526197
920;420.1;1;2.0159858159194;0.0125863288045155;1.07852410003949
920;425.8;1;2.03472065956309;0.012755363638729;1.11031966740579
920;431.5;1;2.05351635336476;0.0129245309953612;1.1425249921101
920;437.2;1;2.07236047072141;0.0130937973016958;1.17513845192794
920;442.9;1;2.09124035647502;0.0132631303715442;1.20815829614625
920;448.6;1;2.11014458994665;0.0134325017749202;1.24158288296293
920;454.3;1;2.12905983695441;0.0136018782357151;1.27540990589422
920;460;1;2.14797847365493;0.01377122929541;1.30963709716903
920;465.7;1;2.16688593807205;0.0139405268131561;1.34426220447946
920;471.4;1;2.1857763334799;0.0141097418176142;1.37928270403848
920;477.1;1;2.2046364479876;0.0142788456099058;1.41469590913261
920;482.8;1;2.22346071790235;0.0144478103637127;1.4504990364425
920;488.5;1;2.24223591423528;0.0146166097670182;1.48668928087383
920;494.2;1;2.2609582087914;0.0147852204980894;1.52326398096274
920;499.9;1;2.2796145489925;0.0149536153916989;1.56021992846859
920;505.6;1;2.29819666117663;0.0151217714708248;1.59755419437109
920;511.3;1;2.31669888318378;0.0152896667622958;1.6352638181125
920;517;1;2.33511328438461;0.0154572777718518;1.67334554292926
920;522.7;1;2.35342905603094;0.015624585863284;1.71179650673823
920;528.4;1;2.37164189555328;0.015791569594268;1.75061342582875
920;534.1;1;2.38974156528444;0.0159582136223118;1.78979357699751
920;539.8;1;2.40772369479213;0.016124492802477;1.82933303435148
920;545.5;1;2.42557645846247;0.0162903982706145;1.86922959997313
920;551.2;1;2.44329478126636;0.0164559068920386;1.90947936526934
920;556.9;1;2.46087216267971;0.0166210097387907;1.9500799608997
920;562.6;1;2.47830218230402;0.0167856869870918;1.9910276717847
920;568.3;1;2.49557548062477;0.0169499316110356;2.03232020861009
920;574;1;2.51268668778604;0.0171137250198567;2.07395383844108
920;579.7;1;2.52962929061046;0.0172770605635582;2.11592618978509
920;585.4;1;2.546396232917;0.0174399260205028;2.15823416261444
920;591.1;1;2.56297991269806;0.0176023095330101;2.20087463528343
920;596.8;1;2.57937278049744;0.0177642060992857;2.24384528735933
920;602.5;1;2.59557093979218;0.0179256031541908;2.28714280411982
920;608.2;1;2.61156662989973;0.0180864965990127;2.33076489430979
920;613.9;1;2.62735273316079;0.0182468785161202;2.37470874567605
920;619.6;1;2.64292337059649;0.0184067432882508;2.4189718050756
920;625.3;1;2.65826969897917;0.0185660844971973;2.46355138188749
920;631;1;2.67338800701886;0.0187249002540117;2.50844535720507
920;636.7;1;2.68827281216864;0.018883181681957;2.55365065534925
920;642.4;1;2.70291506510756;0.0190409298583743;2.59916551229313
920;648.1;1;2.71730814234933;0.0191981394377649;2.64498728274147
920;653.8;1;2.73144813955539;0.0193548111252228;2.6911141338365
920;659.5;1;2.74532877894438;0.0195109402400701;2.73754347903409
920;665.2;1;2.75894111259033;0.0196665300075445;2.78427382586125
920;670.9;1;2.77228100106355;0.0198215730671599;2.8313021847269
920;676.599999999999;1;2.78534043533353;0.01997607540646;2.87862745100131
920;682.3;1;2.79811531192477;0.0201300358420033;2.926247506688
920;688;1;2.81059735895621;0.0202834545467488;2.97416042554149
920;693.699999999999;1;2.82278340110729;0.0204363342412368;3.02236465786624
1380;305;1;1.84421529585134;0.00955767553677788;0.325589824265274
1380;310.5;1;1.83675176961923;0.00970014660938197;0.342278740739089
1380;316;1;1.83370289903815;0.00984459522220146;0.359024038863123
1380;321.5;1;1.83405369157041;0.00999073354936155;0.375861149024074
1380;327;1;1.83708883935832;0.0101383439730999;0.392817551047378
1380;332.5;1;1.84228814564603;0.0102872619914605;0.409915212370942
1380;338;1;1.84925789802025;0.0104373532214518;0.427171740976437
1380;343.5;1;1.8576964906208;0.0105885123587725;0.444601736964612
1380;349;1;1.86737779027156;0.010740647138828;0.462217124411801
1380;354.5;1;1.87810118561609;0.010893679932069;0.48002791577864
1380;360;1;1.88972629875434;0.0110475424659321;0.498042510896024
1380;365.5;1;1.90212338044648;0.0112021713518441;0.51626788483113
1380;371;1;1.90956595938942;0.0113575092307217;0.534712056456407
1380;376.5;1;1.92354612569269;0.0115135008412027;0.553382005671959
1380;382;1;1.93800775547133;0.0116700988577791;0.572281805987596
1380;387.5;1;1.95289706567027;0.0118272533944933;0.591414622166097
1380;393;1;1.96816088975256;0.0119849233753007;0.610783375263601
1380;398.5;1;1.98375310743405;0.0121430635786534;0.630390191193728
1380;404;1;1.99963876794823;0.0123016324556964;0.650236858827663
1380;409.5;1;2.01577729314119;0.0124605910479219;0.670324842507144
1380;415;1;2.03214242275634;0.0126198968928146;0.690655004943822
1380;420.5;1;2.04870196762466;0.0127795134188293;0.711228150902674
1380;426;1;2.06543783730841;0.0129394034424927;0.732044717864992
1380;431.5;1;2.08232139383326;0.0130995286573573;0.753104770230682
1380;437;1;2.09933449897963;0.013259852834601;0.774408203656682
1380;442.5;1;2.11645362625542;0.0134203438778958;0.795954895720272
1380;448;1;2.13366846172012;0.0135809648772617;0.817744202503153
1380;453.5;1;2.1509600722925;0.0137416846910296;0.839775597829776
1380;459;1;2.16830785678799;0.0139024705133364;0.862048250730449
1380;464.5;1;2.18570618638103;0.0140632910918581;0.884561231117607
1380;470;1;2.20313395618122;0.0142241167103759;0.907313524997843
1380;475.5;1;2.22058431321065;0.0143849192210916;0.930304051586643
1380;481;1;2.23804269494547;0.0145456667112018;0.953531327797568
1380;486.5;1;2.2554974549675;0.0147063367894234;0.976994340678582
1380;492;1;2.27293793246447;0.0148668996365744;1.00069145397451
1380;497.5;1;2.29035531291129;0.0150273333196953;1.02462142466641
1380;503;1;2.30773843128812;0.0151876073388706;1.04878230562775
1380;508.5;1;2.32507558598962;0.0153477062298154;1.07317306260314
1380;514;1;2.34236413383024;0.015507603534366;1.09779180031729
1380;519.5;1;2.35958704838935;0.0156672794839166;1.12263698497262
1380;525;1;2.37674225172985;0.0158267121821491;1.14770683652747
1380;530.5;1;2.39381783273143;0.0159858839023914;1.17299978405321
1380;536;1;2.41080714007151;0.0161447753558975;1.1985140603594
1380;541.5;1;2.42770144082322;0.0163033695214199;1.22424798481317
1380;547;1;2.44449401210895;0.0164616490175471;1.25019977524923
1380;552.5;1;2.46117647674918;0.0166195980588071;1.27636769823943
1380;558;1;2.47774061522459;0.0167772024834334;1.30275007948019
1380;563.5;1;2.49418198395892;0.0169344501095608;1.32934533993492
1380;569;1;2.51048809431958;0.0170913247485941;1.35615153034999
1380;574.5;1;2.52665747145427;0.0172478173494498;1.38316720901252
1380;580;1;2.54268284428394;0.0174039144367668;1.41039053593757
1380;585.5;1;2.55855659115809;0.0175596038541708;1.43781972528161
1380;591;1;2.57426666411902;0.0177148799519642;1.46545348083959
1380;596.5;1;2.58981602630504;0.0178697307464186;1.49328995107545
1380;602;1;2.6051887287848;0.0180241489735823;1.52132763609837
1380;607.5;1;2.62038426279032;0.018178124949838;1.54956479945961
1380;613;1;2.63539540724959;0.018331655918857;1.57800026311304
1380;618.5;1;2.65021545659562;0.0184847282949755;1.6066318935131
1380;624;1;2.66483821476817;0.0186373460140494;1.6354590446104
1380;629.5;1;2.67925753956005;0.0187894960755528;1.66447957889272
1380;635;1;2.69346598912303;0.0189411760300583;1.69369225498663
1380;640.5;1;2.70745841950277;0.0190923856339969;1.72309601877527
1380;646;1;2.72122927882292;0.019243115162562;1.75268894834764
1380;651.5;1;2.734770359385;0.0193933693761337;1.78247041765911
1380;657;1;2.74808068024788;0.0195431404750554;1.81243864868304
1380;662.5;1;2.76115030998619;0.0196924288357959;1.84259259979557
1380;668;1;2.77397249807518;0.0198412323532188;1.8729309937892
1380;673.5;1;2.78654411414408;0.0199895524093494;1.90345287613135
1380;679;1;2.79885891439407;0.0201373840579463;1.93415668676996
1380;684.5;1;2.81090889053391;0.0202847317067185;1.9650417533387
1380;690;1;2.82268919889135;0.0204315959964044;1.9961070479881
1380;695.5;1;2.83419860082952;0.0205779733327342;2.02735112584802
1840;318;1;2.03538663498404;0.0102759198088817;0.255693443364311
1840;323.3;1;2.00590129690877;0.0103958834328269;0.269197395711453
1840;328.6;1;1.98612466276938;0.0105204615499861;0.282602862665501
1840;333.9;1;1.97332519228543;0.0106487145509115;0.295966682813295
1840;339.2;1;1.96572407979364;0.0107799792140755;0.309330247153124
1840;344.5;1;1.96211263847495;0.0109137676808566;0.322724679089978
1840;349.8;1;1.9616446042118;0.0110497090749169;0.336173990629222
1840;355.1;1;1.96369666286067;0.0111875175307672;0.349697219113444
1840;360.4;1;1.96780730951526;0.0113269623796235;0.363309565300921
1840;365.7;1;1.9653294606302;0.0114678556567502;0.377023397125257
1840;371;1;1.97310946752701;0.0116100356819512;0.390851062254858
1840;376.3;1;1.98204322901582;0.0117533682664409;0.404802874113444
1840;381.6;1;1.99195215239253;0.0118977384748837;0.418885531606278
1840;386.9;1;2.00270659737163;0.0120430508948615;0.433104824789298
1840;392.2;1;2.01418973344408;0.0121892149509382;0.447465412395015
1840;397.5;1;2.02630862933998;0.0123361530024155;0.461971331383837
1840;402.8;1;2.03898172062761;0.012483794197419;0.476625957971374
1840;408.1;1;2.05213991426946;0.0126320722695927;0.491432064090294
1840;413.4;1;2.06572302797082;0.0127809268358824;0.506391979692058
1840;418.7;1;2.07968129779399;0.0129303022546553;0.52150764423878
1840;424;1;2.09396621070456;0.0130801441548831;0.536780543597596
1840;429.3;1;2.10854236608729;0.0132304037519681;0.552211946192875
1840;434.6;1;2.12337237236305;0.0133810326398872;0.56780274437326
1840;439.9;1;2.1384251890358;0.0135319875099949;0.583553694990528
1840;445.2;1;2.15367042056716;0.0136832257260355;0.599465273227296
1840;450.5;1;2.16908611733544;0.0138347062295116;0.615537740612986
1840;455.8;1;2.18465135040384;0.0139863925741401;0.631771309138262
1840;461.1;1;2.20033772817442;0.0141382463289135;0.648165872934715
1840;466.4;1;2.21612997356488;0.0142902339725435;0.664721338160717
1840;471.7;1;2.23200925904054;0.0144423192627049;0.681437293128646
1840;477;1;2.24796557317333;0.0145944744658769;0.698313548419773
1840;482.3;1;2.26397378974615;0.0147466641464559;0.715349389053651
1840;487.6;1;2.28002542447646;0.0148988632801155;0.732544448596154
1840;492.9;1;2.29610476401166;0.0150510418810281;0.74989798538061
1840;498.2;1;2.31220061477579;0.0152031727194744;0.767409262657873
1840;503.5;1;2.32829937875959;0.0153552303828096;0.785077515683571
1840;508.8;1;2.34439425824324;0.0155071932377586;0.802902064582438
1840;514.1;1;2.36047035644379;0.0156590324859594;0.820881757563739
1840;519.4;1;2.37651575929757;0.0158107307282369;0.839015937129762
1840;524.7;1;2.39252452950114;0.0159622645996746;0.857303547875029
1840;530;1;2.40848375094848;0.0161136162768646;0.875743746021446
1840;535.3;1;2.42438822966153;0.0162647626129997;0.894335322686388
1840;540.6;1;2.44023062960892;0.0164156897584871;0.913077502788021
1840;545.9;1;2.45599718999177;0.0165663784118591;0.931969147245904
1840;551.2;1;2.47168236596431;0.016716812859821;0.951009252067711
1840;556.5;1;2.4872802320556;0.0168669763211681;0.970196693795626
1840;561.8;1;2.50277838698293;0.0170168573951181;0.989530602822619
1840;567.1;1;2.51817436659164;0.0171664386279205;1.00900970982142
1840;572.4;1;2.53345919574578;0.0173157096769598;1.0286331101366
1840;577.7;1;2.5486198334641;0.0174646571907723;1.04839967982325
1840;583;1;2.56366157360277;0.0176132693287055;1.06830834149632
1840;588.3;1;2.57856742968726;0.0177615381410772;1.0883582159241
1840;593.6;1;2.59333447826539;0.0179094526055206;1.10854820401897
1840;598.9;1;2.60795627941846;0.018057003174228;1.12887726240381
1840;604.2;1;2.62243072390671;0.018204183356183;1.14934450864968
1840;609.5;1;2.63674373865708;0.0183509804328336;1.16994863950252
1840;614.8;1;2.65089160464847;0.0184973938320829;1.19068909503674
1840;620.1;1;2.66487007950823;0.0186434129368207;1.21156465452624
1840;625.4;1;2.67867138832539;0.0187890323074664;1.2325744046415
1840;630.700000000001;1;2.69229023847558;0.0189342471654649;1.25371745679155
1840;636;1;2.70572140433264;0.0190790501925536;1.27499273568036
1840;641.3;1;2.71895912266227;0.019223443859397;1.29639980335235
1840;646.6;1;2.73199469198296;0.0193674189068024;1.31793742512954
1840;651.900000000001;1;2.74482606464643;0.0195109742459936;1.33960490044567
1840;657.200000000001;1;2.75744943938048;0.0196541054626712;1.36140129177037
1840;662.5;1;2.76985028609409;0.019796810303222;1.3833257981067
1840;667.800000000001;1;2.78203208496054;0.0199390904699584;1.40537788834994
1840;673.100000000001;1;2.7939845877893;0.0200809408132577;1.42755654518005
1840;678.400000000001;1;2.80570536410944;0.0202223587883481;1.44986092250048
1840;683.700000000001;1;2.817184249741;0.0203633490593511;1.47229068641378
1840;689.000000000001;1;2.82842664601043;0.0205039098923898;1.49484504517439
1840;694.300000000001;1;2.83941171102811;0.0206440420096313;1.51752338085115
2300;328;1;2.28452229678578;0.0109828429542441;0.209220218134845
2300;333.2;1;2.21100619196001;0.0110698247462135;0.221176792975898
2300;338.4;1;2.16129338807555;0.0111676825278978;0.232853867087713
2300;343.6;1;2.12690020064799;0.0112735272625483;0.244356417112254
2300;348.8;1;2.10303057878155;0.0113854999705253;0.255753834889486
2300;354;1;2.08672289043331;0.0115023381624139;0.267094781068543
2300;359.2;1;2.07607743497487;0.0116231391403072;0.278414712877799
2300;364.4;1;2.06978272538558;0.0117472387372753;0.289740433155976
2300;369.6;1;2.05667435737551;0.0118741210507377;0.301093899896038
2300;374.8;1;2.05728174907956;0.0120033796015935;0.312494278793809
2300;380;1;2.06004953446189;0.0121347018676755;0.323954446017483
2300;385.2;1;2.06460724957228;0.012267829211033;0.335484661968198
2300;390.4;1;2.07065169595387;0.0124025538457518;0.347093541710335
2300;395.6;1;2.07796864688033;0.0125386949433467;0.358788071519365
2300;400.8;1;2.08635919102145;0.0126760983188101;0.370574081778559
2300;406;1;2.09567476067606;0.0128146330116557;0.382456526736334
2300;411.2;1;2.10579131263911;0.0129541802813082;0.394439449145292
2300;416.4;1;2.11659459324638;0.0130946399775073;0.406526392416875
2300;421.6;1;2.12800919928214;0.0132359159412269;0.418720133694622
2300;426.8;1;2.13995122145699;0.0133779280609094;0.431023194989908
2300;432;1;2.15235328422203;0.0135205996852687;0.443437566331988
2300;437.2;1;2.16516244262253;0.013663860650894;0.455964889005744
2300;442.4;1;2.17833205125233;0.0138076468852109;0.468606519838218
2300;447.6;1;2.1918060804769;0.0139519008750337;0.481363613450324
2300;452.8;1;2.20556418145866;0.0140965681692498;0.494237058593178
2300;458;1;2.21955955563411;0.0142415971021188;0.507227510684717
2300;463.2;1;2.23376349040575;0.0143869398378411;0.520335465824494
2300;468.4;1;2.24815265868154;0.0145325510338547;0.533561246404091
2300;473.6;1;2.26269282886912;0.0146783891316041;0.546905076555362
2300;478.8;1;2.27737341522341;0.0148244166795766;0.560367122199773
2300;484;1;2.29216989369187;0.0149705915430384;0.57394718017737
2300;489.2;1;2.30705711441745;0.0151168827427525;0.587645294383714
2300;494.4;1;2.32202397124473;0.0152632575883043;0.601461289856522
2300;499.6;1;2.33705433156327;0.0154096802834301;0.615394722233754
2300;504.8;1;2.35212462880834;0.0155561217172272;0.629445274282989
2300;510;1;2.36722634423788;0.0157025564109845;0.643612655891437
2300;515.2;1;2.38235178482045;0.0158489565947942;0.657896374224777
2300;520.4;1;2.39748007331012;0.0159952971697362;0.672295942050426
2300;525.6;1;2.41260189809261;0.0161415525497327;0.68681075541038
2300;530.8;1;2.42771085623174;0.0162877009767288;0.701440282711878
2300;536;1;2.44278799427868;0.0164337194261994;0.716183856593948
2300;541.2;1;2.45782719381316;0.0165795904953544;0.73104097794561
2300;546.4;1;2.47281739114052;0.0167252909777742;0.746010823854201
2300;551.6;1;2.4877540528924;0.0168708050668935;0.761092831260265
2300;556.8;1;2.50262457792522;0.0170161179919767;0.776286428009049
2300;562;1;2.51742281770944;0.0171612097286487;0.791590747592377
2300;567.2;1;2.53213757685359;0.0173060643849;0.807005055579368
2300;572.4;1;2.54675490481134;0.0174506725460977;0.82252887243364
2300;577.6;1;2.56128391504118;0.0175950139249871;0.83816116493407
2300;582.8;1;2.57569668701932;0.0177390815787011;0.853901486118791
2300;588;1;2.59000879599874;0.0178828617386938;0.869749029034318
2300;593.2;1;2.60419426996246;0.0180263436151757;0.885703092614776
2300;598.4;1;2.61825385613941;0.0181695181152495;0.901763026584775
2300;603.6;1;2.63217709700617;0.0183123714502773;0.917927916220425
2300;608.8;1;2.64595973109975;0.0184549005425296;0.93419735152486
2300;614;1;2.65960063559886;0.0185970922966924;0.950570395003516
2300;619.2;1;2.67308749524193;0.0187389419464962;0.967046504490847
2300;624.4;1;2.6864088832987;0.0188804407906222;0.98362491541208
2300;629.6;1;2.69957303976351;0.0190215845641492;1.00030507196382
2300;634.8;1;2.71255896111794;0.0191623665684817;1.01708627390635
2300;640;1;2.72537355043444;0.0193027799069155;1.03396779086524
2300;645.2;1;2.73799825751201;0.0194428242646302;1.0509492288085
2300;650.4;1;2.75043787726646;0.0195824894133893;1.06802964685404
2300;655.599999999999;1;2.76268451600711;0.0197217791068923;1.08520884840591
2300;660.8;1;2.77472361946455;0.019860685545549;1.10248599798913
2300;666;1;2.78656390025008;0.0199992044271229;1.11986043630936
2300;671.199999999999;1;2.79819017866086;0.0201373387161499;1.13733190193782
2300;676.399999999999;1;2.80960079685459;0.020275082037942;1.15489960323724
2300;681.599999999999;1;2.82078518197659;0.0204124373676947;1.17256326963646
2300;686.8;1;2.83174326371312;0.0205493991799354;1.19032214040624
2300;691.999999999999;1;2.84247202184511;0.0206859682781729;1.20817581054689
2300;697.199999999999;1;2.85296102188413;0.0208221467118553;1.22612394688625
2760;337;1;2.63079967237689;0.0117551415424367;0.177304620629964
2760;342;1;2.47232507832004;0.0117862892386349;0.188251642751368
2760;347;1;2.37198963810983;0.0118416879681584;0.198693874618463
2760;352;1;2.30415916806106;0.0119132659816665;0.208819295210403
2760;357;1;2.25658755417727;0.0119964368325188;0.218738793612776
2760;362;1;2.22261123759047;0.0120883334138513;0.228523941054555
2760;367;1;2.18482830676453;0.0121870423442427;0.238224181421136
2760;372;1;2.16866960665877;0.012291197685351;0.247878135944339
2760;377;1;2.15772402556628;0.0123998166026401;0.257512912721084
2760;382;1;2.15084674498624;0.0125121713566637;0.267148415208788
2760;387;1;2.14722270200205;0.0126276972738047;0.276800223615854
2760;392;1;2.1462323240132;0.0127459473410906;0.286480769905465
2760;397;1;2.14740693077299;0.0128665603754811;0.296200107052728
2760;402;1;2.15038073946518;0.0129892405590256;0.305966482047354
2760;407;1;2.15486967536833;0.0131137411024372;0.315786706153186
2760;412;1;2.16065255083703;0.0132398506360555;0.325666380691146
2760;417;1;2.16754276492228;0.0133673949430733;0.33561035490696
2760;422;1;2.17537161402489;0.013496217055563;0.345622556107909
2760;427;1;2.18402573355298;0.0136261807187726;0.355706312639187
2760;432;1;2.19339575543884;0.013757171992729;0.365864595993954
2760;437;1;2.20339259952219;0.013889079734864;0.376099664040259
2760;442;1;2.21393631716815;0.0140218139206225;0.386413666449097
2760;447;1;2.22495278443581;0.0141552859703013;0.396808219616836
2760;452;1;2.23640222365463;0.014289422241787;0.40728485642329
2760;457;1;2.24822257946281;0.0144241489912766;0.417844676471709
2760;462;1;2.2603658272575;0.0145594021743664;0.42848867637135
2760;467;1;2.27280163936473;0.0146951251070807;0.439217737390033
2760;472;1;2.28549615333971;0.0148312603024278;0.450032424022433
2760;477;1;2.29840382547457;0.0149677596878522;0.460933321693944
2760;482;1;2.31150630710672;0.0151045729239876;0.471920714186465
2760;487;1;2.32478684310923;0.0152416603890106;0.48299500805738
2760;492;1;2.33819958988832;0.0153789741692445;0.494156161159487
2760;497;1;2.35174165142007;0.0155164818263759;0.505404451783499
2760;502;1;2.36539186142078;0.015654146947031;0.516739882200088
2760;507;1;2.37912308418847;0.0157919321759401;0.528162281339297
2760;512;1;2.3929293164394;0.0159298117943106;0.539671737638278
2760;517;1;2.40678411261214;0.0160677480382681;0.551267819345474
2760;522;1;2.42068364081851;0.0162057188508344;0.562950519319109
2760;527;1;2.43460813553222;0.0163436974874467;0.574719577446504
2760;532;1;2.44854985788728;0.0164816543496108;0.586574541034255
2760;537;1;2.46249156205994;0.0166195682481306;0.598515169004685
2760;542;1;2.4764241020555;0.0167574200067623;0.610541220739655
2760;547;1;2.49034167083883;0.016895186639884;0.62265224932466
2760;552;1;2.50422512695138;0.0170328452104255;0.634847740568893
2760;557;1;2.51807702949618;0.0171703820616031;0.647127463964644
2760;562;1;2.53187364446591;0.0173077790180115;0.659490968798195
2760;567;1;2.54561831471248;0.0174450151710943;0.67193764582519
2760;572;1;2.55929268120871;0.0175820799774101;0.684467233645042
2760;577;1;2.57290161894538;0.0177189544806015;0.697079103195907
2760;582;1;2.58642556778413;0.0178556306812818;0.709773012110859
2760;587;1;2.59985897283169;0.0179920907166821;0.722548292553859
2760;592;1;2.61319923903392;0.018128324467909;0.735404546708475
2760;597;1;2.62644305729922;0.0182643202569246;0.748341282645232
2760;602;1;2.63956913963175;0.0184000688062571;0.761358076120065
2760;607;1;2.6525818500782;0.0185355592173941;0.774454408427084
2760;612;1;2.66547479768347;0.0186707813170362;0.787629763031335
2760;617;1;2.67823631762396;0.018805727155431;0.800883691698982
2760;622;1;2.69086033642915;0.0189403916857571;0.814215848947758
2760;627;1;2.70334542794266;0.0190747659158675;0.827625701421708
2760;632;1;2.71568575851004;0.0192088422383569;0.841112754026762
2760;637;1;2.72787290362885;0.0193426128585301;0.854676483832841
2760;642;1;2.7399012554321;0.0194760757733484;0.868316606813029
2760;647;1;2.75176710251826;0.019609225832926;0.882032687781662
2760;652;1;2.76345872584244;0.01974205683238;0.895824229508681
2760;657;1;2.77497978209152;0.019874566062688;0.909690879351068
2760;662;1;2.78632051247634;0.0200067474488221;0.923632119755211
2760;667;1;2.79747752347275;0.020138602990309;0.937647794639802
2760;672;1;2.80843941730011;0.0202701223620525;0.951737167803847
2760;677;1;2.81920652043342;0.0204013076011589;0.965900067809399
2760;682;1;2.82977830774863;0.0205321581444187;0.980136198251328
2760;687;1;2.84013909203765;0.0206626699839497;0.994445092258043
2760;692;1;2.85029114290655;0.0207928412179276;1.00882637530037
3220;345;1;3.17999737443611;0.0126416742122808;0.153424462086426
3220;349.9;1;2.8254891397686;0.012575079869952;0.164152789594741
3220;354.8;1;2.63155679697219;0.0125663486467863;0.174006925348791
3220;359.7;1;2.50983558094303;0.0125910889724526;0.183358482191775
3220;364.6;1;2.42754652204613;0.0126377480649461;0.192392525897546
3220;369.5;1;2.35375201664108;0.0126998748086968;0.201218221430344
3220;374.4;1;2.31317109243241;0.0127734824776312;0.209907271619493
3220;379.3;1;2.28360192048481;0.0128559748783619;0.218506041626444
3220;384.2;1;2.26208183454064;0.0129455508183218;0.227047780562094
3220;389.1;1;2.2466494542915;0.0130409000906933;0.235557122618019
3220;394;1;2.23595473602012;0.0131410435614414;0.244052930297201
3220;398.9;1;2.22900229623636;0.0132452279687418;0.252549944386732
3220;403.8;1;2.22507093358859;0.0133528612787078;0.261059908321793
3220;408.7;1;2.2236314623186;0.0134634676550441;0.269592289601911
3220;413.6;1;2.22424297274309;0.0135766585108747;0.278154819354422
3220;418.5;1;2.22657745338521;0.0136921157236909;0.286753955634433
3220;423.4;1;2.23039286977095;0.0138095694869643;0.295395017293556
3220;428.3;1;2.23544782830299;0.0139287897427521;0.304082438175065
3220;433.2;1;2.24157245217361;0.014049580807812;0.312819987620035
3220;438.1;1;2.24863377957885;0.0141717754975139;0.321610906112291
3220;443;1;2.25649990502616;0.0142952219024426;0.330457812154227
3220;447.9;1;2.26507315897376;0.0144197930789675;0.339363082389579
3220;452.8;1;2.27426165555349;0.0145453696266544;0.348328582160075
3220;457.7;1;2.28398593513938;0.0146718517508312;0.357356052015786
3220;462.6;1;2.294198495651;0.014799143644794;0.366446823868891
3220;467.5;1;2.30482108820584;0.0149271607204804;0.375602062529537
3220;472.4;1;2.31581801168566;0.0150558293594769;0.384822824538482
3220;477.3;1;2.32713768030358;0.0151850789481927;0.394109908732162
3220;482.2;1;2.33874706876025;0.015314847980081;0.403464052682108
3220;487.1;1;2.35061163376312;0.015445071049956;0.412885627932248
3220;492;1;2.36269481834962;0.0155757023507392;0.422375290996165
3220;496.9;1;2.37497099591655;0.0157066872558884;0.431933257771766
3220;501.8;1;2.38741381756606;0.0158379823286519;0.441559860060364
3220;506.7;1;2.39999923229872;0.0159695416580021;0.451255194145957
3220;511.6;1;2.41271731012621;0.0161013295346318;0.461019490660329
3220;516.5;1;2.42553445189601;0.0162333025933347;0.470852625798098
3220;521.4;1;2.43843627725356;0.0163654308903778;0.48075473499274
3220;526.3;1;2.45140642476902;0.0164976816078746;0.490725760763632
3220;531.2;1;2.4644253510088;0.0166300228013699;0.500765566932548
3220;536.1;1;2.47749417196261;0.0167624250843919;0.510873997492921
3220;541;1;2.49058766299806;0.0168948602374797;0.521050843616093
3220;545.9;1;2.50369019766048;0.0170273092981113;0.531296102829731
3220;550.8;1;2.51680095557019;0.0171597434713102;0.54160939730174
3220;555.7;1;2.52989812594428;0.01729214301225;0.55199056252127
3220;560.6;1;2.54297671592255;0.01742448642232;0.562439318057638
3220;565.5;1;2.5560257798178;0.0175567521548993;0.572955322978467
3220;570.4;1;2.5690327169177;0.0176889236557961;0.583538344654332
3220;575.3;1;2.58199608326671;0.0178209861950577;0.594188164299346
3220;580.2;1;2.59489661688941;0.0179529154208539;0.60490419658939
3220;585.1;1;2.60773894638776;0.0180847049455461;0.615686413805648
3220;590;1;2.620503451332;0.0182163378928101;0.626534400415103
3220;594.9;1;2.633190018079;0.0183477980917748;0.637447725149131
3220;599.8;1;2.64578707875018;0.0184790766470686;0.648426174191121
3220;604.7;1;2.65828863768406;0.0186101576821903;0.65946925986466
3220;609.6;1;2.67068362402678;0.0187410353575319;0.670576818615437
3220;614.5;1;2.68297705889212;0.0188716976958882;0.681748445057134
3220;619.4;1;2.6951466315193;0.0190021303938399;0.692983621329535
3220;624.3;1;2.70720193385356;0.0191323335814024;0.704282330936246
3220;629.2;1;2.71912840601738;0.01926228973748;0.715643892193354
3220;634.1;1;2.73091483334319;0.0193920002612417;0.727068299985045
3220;639;1;2.74256803697503;0.0195214504428131;0.738554933379214
3220;643.9;1;2.75407075006695;0.0196506374773964;0.75010359820487
3220;648.8;1;2.76542266154932;0.0197795576448883;0.761714054079398
3220;653.7;1;2.77661620862476;0.0199082009523131;0.773385805211099
3220;658.6;1;2.78765231730088;0.0200365677602842;0.785118741781458
3220;663.5;1;2.79851942544814;0.0201646466310521;0.796912282345056
3220;668.4;1;2.80921130889632;0.0202924405027799;0.808766397594183
3220;673.3;1;2.81972287252123;0.0204199426517114;0.820680668733005
3220;678.2;1;2.83005849261327;0.0205471492923097;0.832654782238451
3220;683.099999999999;1;2.84020276534541;0.0206740583459481;0.844688484774261
3220;688;1;2.85014663943454;0.0208006698194636;0.856781601907912
3220;692.899999999999;1;2.85990509600991;0.0209269815099269;0.868933863481121
3680;353;1;4.00165602397171;0.0136801097876367;0.136609263373935
3680;357.8;1;3.2553188396706;0.0134517486833449;0.147344055810326
3680;362.6;1;2.92064583632584;0.0133522242350691;0.15674625942174
3680;367.4;1;2.70828159917999;0.0133156905899378;0.165470958730544
3680;372.2;1;2.586528429596;0.0133167439646228;0.173792575993706
3680;377;1;2.50270761126918;0.0133428566425159;0.181853532962229
3680;381.8;1;2.44266702885467;0.0133868790786989;0.189738575605524
3680;386.6;1;2.39863835526393;0.0134443323118345;0.197503184368719
3680;391.4;1;2.36594475517108;0.0135122199715096;0.205185854478368
3680;396.2;1;2.34161446916142;0.0135884398382676;0.212814520999494
3680;401;1;2.32365455180792;0.0136714569051165;0.220410100747352
3680;405.8;1;2.31064333729682;0.0137601195048333;0.227988739820977
3680;410.6;1;2.30157697455523;0.0138535381267529;0.235563117528425
3680;415.4;1;2.29570356771537;0.0139510135041141;0.243143408817302
3680;420.2;1;2.29244913899656;0.0140519793109547;0.250737783993257
3680;425;1;2.29137686842327;0.0141559811397661;0.258353084122062
3680;429.8;1;2.29214059562789;0.0142626360640389;0.265994856704846
3680;434.6;1;2.29445540380165;0.0143716296817842;0.273667854572211
3680;439.4;1;2.29809609326143;0.0144826904048706;0.281375979391351
3680;444.2;1;2.30288742404342;0.0145955874044413;0.289122558287814
3680;449;1;2.30866785087178;0.0147101237692442;0.29691046456049
3680;453.8;1;2.31530765603199;0.0148261244086818;0.304742074381969
3680;458.6;1;2.32269435256836;0.0149434387278087;0.312619475401899
3680;463.4;1;2.33074747502867;0.0150619306562067;0.320544389204309
3680;468.2;1;2.33937823827516;0.0151814828463068;0.328518361047057
3680;473;1;2.34851402573394;0.0153019868029483;0.336542635490492
3680;477.8;1;2.35810551958448;0.0154233459502168;0.344618289293229
3680;482.6;1;2.36808981220527;0.0155454762345749;0.352746306387655
3680;487.4;1;2.3784297941729;0.0156682968631105;0.360927419916261
3680;492.2;1;2.38907798989128;0.0157917361748489;0.369162283362176
3680;497;1;2.39999020736752;0.0159157287473035;0.377451441431952
3680;501.8;1;2.41115683735858;0.016040216116882;0.385795378230774
3680;506.6;1;2.42252664318943;0.0161651399886565;0.394194380672071
3680;511.4;1;2.43408704096295;0.0162904536307534;0.402648835264526
3680;516.2;1;2.44579482683198;0.0164161063553424;0.411158871371354
3680;521;1;2.45764697732897;0.0165420535756448;0.419724620945147
3680;525.8;1;2.46961318851828;0.0166682570319567;0.428346243985067
3680;530.6;1;2.48167367726973;0.0167946800729449;0.437023824411147
3680;535.4;1;2.49382010033365;0.0169212841708495;0.445757288173311
3680;540.2;1;2.50603282368399;0.0170480389215684;0.454546673330127
3680;545;1;2.51828591787937;0.0171749110344158;0.463391851654687
3680;549.8;1;2.53057439727009;0.0173018749294144;0.472292818333654
3680;554.6;1;2.54289531354439;0.0174289062719304;0.481249530081413
3680;559.4;1;2.55521679896712;0.0175559735415184;0.49026167555534
3680;564.2;1;2.56754605134869;0.0176830539415101;0.499329116879337
3680;569;1;2.57985387412401;0.0178101297789803;0.508451803080336
3680;573.8;1;2.59214491529765;0.0179371784761858;0.517629492533298
3680;578.6;1;2.60440340887384;0.0180641801471569;0.526861968874453
3680;583.4;1;2.61662510294015;0.0181911185785205;0.53614907632443
3680;588.2;1;2.62878783355527;0.0183179741946493;0.545490517852491
3680;593;1;2.64089549112112;0.0184447299114441;0.55488602796686
3680;597.8;1;2.6529425047353;0.0185713758568513;0.564335521623603
3680;602.6;1;2.66491025225775;0.0186978938866124;0.573838631434462
3680;607.4;1;2.67679744222315;0.0188242722228108;0.583395150166712
3680;612.200000000001;1;2.68858606371051;0.0189504999338967;0.593004868850829
3680;617;1;2.70028863258127;0.0190765607851626;0.602667384876355
3680;621.8;1;2.71188518410323;0.019202449259474;0.612382605986735
3680;626.6;1;2.72337411598702;0.0193281567588121;0.622150323057136
3680;631.400000000001;1;2.73474315105837;0.0194536693100034;0.631970131785252
3680;636.200000000001;1;2.74599344579617;0.019578980488115;0.64184184914543
3680;641;1;2.75711787227325;0.0197040821542396;0.651765218910681
3680;645.800000000001;1;2.76811305670863;0.0198289660914891;0.661739964351433
3680;650.600000000001;1;2.77895777015095;0.0199536247115802;0.671765812501028
3680;655.400000000001;1;2.78965851950641;0.0200780554043432;0.681842643332804
3680;660.200000000001;1;2.80021709309179;0.0202022508619186;0.691970166127324
3680;665.000000000001;1;2.81061265173205;0.0203262064647686;0.702148168191272
3680;669.800000000001;1;2.82085675735867;0.0204499167316601;0.712376395537271
3680;674.600000000001;1;2.83092521391628;0.0205733750176167;0.722654541405558
3680;679.400000000001;1;2.84082616441654;0.0206965789285243;0.732982436700021
3680;684.200000000001;1;2.85054992307961;0.0208195294500816;0.743360025379596
3680;689.000000000001;1;2.86009522641832;0.0209422152817929;0.753786805754798
3680;693.800000000001;1;2.8694513580574;0.0210646411529881;0.764262840397674
4140;359;1;6.74441458907729;0.0153057993790114;0.12032089856147
4140;363.7;1;4.05768367761112;0.0145323520284918;0.131819965404621
4140;368.4;1;3.34176060328943;0.0142502323394694;0.141183457191323
4140;373.1;1;3.01075147746755;0.014107658794665;0.149544292509552
4140;377.8;1;2.81458689167132;0.0140366084520821;0.157362763263979
4140;382.5;1;2.68562412928998;0.0140092085857447;0.164844696151018
4140;387.2;1;2.59552349039198;0.0140112043397105;0.172102950039085
4140;391.9;1;2.53012135362577;0.0140343186429793;0.17920720750897
4140;396.6;1;2.48150479473639;0.0140733060766894;0.186203784837967
4140;401.3;1;2.44485908573029;0.0141246393629222;0.193125284256741
4140;406;1;2.41707152600307;0.0141858366002019;0.199995651014144
4140;410.7;1;2.39605252195109;0.0142550755362399;0.206832882411514
4140;415.4;1;2.38030776521561;0.0143309907613688;0.213651028963349
4140;420.1;1;2.36878075501754;0.0144125226707024;0.220461121700644
4140;424.8;1;2.36067325617226;0.0144988420332249;0.227272120009739
4140;429.5;1;2.355361335112;0.0145892789460345;0.234091258068611
4140;434.2;1;2.35241001476111;0.0146832887846338;0.240924519591057
4140;438.9;1;2.35142082942942;0.0147804236687282;0.247776919042449
4140;443.6;1;2.35209989114683;0.0148803052494361;0.254652599897383
4140;448.3;1;2.35420459745512;0.014982617516656;0.261555124570828
4140;453;1;2.35754321636517;0.0150870863538765;0.268487441914402
4140;457.7;1;2.36195904491117;0.0151934827146669;0.275452189172879
4140;462.4;1;2.36728246233978;0.0153015998348042;0.282451482467935
4140;467.1;1;2.37342462207549;0.0154112612547186;0.289487211987081
4140;471.8;1;2.38028476252189;0.0155223106627109;0.296560983709382
4140;476.5;1;2.38776874792929;0.0156346096638508;0.303674178389423
4140;481.2;1;2.39580303003545;0.0157480360081202;0.310828002187532
4140;485.9;1;2.40432065071292;0.0158624771659012;0.318023430265631
4140;490.6;1;2.41327876441172;0.0159778375824158;0.325261408622136
4140;495.3;1;2.42261036027946;0.0160940232830497;0.332542594722401
4140;500;1;2.43228341015908;0.0162109524180119;0.339867608371125
4140;504.7;1;2.44225747998929;0.0163285557074702;0.347237082747881
4140;509.4;1;2.45248331477598;0.0164467612765568;0.354651375894294
4140;514.1;1;2.46296128115957;0.0165655093238267;0.362110904292893
4140;518.8;1;2.47363146532293;0.016684741327733;0.369615936067698
4140;523.5;1;2.4844726329317;0.0168044070416121;0.377166762298772
4140;528.2;1;2.49547570955627;0.016924453939407;0.384763479913667
4140;532.9;1;2.50661363827934;0.017044838884227;0.392406266403505
4140;537.6;1;2.51785696433696;0.0171655220131412;0.400095258996896
4140;542.3;1;2.52920180223256;0.0172864632859648;0.40783048504603
4140;547;1;2.54062163165871;0.0174076291764864;0.41561202781314
4140;551.7;1;2.55211223227834;0.0175289810897272;0.423439761414886
4140;556.4;1;2.5636340688719;0.0176504934267575;0.431313790047312
4140;561.1;1;2.57519891916845;0.0177721319785224;0.439233936512392
4140;565.8;1;2.58679140198103;0.0178938707239767;0.447200153897637
4140;570.5;1;2.59838030670511;0.0180156874339939;0.45521242929976
4140;575.2;1;2.60997399239501;0.0181375557449752;0.463270589632836
4140;579.9;1;2.62155505696802;0.0182594521874004;0.471374480136485
4140;584.6;1;2.63311773118559;0.0183813609494615;0.479524095084066
4140;589.3;1;2.64463885255282;0.0185032575612644;0.487719160330243
4140;594;1;2.65612874365637;0.0186251250035627;0.495959552517614
4140;598.7;1;2.66756376660763;0.0187469481339002;0.504245161025833
4140;603.4;1;2.67894127459705;0.0188687091230069;0.51257576812755
4140;608.099999999999;1;2.69025346762997;0.0189903911879039;0.520951149263064
4140;612.8;1;2.70149967391317;0.0191119830780517;0.529371200043214
4140;617.5;1;2.71265633543585;0.0192334707583795;0.53783571223957
4140;622.199999999999;1;2.72372607099133;0.0193548455088566;0.546344599815112
4140;626.899999999999;1;2.7347062568042;0.0194760896076275;0.554897499030917
4140;631.599999999999;1;2.74557820878651;0.0195971952487136;0.563494301468388
4140;636.3;1;2.75635328293117;0.0197181523003538;0.572134812695776
4140;640.999999999999;1;2.76701184698735;0.0198389536236465;0.580818905685138
4140;645.699999999999;1;2.77754935919218;0.0199595851573743;0.589546232542897
4140;650.399999999999;1;2.78796277882384;0.0200800441098663;0.598316758205094
4140;655.099999999999;1;2.79823573257983;0.0202003244828315;0.607130340562562
4140;659.799999999999;1;2.80837893765374;0.0203204132363809;0.615986610571665
4140;664.499999999999;1;2.81838032163781;0.0204403063039828;0.624885453269906
4140;669.199999999999;1;2.82823601399709;0.0205600014912052;0.633826800880122
4140;673.899999999999;1;2.8379449307599;0.0206794889610523;0.642810339856786
4140;678.599999999999;1;2.84749535534547;0.0207987653355134;0.651835943424817
4140;683.299999999999;1;2.85687033696275;0.0209178276895358;0.660903490440211
4140;687.999999999999;1;2.86608381822746;0.0210366688705344;0.670012717214966
4140;692.699999999999;1;2.87513238487636;0.0211552897262437;0.679163605004631
