P (kPa);T (K);cp (kJ/kg K);Pr;Condutividade térmica (W/m K);Viscosidade absoluta μ(cP);Viscosidade cinemática ν (cSt);;;Nome no Hysys: 13-ClHexaFC3
10;185;0.764319396106855000;0.00570420441776403;0.1039746091859640;0.0007759745834985290;0.4099718371525970;;;
10;186;0.766335627528054000;0.00569051820621722;0.1037581446286910;0.0007704686952340220;0.4075857350592650;;;
10;187;0.768327773691728000;0.00567696073833688;0.1035414055436590;0.0007650387167956370;0.4052342619479260;;;
10;188;0.770363171116004000;0.00566402610341727;0.1033243905328860;0.0007596833117685740;0.4029168376729130;;;
10;189;0.772351260115099000;0.00565104064101662;0.1031070981858820;0.0007544007918610490;0.4006326924532970;;;
10;190;0.774363667900669000;0.00563852470003021;0.1028895270794900;0.0007491895137396210;0.3983810766554550;;;
10;191;0.776356897524313000;0.00562615444220597;0.1026716757777250;0.0007440478813386070;0.3961612621459050;;;
10;192;0.778347150044884000;0.00561404554955449;0.1024535428316050;0.0007389747057424110;0.3939727342893930;;;
10;193;0.780346866717375000;0.00560228181331164;0.1022351267789850;0.0007339684643636250;0.3918147978623320;;;
10;194;0.782348356727442000;0.00559080161189982;0.1020164261443850;0.0007290276701213670;0.3896867732029610;;;
10;195;0.784343783147639000;0.00557954622511867;0.1017974394388130;0.0007241512346387300;0.3875881907008600;;;
10;196;0.786325163792850000;0.00556845424851642;0.1015781651595900;0.0007193377388701150;0.3855184012752240;;;
10;197;0.788342109782155000;0.00555786871684251;0.1013586017901720;0.0007145854510146150;0.3834765848004440;;;
10;198;0.790324974829058000;0.00554729768522702;0.1011387477999590;0.0007098937265380260;0.3814625012725760;;;
10;199;0.792302730997277000;0.00553694162900747;0.1009186016441150;0.0007052612400832970;0.3794755432994810;;;
10;200;0.794288141320015000;0.00552688481600804;0.1006981617633770;0.0007006867058659750;0.3775151217930130;;;
10;201;0.796260616696328000;0.00551698162062815;0.1004774265838580;0.0006961691990382170;0.3755808394592350;;;
10;202;0.798241346670352000;0.00550737190097342;0.1002563945168550;0.0006917071539305430;0.3736719509060100;;;
10;203;0.800243413541982000;0.00549814275892810;0.1000350639586460;0.0006872997056092420;0.3717880860117910;;;
10;204;0.802199380175262000;0.00548882891209276;0.0998134332902863;0.0006829460007052990;0.3699288791344360;;;
10;205;0.804168677127725000;0.00547983468127099;0.0995915008774029;0.0006786448863154900;0.3680938003997230;;;
10;206;0.806147459805864000;0.00547112836612076;0.0993692650699826;0.0006743952340628590;0.3662823305964480;;;
10;207;0.808136113883271000;0.00546270998055712;0.0991467242021576;0.0006701962584447770;0.3644941343800820;;;
10;208;0.810083192565467000;0.00545422551409807;0.0989238765919867;0.0006660465698007910;0.3627285457607330;;;
10;209;0.812055670632517000;0.00544612829111235;0.0987007205412327;0.0006619457334422520;0.3609854161080470;;;
10;210;0.814036698630706000;0.00543829957445168;0.0984772543351366;0.0006578927107890740;0.3592642664001280;;;
10;211;0.815996032906756000;0.00543053333639799;0.0982534762421862;0.0006538864855132830;0.3575646273598020;;;
10;212;0.817962193195526000;0.00542301880568841;0.0980293845138818;0.0006499263659754060;0.3558862051239090;;;
10;213;0.819911276491511000;0.00541559115599094;0.0978049773844970;0.0006460110815915330;0.3542283869526290;;;
10;214;0.821878714367751000;0.00540848831678045;0.0975802530708351;0.0006421405609562280;0.3525912153750310;;;
10;215;0.823833882338684000;0.00540149940565097;0.0973552097719812;0.0006383132801330880;0.3509739346760120;;;
10;216;0.825774649360627000;0.00539461009972969;0.0971298456690495;0.0006345286172651840;0.3493762818373340;;;
10;217;0.827736884355288000;0.00538805359162928;0.0969041589249265;0.0006307859555466590;0.3477979953519820;;;
10;218;0.829689628160785000;0.00538162630106952;0.0966781476840080;0.0006270846888471830;0.3462388183382600;;;
10;219;0.831637513271186000;0.00537535286886763;0.0964518100719332;0.0006234236740215180;0.3446981957457550;;;
10;220;0.833594290850264000;0.00536932337894184;0.0962251441953115;0.0006198026090641040;0.3431760353303690;;;
10;221;0.835530763964135000;0.00536334396635687;0.0959981481414464;0.0006162203844812120;0.3416717967924460;;;
10;222;0.837481123494149000;0.00535763361383242;0.0957708199780523;0.0006126764531693840;0.3401852492403540;;;
10;223;0.839427443637019000;0.00535207608481167;0.0955431577529667;0.0006091702785668740;0.3387161665242120;;;
10;224;0.841356123261074000;0.00534658412999539;0.0953151594938574;0.0006057013255250350;0.3372643221849640;;;
10;225;0.843304059867675000;0.00534138696560891;0.0950868232079226;0.0006022685556187790;0.3358292080322350;;;
10;226;0.845243925862829000;0.00533630988473606;0.0948581468815868;0.0005988714634479430;0.3344106108084190;;;
10;227;0.847175848004294000;0.00533135553899032;0.0946291284801897;0.0005955098099894470;0.3330084651786610;;;
10;228;0.849116257793193000;0.00532661973138155;0.0943997659476692;0.0005921823440779320;0.3316221388181610;;;
10;229;0.851051431111033000;0.00532201976655079;0.0941700572062387;0.0005888890935939630;0.3302517132497830;;;
10;230;0.852988557042097000;0.00531759542299979;0.0939400001560576;0.0005856290928435020;0.3288967126442750;;;
10;231;0.854918447320942000;0.00531329084860805;0.0937095926748954;0.0005824021258946960;0.3275570802928200;;;
10;232;0.856857763148381000;0.00530920441265370;0.0934788326177887;0.0005792072523221540;0.3262323512783020;;;
10;233;0.858778366191539000;0.00530516098938381;0.0932477178166923;0.0005760440346256350;0.3249223418457860;;;
10;234;0.860701666357097000;0.00530129489464375;0.0930162460801224;0.0005729122758069510;0.3236270032074140;;;
10;235;0.862630276695797000;0.00529761466876094;0.0927844151927927;0.0005698108358084930;0.3223457529797820;;;
10;236;0.864547691755885000;0.00529402477756538;0.0925522229152440;0.0005667400028990020;0.3210788147490590;;;
10;237;0.866478013361776000;0.00529066568119133;0.0923196669834651;0.0005636986585653830;0.3198256154347750;;;
10;238;0.868414335366700000;0.00528749398677830;0.0920867451085062;0.0005606864041662890;0.3185859877997640;;;
10;239;0.870327898433208000;0.00528433622086587;0.0918534549760856;0.0005577030680225310;0.3173598929544700;;;
10;240;0.872255052159477000;0.00528140863380246;0.0916197942461864;0.0005547478013008330;0.3161469060595680;;;
10;241;0.874169353770270000;0.00527855448363602;0.0913857605526458;0.0005518206672713280;0.3149471205099860;;;
10;242;0.876090396351828000;0.00527588533193784;0.0911513515027361;0.0005489206141080330;0.3137599930631620;;;
10;243;0.877998842573943000;0.00527328829696257;0.0909165646767365;0.0005460477090201840;0.3125856180051190;;;
10;244;0.879921780971733000;0.00527092139343570;0.0906813976274957;0.0005432011447808120;0.3114235890522530;;;
10;245;0.881842285092776000;0.00526868423145447;0.0904458478799858;0.0005403807694203240;0.3102738738963300;;;
10;246;0.883743213547993000;0.00526647209556255;0.0902099129308463;0.0005375860113098670;0.3091361989012800;;;
10;247;0.885679115984392000;0.00526460948556812;0.0899735902479183;0.0005348165132507850;0.3080104124578770;;;
10;248;0.887575887029163000;0.00526265480999117;0.0897368772697692;0.0005320719227490930;0.3068963649407030;;;
10;249;0.889505692446984000;0.00526103600507878;0.0894997714052068;0.0005293518903895910;0.3057939077836820;;;
10;250;0.891416469775414000;0.00525944181757119;0.0892622700327824;0.0005266558692369990;0.3047027774291120;;;
10;251;0.893315755696686000;0.00525791883359087;0.0890243705002843;0.0005239837216762890;0.3036229460775330;;;
10;252;0.895223763790777000;0.00525658358900583;0.0887860701242189;0.0005213349086836410;0.3025541530003480;;;
10;253;0.897138226838964000;0.00525541979648224;0.0885473661892811;0.0005187088982231510;0.3014961401178930;;;
10;254;0.899046721157465000;0.00525435801958482;0.0883082559478129;0.0005161057617089860;0.3004489992447710;;;
10;255;0.900972224653331000;0.00525352983119831;0.0880687366192498;0.0005135249704320230;0.2994124730652360;;;
10;256;0.902871772285190000;0.00525268198977836;0.0878288053895549;0.0005109660069289900;0.2983863094283140;;;
260;268;0.925306849838219000;0.00525238157759519;0.0849164297093079;0.0004820168478362680;0.2867911502853600;;;
260;269;0.927208325301198000;0.00525324743234948;0.0846708713443659;0.0004797163974343020;0.2858882545223990;;;
260;270;0.929127404373048000;0.00525434036372527;0.0844248578176636;0.0004774339192292420;0.2849940908180810;;;
260;271;0.931019301206269000;0.00525540629618441;0.0841783857356024;0.0004751691160691760;0.2841085267483770;;;
260;272;0.932926535409847000;0.00525668307745502;0.0839314516600568;0.0004729215268958230;0.2832313310857710;;;
260;273;0.934857398335989000;0.00525821802607950;0.0836840521075337;0.0004706910295307550;0.2823624745972480;;;
260;274;0.936753444460468000;0.00525968334444743;0.0834361835483130;0.0004684774926940130;0.2815019226231910;;;
260;275;0.938673536900964000;0.00526140742331753;0.0831878424055660;0.0004662804631815160;0.2806494467514200;;;
260;276;0.940583116868738000;0.00526319536643456;0.0829390250544524;0.0004640996468407930;0.2798049131773080;;;
260;277;0.942498441312565000;0.00526514120690863;0.0826897278211938;0.0004619350804793980;0.2789683873141180;;;
260;278;0.944422431915582000;0.00526726022641701;0.0824399469821247;0.0004597864675091570;0.2781397335852840;;;
260;279;0.946344512543291000;0.00526949245320118;0.0821896787627190;0.0004576535143710310;0.2773188175879790;;;
260;280;0.948262141733201000;0.00527182296966395;0.0819389193365917;0.0004555359304744050;0.2765055060668000;;;
260;281;0.950186344546698000;0.00527431401442292;0.0816876648244749;0.0004534335794888240;0.2756997589136460;;;
260;282;0.952117353605318000;0.00527696580063496;0.0814359112931679;0.0004513461677915470;0.2749014402103260;;;
260;283;0.954036292672347000;0.00527967634543427;0.0811836547544589;0.0004492737068129810;0.2741105994936830;;;
260;284;0.955978842669432000;0.00528264038112545;0.0809308911640198;0.0004472157485721210;0.2733270061389860;;;
260;285;0.957901475439161000;0.00528561793600878;0.0806776164202713;0.0004451721469474930;0.2725506130130320;;;
260;286;0.959848228897380000;0.00528885291593689;0.0804238263632179;0.0004431427550379760;0.2717813724615640;;;
260;287;0.961789158798024000;0.00529217897385853;0.0801695167732518;0.0004411272752772830;0.2710191442230850;;;
260;288;0.963724425387332000;0.00529559778491114;0.0799146833699257;0.0004391255519601120;0.2702638746573190;;;
260;289;0.965668025747819000;0.00529918697818555;0.0796593218106911;0.0004371374318864980;0.2695155115921770;;;
260;290;0.967625762234271000;0.00530297878298341;0.0794034276896037;0.0004351627548256410;0.2687739984519370;;;
260;291;0.969564593127659000;0.00530679262115592;0.0791469965359926;0.0004332013567543270;0.2680392762270990;;;
260;292;0.971520800680568000;0.00531082428826601;0.0788900238130935;0.0004312527886947600;0.2673111091802170;;;
260;293;0.973486337134449000;0.00531503345847964;0.0786325049166437;0.0004293171651348040;0.2665896100998290;;;
260;294;0.975447499084733000;0.00531934395989160;0.0783744351734384;0.0004273941742030450;0.2658746276905890;;;
260;295;0.977404479508664000;0.00532375734244121;0.0781158098398465;0.0004254836405135770;0.2651660949639900;;;
260;296;0.979368703165736000;0.00532833618717675;0.0778566241002844;0.0004235853833842180;0.2644639414869970;;;
260;297;0.981354501001958000;0.00533315859846392;0.0775968730656465;0.0004216992232485210;0.2637680973671860;;;
260;298;0.983336873750603000;0.00533809043060980;0.0773365517716915;0.0004198251056875640;0.2630785709869150;;;
260;299;0.985321682574951000;0.00534316204740731;0.0770756551773816;0.0004179627047753630;0.2623952007144470;;;
260;300;0.987328979176690000;0.00534848391670152;0.0768141781631739;0.0004161119597876790;0.2617179909061940;;;
260;301;0.989325133377320000;0.00535387210276151;0.0765521155292624;0.0004142725398478080;0.2610467761117020;;;
260;302;0.991310332638873000;0.00535933123821240;0.0762894619937680;0.0004124445023398780;0.2603816351597590;;;
260;303;0.993310367982380000;0.00536500078925323;0.0760262121908751;0.0004106276361903570;0.2597224780842330;;;
260;304;0.995314186334585000;0.00537081917692160;0.0757623606689136;0.0004088216014160840;0.2590691329755870;;;
260;305;0.997344908535559000;0.00537691420222107;0.0754979018883821;0.0004070264333104190;0.2584216653182330;;;
260;306;0.999357205436749000;0.00538304115484498;0.0752328302199129;0.0004052419085648830;0.2577799770414360;;;
260;307;1.001391357136780000;0.00538941849504956;0.0749671399421747;0.0004034679225518210;0.2571440454223750;;;
260;308;1.003436288229600000;0.00539598606071241;0.0747008252397108;0.0004017042401649340;0.2565137647166990;;;
260;309;1.005500968731630000;0.00540279321128258;0.0744338802007119;0.0003999507460893970;0.2558891054902090;;;
260;310;1.007533986286070000;0.00540956646113938;0.0741662988147183;0.0003982074332736470;0.2552701079807290;;;
260;311;1.009604690749500000;0.00541667453042168;0.0738980749702522;0.0003964738121822710;0.2546565033552400;;;
260;312;1.011684706619770000;0.00542397075901296;0.0736292024523741;0.0003947501019813460;0.2540484772953030;;;
260;313;1.013754158860300000;0.00543134627193351;0.0733596749401621;0.0003930359185351670;0.2534458284599660;;;
260;314;1.015848097008710000;0.00543899136865773;0.0730894860041118;0.0003913312282481790;0.2528485809663140;;;
260;315;1.017946672674570000;0.00544680032789740;0.0728186291034510;0.0003896358655366570;0.2522566742524880;;;
260;316;1.020044452804880000;0.00545474480995200;0.0725470975833690;0.0003879496652639120;0.2516700481603820;;;
260;317;1.022156352381140000;0.00546290667568495;0.0722748846721543;0.0003862725590269070;0.2510887055449430;;;
260;318;1.024288642575750000;0.00547131985369819;0.0720019834782391;0.0003846043637850890;0.2505125752546490;;;
260;319;1.026427212098060000;0.00547990918456998;0.0717283869871452;0.0003829448810518240;0.2499415761378630;;;
260;320;1.028572492581300000;0.00548868045942275;0.0714540880583285;0.0003812941330828180;0.2493757714310050;;;
260;321;1.030722004300230000;0.00549761895577008;0.0711790794219172;0.0003796517922889060;0.2488149963195810;;;
260;322;1.032896711097160000;0.00550683968738569;0.0709033536753392;0.0003780178577327020;0.2482592998793390;;;
260;323;1.035100096772470000;0.00551636255874222;0.0706269032798347;0.0003763922021721430;0.2477086492301490;;;
260;324;1.037300418249050000;0.00552601811365069;0.0703497205568480;0.0003747745814502010;0.2471629348979260;;;
260;325;1.039495201850680000;0.00553579611083060;0.0700717976842949;0.0003731649596929540;0.2466221849518260;;;
260;326;1.041729107874080000;0.00554593702829598;0.0697931266926991;0.0003715632813942450;0.2460864155414530;;;
260;327;1.043970358658460000;0.00555626939529997;0.0695136994611918;0.0003699691640351060;0.2455554267892180;;;
260;328;1.046207707251510000;0.00556673890874750;0.0692335077133700;0.0003683827393984540;0.2450293600972160;;;
260;329;1.048480125962060000;0.00557755204878612;0.0689525430130052;0.0003668037076032440;0.2445080712926620;;;
260;330;1.050770560265850000;0.00558862162969908;0.0686707967595981;0.0003652320636031740;0.2439916128960310;;;
260;331;1.053073748689170000;0.00559992157095420;0.0683882601837699;0.0003636676860284740;0.2434799610309160;;;
260;332;1.055396292405910000;0.00561148560679738;0.0681049243424851;0.0003621102380686550;0.2429729481187540;;;
260;333;1.057727032112110000;0.00562326056076380;0.0678207801140965;0.0003605598669954480;0.2424707317396310;;;
260;334;1.060075591237650000;0.00563529742184644;0.0675358181932055;0.0003590163053392490;0.2419731925035300;;;
260;335;1.062445710485420000;0.00564761725904775;0.0672500290853274;0.0003574793715908840;0.2414802692207410;;;
260;336;1.064850106484310000;0.00566029171428501;0.0669634031013547;0.0003559490612123160;0.2409920212184450;;;
260;337;1.067280711004800000;0.00567328016095960;0.0666759303518071;0.0003544252500565710;0.2405084285083490;;;
260;338;1.069690679243910000;0.00568633414189027;0.0663876007408588;0.0003529077031481240;0.2400293969086200;;;
260;339;1.072164400441130000;0.00569990560176339;0.0660984039601323;0.0003513963556754600;0.2395549488007950;;;
520;279;0.945690149939288000;0.00526787026030216;0.0821896787627190;0.0004578291996439970;0.2772655796289780;;;
520;280.2;0.947988856162373000;0.00527070463414588;0.0818887081661265;0.0004552914212121240;0.2762900130507690;;;
520;281.4;0.950259334438611000;0.00527355965319702;0.0815870235163508;0.0004527753844106640;0.2753252093802060;;;
520;282.6;0.952567170653274000;0.00527680212942363;0.0812846179883976;0.0004502809444885720;0.2743711534588820;;;
520;283.8;0.954869201228157000;0.00528019122733906;0.0809814846422881;0.0004478076413346710;0.2734276379849160;;;
520;285;0.957173931607486000;0.00528377477382969;0.0806776164202713;0.0004453551652187550;0.2724945465008940;;;
520;286.2;0.959500968840442000;0.00528766139904732;0.0803730061439480;0.0004429232027001930;0.2715717598655540;;;
520;287.4;0.961803917818322000;0.00529159229012110;0.0800676465113025;0.0004405111406994510;0.2706589744100770;;;
520;288.6;0.964105049089072000;0.00529569449472140;0.0797615300936390;0.0004381189541601660;0.2697562465501140;;;
520;289.8;0.966429645012687000;0.00530010539276062;0.0794546493324186;0.0004357461689838040;0.2688633567076570;;;
520;291;0.968753224609136000;0.00530469070877414;0.0791469965359926;0.0004333924538122250;0.2679801723130410;;;
520;292.2;0.971076102714354000;0.00530945252008597;0.0788385638762281;0.0004310574737474800;0.2671065580965480;;;
520;293.4;0.973420984236354000;0.00531451674281817;0.0785293433850218;0.0004287410246755900;0.2662424594828200;;;
520;294.6;0.975751981897858000;0.00531968567117231;0.0782193269506972;0.0004264426211864190;0.2653876470241480;;;
520;295.8;0.978083398777387000;0.00532503929300444;0.0779085063142799;0.0004241620478390810;0.2645420583309490;;;
520;297;0.980446568733795000;0.00533074963011568;0.0775968730656465;0.0004218990769961480;0.2637056235360140;;;
520;298.2;0.982794143965261000;0.00533655883173460;0.0772844186395418;0.0004196533418303510;0.2628781856790990;;;
520;299.4;0.985177248543796000;0.00534274596051615;0.0769711343114582;0.0004174245979865500;0.2620596640345940;;;
520;300.6;0.987539940182066000;0.00534900702045117;0.0766570111933718;0.0004152124631683790;0.2612498911196490;;;
520;301.8;0.989916522923175000;0.00535552930829222;0.0763420402293286;0.0004130166781090520;0.2604487763125780;;;
520;303;0.992290427839044000;0.00536222423699262;0.0760262121908751;0.0004108369749615090;0.2596562235496460;;;
520;304.2;0.994687737054234000;0.00536923538951032;0.0757095176723255;0.0004086732011122030;0.2588722097129490;;;
520;305.4;0.997083311859008000;0.00537642608662292;0.0753919470858586;0.0004065249374979230;0.2580965431550370;;;
520;306.6;0.999506236748513000;0.00538395389380186;0.0750734906564375;0.0004043918861936260;0.2573291084368540;;;
520;307.8;1.001899731852640000;0.00539151682619407;0.0747541384165427;0.0004022739824025720;0.2565699386463320;;;
520;309;1.004350384249300000;0.00539957981716600;0.0744338802007119;0.0004001707805842320;0.2558188247062210;;;
520;310.2;1.006769680353360000;0.00540766863339644;0.0741127056398754;0.0003980820652884890;0.2550757039926950;;;
520;311.4;1.009224357707160000;0.00541614389509939;0.0737906041554805;0.0003960076143231260;0.2543405099587300;;;
520;312.6;1.011686208416890000;0.00542485723709363;0.0734675649533921;0.0003939473011624000;0.2536132380478050;;;
520;313.8;1.014150011027860000;0.00543377900902198;0.0731435770175617;0.0003919006351338400;0.2528936497442290;;;
520;315;1.016642469692980000;0.00544305524266000;0.0728186291034510;0.0003898674634599420;0.2521817239323130;;;
520;316.2;1.019138128347660000;0.00545255235049306;0.0724927097312019;0.0003878476173581420;0.2514774300606200;;;
520;317.4;1.021643426233300000;0.00546230747833684;0.0721658071785364;0.0003858409089802310;0.2507807260823980;;;
520;318.6;1.024170708797330000;0.00547238576987650;0.0718379094733776;0.0003838469018523570;0.2500914087936240;;;
520;319.8;1.026685627263710000;0.00548260761122082;0.0715090043861743;0.0003818654915461870;0.2494094911634780;;;
520;321;1.029235659387560000;0.00549322859896727;0.0711790794219172;0.0003798964320389970;0.2487348949177870;;;
520;322.2;1.031827538024910000;0.00550428631691060;0.0708481218118299;0.0003779394647812320;0.2480675341808430;;;
520;323.4;1.034403391374170000;0.00551547514017252;0.0705161185047186;0.0003759944155611810;0.2474073791695140;;;
520;324.6;1.036996270208520000;0.00552697440764852;0.0701830561579631;0.0003740610900727940;0.2467543880623070;;;
520;325.8;1.039621772025650000;0.00553886829670245;0.0698489211281304;0.0003721391617661560;0.2461084327418990;;;
520;327;1.042257229303550000;0.00555103850688709;0.0695136994611918;0.0003702283962310320;0.2454694465313000;;;
520;328.2;1.044909443524830000;0.00556352653805127;0.0691773768823222;0.0003683287336549260;0.2448374798549070;;;
520;329.4;1.047603059280610000;0.00557646397558054;0.0688399387852592;0.0003664397839586120;0.2442123653601910;;;
520;330.6;1.050288758005590000;0.00558959295772815;0.0685013702211992;0.0003645614348098220;0.2435941214333910;;;
520;331.8;1.052991227246460000;0.00560304783876885;0.0681616558872047;0.0003626934477929120;0.2429826841655240;;;
520;333;1.055750197186920000;0.00561704408822151;0.0678207801140965;0.0003608356531815160;0.2423780371912840;;;
520;334.2;1.058516336077610000;0.00563132137588202;0.0674787268538019;0.0003589877491708900;0.2417800771971940;;;
520;335.4;1.061323567720550000;0.00564606360936843;0.0671354796661291;0.0003571495066811060;0.2411887511641980;;;
520;336.6;1.064146351538750000;0.00566114104249120;0.0667910217049347;0.0003553208576028820;0.2406041169037330;;;
520;337.8;1.067006880721900000;0.00567667280061514;0.0664453357036506;0.0003535014035349640;0.2400260111195790;;;
520;339;1.069864707525580000;0.00569245053343181;0.0660984039601323;0.0003516910991036220;0.2394545117494070;;;
520;340.2;1.072787046449610000;0.00570883515597314;0.0657502083207898;0.0003498896654434140;0.2388895409772610;;;
520;341.4;1.075727589605850000;0.00572558467986229;0.0654007301639588;0.0003480968809359740;0.2383310622711200;;;
520;342.6;1.078699906346780000;0.00574277513533981;0.0650499503824660;0.0003463124780242820;0.2377790102627150;;;
520;343.8;1.081717699366320000;0.00576048597513817;0.0646978493653417;0.0003445363370766500;0.2372334239849530;;;
520;345;1.084767765550590000;0.00577865120392900;0.0643444069786255;0.0003427681911845960;0.2366942446920750;;;
520;346.2;1.087848978930160000;0.00579727013040682;0.0639896025452115;0.0003410078224799020;0.2361614505977600;;;
520;347.4;1.090975358882840000;0.00581642359763435;0.0636334148236709;0.0003392550460144740;0.2356350464143810;;;
520;348.6;1.094158065687170000;0.00583617822009179;0.0632758219859891;0.0003375097124574120;0.2351150658393070;;;
520;349.8;1.097384302800700000;0.00585646761012846;0.0629168015941470;0.0003357713516847340;0.2346013232025420;;;
520;351;1.100641369928780000;0.00587723713091765;0.0625563305754724;0.0003340401323056900;0.2340940828590140;;;
520;352.2;1.103958911024410000;0.00589864530115302;0.0621943851966804;0.0003323154642214650;0.2335930839643390;;;
520;353.4;1.107324537014140000;0.00592063449377529;0.0618309410365161;0.0003305972098030990;0.2330983867451800;;;
520;354.6;1.110750154945640000;0.00594327603817093;0.0614659729569067;0.0003288851616280210;0.2326100083563560;;;
520;355.8;1.114235793330090000;0.00596657974074464;0.0610994550725202;0.0003271791958115980;0.2321280313464730;;;
520;357;1.117763552754390000;0.00599045836078438;0.0607313607186220;0.0003254791111073400;0.2316524905474910;;;
520;358.2;1.121397324190030000;0.00601525597327175;0.0603616624171106;0.0003237843024758360;0.2311831396559300;;;
520;359.4;1.125059240507260000;0.00604057043455877;0.0599903318406039;0.0003220948833879500;0.2307202510468860;;;
520;360.6;1.128822782784060000;0.00606680421994024;0.0596173397744355;0.0003204105498589550;0.2302638082891120;;;
520;361.8;1.132652928686270000;0.00609377622182133;0.0592426560764115;0.0003187309013845060;0.2298137333504680;;;
520;363;1.136563331058370000;0.00612157116711323;0.0588662496341599;0.0003170557474707550;0.2293701078674720;;;
520;364.2;1.140558926963750000;0.00615022549593639;0.0584880883198962;0.0003153847850292070;0.2289329422445680;;;
780;283;0.952645139261556000;0.00527620375200667;0.0811836547544589;0.0004496338522748560;0.2740007398888590;;;
780;284.4;0.955320069161839000;0.00528022907825609;0.0808296428365561;0.0004467602474478470;0.2729044006279870;;;
780;285.8;0.957981662666776000;0.00528442582858274;0.0804746258013659;0.0004439147508799360;0.2718221174493610;;;
780;287.2;0.960685486033580000;0.00528910017460834;0.0801185921357146;0.0004410967645654330;0.2707536380493060;;;
780;288.6;0.963343865279103000;0.00529376877002207;0.0797615300936390;0.0004383056894606880;0.2696987080382740;;;
780;290;0.966048516830363000;0.00529893920269178;0.0794034276896037;0.0004355412057285180;0.2686572437927390;;;
780;291.4;0.968744692207809000;0.00530430982852112;0.0790442726914589;0.0004328026939379280;0.2676289766742310;;;
780;292.8;0.971430055257362000;0.00530986749470942;0.0786840526131269;0.0004300895273533200;0.2666136319455460;;;
780;294.2;0.974141462983678000;0.00531581638323726;0.0783227547070037;0.0004274013564483080;0.2656111055216900;;;
780;295.6;0.976834755744151000;0.00532191433300138;0.0779603659560629;0.0004247375377952590;0.2646211103213180;;;
780;297;0.979558224055035000;0.00532842864624911;0.0775968730656465;0.0004220978305819590;0.2636436090241260;;;
780;298.4;0.982275982836445000;0.00533516249538692;0.0772322624549273;0.0004194815686051600;0.2626782987796120;;;
780;299.8;0.985025387831952000;0.00534232072368077;0.0768665202480277;0.0004168883453675240;0.2617250379465220;;;
780;301.2;0.987756189983562000;0.00534963242398682;0.0764996322647755;0.0004143177408926410;0.2607836762443360;;;
780;302.6;0.990508714281104000;0.00535731617064344;0.0761315840110811;0.0004117691851053360;0.2598539684605600;;;
780;304;0.993258079794870000;0.00536524206213121;0.0757623606689136;0.0004092424843613240;0.2589359063905860;;;
780;305.4;0.996039250405535000;0.00537359846296608;0.0753919470858586;0.0004067370345251390;0.2580292227778330;;;
780;306.8;0.998810112562631000;0.00538216070127907;0.0750203277642326;0.0004042524748310550;0.2571338038356940;;;
780;308.2;1.001614411113780000;0.00539116537514707;0.0746474868497332;0.0004017882949572620;0.2562494407334320;;;
780;309.6;1.004424280640630000;0.00540046613968153;0.0742734081195987;0.0003993442147503720;0.2553760711988290;;;
780;311;1.007237607828720000;0.00541005210060146;0.0738980749702522;0.0003969196866914460;0.2545134625189350;;;
780;312.4;1.010078342589000000;0.00542005691501885;0.0735214704044009;0.0003945145017626340;0.2536615988342140;;;
780;313.8;1.012924244791270000;0.00543036096973964;0.0731435770175617;0.0003921280666997570;0.2528202181840250;;;
780;315.2;1.015770349600220000;0.00544094389627899;0.0727643769839812;0.0003897602376101590;0.2519893481325620;;;
780;316.6;1.018652483158730000;0.00545199856010597;0.0723838520419166;0.0003874104894769680;0.2511687714262360;;;
780;318;1.021545472077950000;0.00546339231817307;0.0720019834782391;0.0003850783877765740;0.2503583292701060;;;
780;319.4;1.024459081416140000;0.00547518257483748;0.0716187521123254;0.0003827636952126600;0.2495579918128600;;;
780;320.8;1.027385595100950000;0.00548732971310103;0.0712341382791918;0.0003804659179868570;0.2487675633962670;;;
780;322.2;1.030346654426100000;0.00549995536157840;0.0708481218118299;0.0003781848620974790;0.2479870450580210;;;
780;323.6;1.033290511523880000;0.00551278579969975;0.0704606820226945;0.0003759200756803740;0.2472162707365510;;;
780;325;1.036300738148480000;0.00552627073761147;0.0700717976842949;0.0003736711852260280;0.2464551267065340;;;
780;326.4;1.039310883808300000;0.00554006050726090;0.0696814470088348;0.0003714378812698390;0.2457035429907180;;;
780;327.8;1.042351738521910000;0.00555432380301738;0.0692896076268416;0.0003692198158456960;0.2449614260973420;;;
780;329.2;1.045400997310590000;0.00556894578038812;0.0688962565647257;0.0003670165977148720;0.2442286556324070;;;
780;330.6;1.048501595807190000;0.00558416030567458;0.0685013702211992;0.0003648278972613810;0.2435051540516820;;;
780;332;1.051598671545630000;0.00559968289985506;0.0681049243424851;0.0003626535393735410;0.2427909496476870;;;
780;333.4;1.054777051279590000;0.00561596774013432;0.0677068939962375;0.0003604929894960080;0.2420858332087500;;;
780;334.8;1.057934237376140000;0.00563247576148162;0.0673072535440909;0.0003583459734692390;0.2413897720789140;;;
780;336.2;1.061140474205070000;0.00564958695124899;0.0669059766127476;0.0003562121525098860;0.2407026934674240;;;
780;337.6;1.064394697104030000;0.00566730265032693;0.0665030360635072;0.0003540912347298790;0.2400245596311910;;;
780;339;1.067671960602760000;0.00568549626139313;0.0660984039601323;0.0003519828584682730;0.2393552893269010;;;
780;340.4;1.070992238980190000;0.00570428128297101;0.0656920515349387;0.0003498866998023590;0.2386948307122950;;;
780;341.8;1.074327786149750000;0.00572351777854687;0.0652839491529867;0.0003478024569856800;0.2380431514396010;;;
780;343.2;1.077743924318890000;0.00574356079983556;0.0648740662742414;0.0003457297559938900;0.2374001744118090;;;
780;344.6;1.081183054619600000;0.00576411121183460;0.0644623714135575;0.0003436682402843100;0.2367658392039700;;;
780;346;1.084686875118130000;0.00578540118144847;0.0640488320983345;0.0003416176570328130;0.2361401622922480;;;
780;347.4;1.088234090881190000;0.00580732601963599;0.0636334148236709;0.0003395776595498510;0.2355231016855820;;;
780;348.8;1.091824618862880000;0.00582989311420829;0.0632160850048341;0.0003375478188618980;0.2349145644097620;;;
780;350.2;1.095497821941660000;0.00585332696134287;0.0627968069268460;0.0003355280455233300;0.2343147006418690;;;
780;351.6;1.099190637933560000;0.00587729613688236;0.0623755436909646;0.0003335177077745470;0.2337232904409720;;;
780;353;1.102976130216880000;0.00590220145445816;0.0619522571578243;0.0003315164238703670;0.2331402950034280;;;
780;354.4;1.106818870718760000;0.00592787142253026;0.0615269078869725;0.0003295241964414530;0.2325659552440860;;;
780;355.8;1.110732053748330000;0.00595438405713106;0.0610994550725202;0.0003275404000050960;0.2320000803101410;;;
780;357.2;1.114704972539600000;0.00598169365437712;0.0606698564745912;0.0003255646152355710;0.2314426335401210;;;
780;358.6;1.118793886502700000;0.00601012118970562;0.0602380683462295;0.0003235967727052250;0.2308938385745090;;;
780;360;1.122943368063130000;0.00603938040654749;0.0598040453553880;0.0003216363264824080;0.2303535931763760;;;
780;361.4;1.127177141677410000;0.00606961070192147;0.0593677405015839;0.0003196827364340190;0.2298218107671180;;;
780;362.8;1.131510313462280000;0.00610091227581196;0.0589291050267673;0.0003177357696018930;0.2292986391788080;;;
780;364.2;1.135964561570570000;0.00613342166533976;0.0584880883198962;0.0003157951578784980;0.2287842182668560;;;
780;365.6;1.140498470609280000;0.00616692635617147;0.0580446378146672;0.0003138601374734590;0.2282783460483070;;;
780;367;1.145174311350560000;0.00620178867322822;0.0575986988797821;0.0003119306421430590;0.2277813445820020;;;
780;368.4;1.149973215871960000;0.00623792384032086;0.0571502147010730;0.0003100060782658890;0.2272931738607420;;;
780;369.8;1.154868044594920000;0.00627520385236520;0.0566991261547264;0.0003080859120980170;0.2268138584535270;;;
780;371.2;1.159968832727710000;0.00631424827385029;0.0562453716707659;0.0003061696409110060;0.2263434692830800;;;
780;372.6;1.165201864881020000;0.00635468358554879;0.0557888870858545;0.0003042569152227670;0.2258822173413470;;;
780;374;1.170594518750410000;0.00639668385147891;0.0553296054843709;0.0003023472160867320;0.2254302183194930;;;
780;375.4;1.176166363598690000;0.00644038218459695;0.0548674570265862;0.0003004399748917950;0.2249875827885890;;;
780;376.8;1.181944455733750000;0.00648595681645166;0.0544023687626294;0.0002985346839230640;0.2245545020376210;;;
780;378.2;1.187939393460870000;0.00653349331561170;0.0539342644307661;0.0002966305840858130;0.2241310170556820;;;
780;379.6;1.194142648094730000;0.00658297714952783;0.0534630642383308;0.0002947270418540070;0.2237173047293650;;;
780;381;1.200620235887860000;0.00663481201103061;0.0529886846234379;0.0002928236178930570;0.2233137372173570;;;
780;382.4;1.207383460156080000;0.00668909635764273;0.0525110379953550;0.0002909195003759300;0.2229204568068640;;;
1040;275;0.936872240337113000;0.00525706485261267;0.0831878424055660;0.0004667913762901350;0.2804956885002370;;;
1040;276.7;0.940081244003080000;0.00526011662606398;0.0827645675993800;0.0004630996319261410;0.2790627749669160;;;
1040;278.4;0.943282317321611000;0.00526348425154595;0.0823398983931079;0.0004594539201122880;0.2776523940855870;;;
1040;280.1;0.946484344983714000;0.00526722167694495;0.0819138162287212;0.0004558535286588700;0.2762643225791880;;;
1040;281.8;0.949690905772052000;0.00527134549929000;0.0814863021115977;0.0004522971098060150;0.2748979501842340;;;
1040;283.5;0.952919331876096000;0.00527595170797942;0.0810573365956990;0.0004487836264318190;0.2735528508436800;;;
1040;285.2;0.956132248007841000;0.00528083654168325;0.0806268997680864;0.0004453123293614210;0.2722287715265690;;;
1040;286.9;0.959360695371949000;0.00528616798862030;0.0801949712327398;0.0004418818613519260;0.2709250854337600;;;
1040;288.6;0.962597419737305000;0.00529191050387113;0.0797615300936390;0.0004384915960220950;0.2696416098672580;;;
1040;290.3;0.965835065028430000;0.00529802113342266;0.0793265549370677;0.0004351403047122000;0.2683777906214170;;;
1040;292;0.969091287935502000;0.00530459920552806;0.0788900238130935;0.0004318271795988710;0.2671333293846870;;;
1040;293.7;0.972353212645557000;0.00531157450866349;0.0784519142161777;0.0004285512530706280;0.2659078273595810;;;
1040;295.4;0.975616221733966000;0.00531892557948637;0.0780122030648640;0.0004253118112943160;0.2647010411804240;;;
1040;297.1;0.978881289913024000;0.00532665793164987;0.0775708666804899;0.0004221078454827750;0.2635125427817250;;;
1040;298.8;0.982177711600217000;0.00533493226475239;0.0771278807648655;0.0004189384616904650;0.2623419732336040;;;
1040;300.5;0.985461405848590000;0.00534351334503706;0.0766832203768534;0.0004158030025247790;0.2611891203229810;;;
1040;302.2;0.988758910739933000;0.00535254788887926;0.0762368599077861;0.0004127006483803350;0.2600536696480040;;;
1040;303.9;0.992077142796849000;0.00536207526923750;0.0757887730556461;0.0004096305500415610;0.2589352869161280;;;
1040;305.6;0.995414535991029000;0.00537208846649718;0.0753389327979335;0.0004065918241379110;0.2578336148297950;;;
1040;307.3;0.998775278489210000;0.00538261787501406;0.0748873113631357;0.0004035840588332230;0.2567485945104310;;;
1040;309;1.002134819829740000;0.00539353038205347;0.0744338802007119;0.0004006061723160910;0.2556797418761970;;;
1040;310.7;1.005505930845330000;0.00540490198861004;0.0739786099494939;0.0003976576604520610;0.2546269397395400;;;
1040;312.4;1.008907370368420000;0.00541683682831937;0.0735214704044009;0.0003947377333692410;0.2535898892589500;;;
1040;314.1;1.012311649161470000;0.00542919159056942;0.0730624304813545;0.0003918456667810820;0.2525683335311210;;;
1040;315.8;1.015749306608250000;0.00544213570519694;0.0726014581802743;0.0003889808097743710;0.2515620634717090;;;
1040;317.5;1.019198670964830000;0.00545555952668062;0.0721385205460219;0.0003861425688800530;0.2505709084483890;;;
1040;319.2;1.022705270047450000;0.00546971103151863;0.0716735836271522;0.0003833301758733660;0.2495945859304390;;;
1040;320.9;1.026197697561000000;0.00548421516900785;0.0712066124323177;0.0003805430327539460;0.2486329251668690;;;
1040;322.6;1.029748137464830000;0.00549946417552588;0.0707375708841610;0.0003777804715422000;0.2476857118450510;;;
1040;324.3;1.033293832084610000;0.00551512995791629;0.0702664217705125;0.0003750418668040620;0.2467527616036150;;;
1040;326;1.036889796412840000;0.00553151587405631;0.0697931266926991;0.0003723267308987740;0.2458339837063530;;;
1040;327.7;1.040508660951550000;0.00554847989453121;0.0693176460107487;0.0003696341795705430;0.2449290288877630;;;
1040;329.4;1.044173394617170000;0.00556615721616719;0.0688399387852592;0.0003669638816746170;0.2440379166001610;;;
1040;331.1;1.047844782687940000;0.00558434579983050;0.0683599627156777;0.0003643150941579410;0.2431603979414340;;;
1040;332.8;1.051572851544980000;0.00560332310409846;0.0678776740747132;0.0003616872942625950;0.2422963746418720;;;
1040;334.5;1.055342438975140000;0.00562301801322775;0.0673930276385813;0.0003590798534982680;0.2414456830344420;;;
1040;336.2;1.059159352554330000;0.00564347166882615;0.0669059766127476;0.0003564921393353960;0.2406081619210340;;;
1040;337.9;1.063029596501690000;0.00566472818061028;0.0664164725528106;0.0003539236019060710;0.2397837118460190;;;
1040;339.6;1.066944376655840000;0.00568675305225040;0.0659244652801223;0.0003513736632876410;0.2389722215185820;;;
1040;341.3;1.070904052034860000;0.00570956226118905;0.0654299027917130;0.0003488418061571330;0.2381736287142340;;;
1040;343;1.074909197812070000;0.00573317143744627;0.0649327311640362;0.0003463273739054140;0.2373877848875010;;;
1040;344.7;1.078996806044520000;0.00575779497966344;0.0644328944500054;0.0003438299299044620;0.2366147014278910;;;
1040;346.4;1.083131876577410000;0.00578325853903825;0.0639303345687380;0.0003413486956607010;0.2358541654592120;;;
1040;348.1;1.087349025560720000;0.00580976355665072;0.0634249911873587;0.0003388830943138900;0.2351061132402400;;;
1040;349.8;1.091634942670470000;0.00583726106960653;0.0629168015941470;0.0003364327965457380;0.2343706661577910;;;
1040;351.5;1.095988725257600000;0.00586576017395652;0.0624057005622368;0.0003339969331343140;0.2336475848248060;;;
1040;353.2;1.100428049603310000;0.00589537745285889;0.0618916202029843;0.0003315750288236580;0.2329369187545250;;;
1040;354.9;1.104952896769400000;0.00592613533121777;0.0613744898080247;0.0003291665495879560;0.2322386944048070;;;
1040;356.6;1.109591055773320000;0.00595820264161427;0.0608542356789248;0.0003267707196169570;0.2315527865035560;;;
1040;358.3;1.114310203910650000;0.00599143150556490;0.0603307809432081;0.0003243869978305030;0.2308792555211880;;;
1040;360;1.119160598297380000;0.00602611723786148;0.0598040453553880;0.0003220147217103800;0.2302180989874090;;;
1040;361.7;1.124096053952940000;0.00606203868169262;0.0592739450814742;0.0003196532419421370;0.2295693488377310;;;
1040;363.4;1.129183553463750000;0.00609958904243575;0.0587403924652322;0.0003173020481304840;0.2289331652022160;;;
1040;365.1;1.134405947398300000;0.00613870099793466;0.0582032957742538;0.0003149601169422020;0.2283093694702280;;;
1040;366.8;1.139774453843410000;0.00617947586517602;0.0576625589236495;0.0003126271079259830;0.2276983101357960;;;
1040;368.5;1.145313585195950000;0.00622207584218724;0.0571180811748866;0.0003103019449206550;0.2270998404731610;;;
1040;370.2;1.151006732450900000;0.00626645459179148;0.0565697568069598;0.0003079841345016830;0.2265142798475470;;;
1040;371.9;1.156905574609100000;0.00631293034723611;0.0560174747567012;0.0003056726703789970;0.2259416195791530;;;
1040;373.6;1.163011912481470000;0.00636156064700579;0.0554611182245832;0.0003033668557905380;0.2253821303866760;;;
1040;375.3;1.169329603230570000;0.00641241126140926;0.0549005642418497;0.0003010656665405080;0.2248358992111950;;;
1040;377;1.175901255594090000;0.00646577158828091;0.0543356831941953;0.0002987683829365120;0.2243033049317900;;;
1040;378.7;1.182738849050210000;0.00652175896230610;0.0537663382964990;0.0002964738149399270;0.2237844482466410;;;
1040;380.4;1.189860643969340000;0.00658053667953276;0.0531923850122697;0.0002941810391151060;0.2232797113972770;;;
1040;382.1;1.197346061521530000;0.00664260841816655;0.0526136704104620;0.0002918888876078630;0.2227893850460440;;;
1040;383.8;1.205170252908040000;0.00670790681934856;0.0520300324511354;0.0002895961036606580;0.2223137955986270;;;
1040;385.5;1.213416342318100000;0.00677697584767590;0.0514412991900105;0.0002873015881076540;0.2218535086888520;;;
1040;387.2;1.222101551254690000;0.00684999806571350;0.0508472878902859;0.0002850039944206310;0.2214090358180400;;;
1040;388.9;1.231310996571250000;0.00692753750481941;0.0502478040280369;0.0002827015659799630;0.2209807219963900;;;
1040;390.6;1.241076321471210000;0.00700988137713817;0.0496426401750565;0.0002803929241535950;0.2205693795529580;;;
1040;392.3;1.251503744014870000;0.00709773809457528;0.0490315747400037;0.0002780760964827000;0.2201755561191060;;;
1040;394;1.262639564197620000;0.00719150452619477;0.0484143705450727;0.0002757494496293700;0.2198002961304340;;;
1040;395.7;1.274655501578580000;0.00729229158206230;0.0477907732109054;0.0002734105432836820;0.2194442692938410;;;
1300;273;0.932554260930216000;0.00525274411349676;0.0836840521075337;0.0004713622901287640;0.2821613686931920;;;
1300;274.9;0.936091838300803000;0.00525547504530369;0.0832126978890269;0.0004671787951938610;0.2805300839815790;;;
1300;276.8;0.939672075873486000;0.00525890092282838;0.0827396258364269;0.0004630546185606170;0.2789277104561070;;;
1300;278.7;0.943231671161494000;0.00526266623307769;0.0822648106301326;0.0004589882361992970;0.2773536205369420;;;
1300;280.6;0.946817742193136000;0.00526703199434817;0.0817882262901447;0.0004549779597849020;0.2758070817701340;;;
1300;282.5;0.950371644118831000;0.00527167474883359;0.0813098461511807;0.0004510225714742890;0.2742876412074390;;;
1300;284.4;0.953946273884914000;0.00527688605132246;0.0808296428365561;0.0004471203740652760;0.2727945504328470;;;
1300;286.3;0.957521011264175000;0.00528255197571005;0.0803475882307567;0.0004432699710594870;0.2713272382805770;;;
1300;288.2;0.961116425270962000;0.00528878804482866;0.0798636534506205;0.0004394701042247830;0.2698852140096890;;;
1300;290.1;0.964703388835681000;0.00529543370759226;0.0793778088150402;0.0004357193405750280;0.2684678758151010;;;
1300;292;0.968313728466951000;0.00530266704643535;0.0788900238130935;0.0004320165224017770;0.2670747872488790;;;
1300;293.9;0.971923742644047000;0.00531035727430938;0.0784002670704976;0.0004283601791772370;0.2657053152650740;;;
1300;295.8;0.975531881371328000;0.00531850212020522;0.0779085063142799;0.0004247493740871380;0.2643591538406830;;;
1300;297.7;0.979176142175267000;0.00532730895765380;0.0774147083355453;0.0004211827182123960;0.2630357139642210;;;
1300;299.6;0.982818572435051000;0.00533657416254601;0.0769188389502136;0.0004176590675710640;0.2617345556908370;;;
1300;301.5;0.986483279630348000;0.00534643164705186;0.0764208629575871;0.0004141772381226350;0.2604552115942230;;;
1300;303.4;0.990140497032136000;0.00535672580448449;0.0759207440966018;0.0004107362644159490;0.2591973496199660;;;
1300;305.3;0.993834579450993000;0.00536770197768737;0.0754184449995981;0.0004073351287515860;0.2579606040819200;;;
1300;307.2;0.997518524669521000;0.00537910743561902;0.0749139271434360;0.0004039725103472970;0.2567444158007930;;;
1300;309.1;1.001254366832370000;0.00539128589254930;0.0744071507977670;0.0004006476632605290;0.2555485887560360;;;
1300;311;1.004989234963100000;0.00540395571461212;0.0738980749702522;0.0003973594050975000;0.2543726494419490;;;
1300;312.9;1.008753826808080000;0.00541728831285181;0.0733866573485061;0.0003941067390359050;0.2532162416600030;;;
1300;314.8;1.012532690769490000;0.00543121094874597;0.0728728542385179;0.0003908889534280840;0.2520791931154260;;;
1300;316.7;1.016324858208210000;0.00544572161466188;0.0723566204992867;0.0003877047865497830;0.2509609784348910;;;
1300;318.6;1.020161653635000000;0.00546100017609494;0.0718379094733776;0.0003845535998011250;0.2498614750785510;;;
1300;320.5;1.024030774631110000;0.00547698688645725;0.0713166729130825;0.0003814343201466980;0.2487802815040030;;;
1300;322.4;1.027902189326530000;0.00549353140051550;0.0707928609018368;0.0003783461192463960;0.2477171568090650;;;
1300;324.3;1.031837208801230000;0.00551097080115157;0.0702664217705125;0.0003752880739090420;0.2466718010118930;;;
1300;326.2;1.035782410798600000;0.00552903264961475;0.0697373020081690;0.0003722594781291220;0.2456440601996210;;;
1300;328.1;1.039767067650160000;0.00554788211905993;0.0692054461668038;0.0003692592978522350;0.2446335686470510;;;
1300;330;1.043808975563360000;0.00556762647977340;0.0686707967595981;0.0003662867012803030;0.2436400978105710;;;
1300;331.9;1.047860633552400000;0.00558802817962972;0.0681332941521031;0.0003633410355365870;0.2426635440365910;;;
1300;333.8;1.051990837695690000;0.00560946697983585;0.0675928764457523;0.0003604213980846970;0.2417036443143380;;;
1300;335.7;1.056161345762900000;0.00563175355756217;0.0670494793530244;0.0003575269492620270;0.2407601841185810;;;
1300;337.6;1.060375806178660000;0.00565492501527751;0.0665030360635072;0.0003546569810779580;0.2398330456713250;;;
1300;339.5;1.064641131880970000;0.00567903418910899;0.0659534771000324;0.0003518106149815530;0.2389220055598330;;;
1300;341.4;1.068961529210630000;0.00570412074986286;0.0654007301639588;0.0003489869857710400;0.2380268588224280;;;
1300;343.3;1.073353581002750000;0.00573029608191787;0.0648447199685802;0.0003461854987448580;0.2371475964983780;;;
1300;345.2;1.077822202896970000;0.00575760580357741;0.0642853680595141;0.0003434052548089410;0.2362840155093960;;;
1300;347.1;1.082375707435860000;0.00578611894173889;0.0637225926207969;0.0003406455795773230;0.2354360813000320;;;
1300;349;1.086977394326380000;0.00581566126989774;0.0631563082652597;0.0003379055515276960;0.2346036054443750;;;
1300;350.9;1.091657542992120000;0.00584641827786750;0.0625864258075849;0.0003351842582289600;0.2337864224190600;;;
1300;352.8;1.096474403153630000;0.00587873492222632;0.0620128520182502;0.0003324811940324530;0.2329846705388700;;;
1300;354.7;1.101347203178010000;0.00591220636051146;0.0614354893563367;0.0003297954449655610;0.2321982272042580;;;
1300;356.6;1.106350619619530000;0.00594726341905562;0.0608542356789248;0.0003271261057116960;0.2314269999340120;;;
1300;358.5;1.111459831410260000;0.00598380815126434;0.0602689839244977;0.0003244723984475790;0.2306710140473920;;;
1300;360.4;1.116675107731570000;0.00602187551602559;0.0596796217674325;0.0003218333162785600;0.2299301636304040;;;
1300;362.3;1.122031151663820000;0.00606169903650678;0.0590860312402576;0.0003192083732336430;0.2292047499606240;;;
1300;364.2;1.127563760389050000;0.00610350772026902;0.0584880883198962;0.0003165962858553480;0.2284945439611160;;;
1300;366.1;1.133221545815700000;0.00614707073355744;0.0578856624735709;0.0003139962022410590;0.2277996682838090;;;
1300;368;1.139048950089670000;0.00619268315365233;0.0572786161594201;0.0003114074433122780;0.2271204224220990;;;
1300;369.9;1.145079803218030000;0.00624057626858043;0.0566668042761350;0.0003088287060763100;0.2264567085977720;;;
1300;371.8;1.151304027606500000;0.00629075185092778;0.0560500735550564;0.0003062588990452330;0.2258086429990970;;;
1300;373.7;1.157753257141810000;0.00634345260068426;0.0554282618871442;0.0003036973118844320;0.2251766943541680;;;
1300;375.6;1.164449364854430000;0.00639885781006518;0.0548011975760131;0.0003011423954480270;0.2245607922459960;;;
1300;377.5;1.171414024104230000;0.00645716584267696;0.0541686985067777;0.0002985932066228270;0.2239614044968800;;;
1300;379.4;1.178675294075330000;0.00651861127659983;0.0535305712187156;0.0002960484426399190;0.2233788349531940;;;
1300;381.3;1.186253053528790000;0.00658338817584553;0.0528866098676705;0.0002935065844742440;0.2228133398407130;;;
1300;383.2;1.194211302523440000;0.00665195003362849;0.0522365950616063;0.0002909662800397670;0.2222654333074740;;;
1300;385.1;1.202577193985980000;0.00672455249735548;0.0515802925496652;0.0002884258796971840;0.2217355551838190;;;
1300;387;1.211387744473860000;0.00680152020661430;0.0509174517413690;0.0002858837547829450;0.2212243347174220;;;
1300;388.9;1.220727460634970000;0.00688345552916989;0.0502478040280369;0.0002833380386851660;0.2207324182225350;;;
1300;390.8;1.230636665802550000;0.00697072621189858;0.0495710608728659;0.0002807866066242720;0.2202604811269500;;;
1300;392.7;1.241207478477820000;0.00706401458384452;0.0488869116291426;0.0002782273412748800;0.2198094711879760;;;
1300;394.6;1.252523649341490000;0.00716397298502569;0.0481950210373281;0.0002756577322158240;0.2193803381942810;;;
1300;396.5;1.264727633408600000;0.00727161731765774;0.0474950263407885;0.0002730751245716710;0.2189742798849680;;;
1300;398.4;1.277951503448850000;0.00738793141956672;0.0467865339460388;0.0002704763860128750;0.2185925383982840;;;
1300;400.3;1.292340088707190000;0.00751401370484176;0.0460691155356019;0.0002678582584641020;0.2182367567231770;;;
1300;402.2;1.308159023479250000;0.00765170018259902;0.0453423035186987;0.0002652167709631600;0.2179085962638560;;;
1300;404.1;1.325636202390160000;0.00780267068684191;0.0446055856752233;0.0002625476697075330;0.2176101971333980;;;
1300;406;1.345175249336730000;0.00796970158469568;0.0438583988093823;0.0002598459573692700;0.2173439423967880;;;
1300;407.9;1.367239744590610000;0.00815602049931476;0.0431001211775148;0.0002571059488561150;0.2171126779814900;;;
1560;275;0.935720620473526000;0.00525439199154368;0.0831878424055660;0.0004671282467927300;0.2803945414371950;;;
1560;277;0.939444316135967000;0.00525783928113304;0.0826897278211938;0.0004627941130909430;0.2787094515919630;;;
1560;279;0.943184887275886000;0.00526188437329410;0.0821896787627190;0.0004585236597425600;0.2770554594987320;;;
1560;281;0.946916613844169000;0.00526638613175905;0.0816876648244749;0.0004543153841402480;0.2754319898703670;;;
1560;283;0.950651627243346000;0.00527141116929858;0.0811836547544589;0.0004501674558514040;0.2738382634818730;;;
1560;285;0.954396791460199000;0.00527699774157798;0.0806776164202713;0.0004460781966736320;0.2722735867671870;;;
1560;287;0.958159101168170000;0.00528318590716521;0.0801695167732518;0.0004420460659240250;0.2707373443028590;;;
1560;289;0.961906819072629000;0.00528980023916747;0.0796593218106911;0.0004380693547555520;0.2692288123327960;;;
1560;291;0.965666206419354000;0.00529698681956225;0.0791469965359926;0.0004341464935524840;0.2677473465174390;;;
1560;293;0.969444400808447000;0.00530478693994246;0.0786325049166437;0.0004302760269582430;0.2662923679198800;;;
1560;295;0.973212126157577000;0.00531304416342519;0.0781158098398465;0.0004264566135026030;0.2648633639978300;;;
1560;297;0.977004567394773000;0.00532195416759978;0.0775968730656465;0.0004226868694233680;0.2634597925274540;;;
1560;299;0.980806494481533000;0.00533143482853789;0.0770756551773816;0.0004189652441711130;0.2620810032954030;;;
1560;301;0.984636599790507000;0.00534159512532660;0.0765521155292624;0.0004152906841280810;0.2607266529387820;;;
1560;303;0.988439640125632000;0.00535213565177256;0.0760262121908751;0.0004116615564753050;0.2593960325776780;;;
1560;305;0.992282837842738000;0.00536343073987006;0.0754979018883821;0.0004080769638868000;0.2580888927021680;;;
1560;307;0.996128011291874000;0.00537527443642653;0.0749671399421747;0.0004045353070440950;0.2568045393264200;;;
1560;309;1.000025969415370000;0.00538795270995406;0.0744338802007119;0.0004010358118742450;0.2555427989974470;;;
1560;311;1.003906606083950000;0.00540108876876787;0.0738980749702522;0.0003975768864718660;0.2543029778797300;;;
1560;313;1.007820995508040000;0.00541496995876840;0.0733596749401621;0.0003941577301490380;0.2530848851885100;;;
1560;315;1.011765556918610000;0.00542958320427843;0.0728186291034510;0.0003907770953804900;0.2518880451059440;;;
1560;317;1.015713324289050000;0.00544479269778645;0.0722748846721543;0.0003874338899430600;0.2507120811675150;;;
1560;319;1.019707503454820000;0.00546084142715247;0.0717283869871452;0.0003841271598327330;0.2495567074148390;;;
1560;321;1.023709506949230000;0.00547752979626391;0.0711790794219172;0.0003808556292166220;0.2484214304687800;;;
1560;323;1.027777795205010000;0.00549518484595093;0.0706269032798347;0.0003776184798216760;0.2473060561615730;;;
1560;325;1.031844325801960000;0.00551345416242013;0.0700717976842949;0.0003744146621249980;0.2462102430809240;;;
1560;327;1.035971010828770000;0.00553268240735656;0.0695136994611918;0.0003712432279080200;0.2451337196201850;;;
1560;329;1.040110465256190000;0.00555262888886502;0.0689525430130052;0.0003681030958576270;0.2440761305297980;;;
1560;331;1.044310420472730000;0.00557356597632261;0.0683882601837699;0.0003649934661837570;0.2430373118196180;;;
1560;333;1.048544495419920000;0.00559536743015803;0.0678207801140965;0.0003619132862705560;0.2420169381475460;;;
1560;335;1.052816209314570000;0.00561806977751544;0.0672500290853274;0.0003588616442249560;0.2410147843953450;;;
1560;337;1.057174372287260000;0.00564195128974085;0.0666759303518071;0.0003558375619994990;0.2400305890974290;;;
1560;339;1.061548056298560000;0.00566665561969910;0.0660984039601323;0.0003528402600630650;0.2390642338656840;;;
1560;341;1.065998682353980000;0.00569253250536378;0.0655173665541140;0.0003498688553268600;0.2381155420077730;;;
1560;343;1.070506873589570000;0.00571949842237680;0.0649327311640362;0.0003469222502122010;0.2371842025181990;;;
1560;345;1.075071581330730000;0.00574757604189970;0.0643444069786255;0.0003439997655996270;0.2362702029810500;;;
1560;347;1.079728478003450000;0.00577697910495216;0.0637522990979519;0.0003411002926055560;0.2353732525962370;;;
1560;349;1.084462257329920000;0.00580765830233408;0.0631563082652597;0.0003382231659629990;0.2344933827605540;;;
1560;351;1.089273161044920000;0.00583964149031240;0.0625563305754724;0.0003353672490744150;0.2336303191401810;;;
1560;353;1.094183237938590000;0.00587308389110972;0.0619522571578243;0.0003325318748411730;0.2327841349192410;;;
1560;355;1.099184747478200000;0.00590797608135414;0.0613439738297305;0.0003297159380647700;0.2319546230926330;;;
1560;357;1.104294949190390000;0.00594445095270569;0.0607313607186220;0.0003269186328775680;0.2311418134650560;;;
1560;359;1.109522740353240000;0.00598259548542064;0.0601142918480137;0.0003241389094059370;0.2303455954107020;;;
1560;361;1.114856497908630000;0.00602239603331296;0.0594926346835506;0.0003213760764741190;0.2295661480993140;;;
1560;363;1.120340504997730000;0.00606413261787949;0.0588662496341599;0.0003186287944659010;0.2288032286206220;;;
1560;365;1.125977425197860000;0.00610787300224626;0.0582349895027165;0.0003158961380662080;0.2280569322871890;;;
1560;367;1.131771152359220000;0.00615369969093260;0.0575986988797821;0.0003131773545877900;0.2273275311440490;;;
1560;369;1.137727005244290000;0.00620169523133936;0.0569572134729798;0.0003104710335234700;0.2266148783385890;;;
1560;371;1.143891680463400000;0.00625218341620959;0.0563103593633807;0.0003077762527566490;0.2259192441729300;;;
1560;373;1.150252647774430000;0.00630516780589317;0.0556579521788743;0.0003050918673381740;0.2252408102340220;;;
1560;375;1.156842362076880000;0.00636089884504796;0.0549997961728110;0.0003024164323697690;0.2245796181093230;;;
1560;377;1.163677510634730000;0.00641955842070698;0.0543356831941953;0.0002997489333654850;0.2239361206442160;;;
1560;379;1.170774751276460000;0.00648132622571811;0.0536653915332751;0.0002970878123044810;0.2233104737103660;;;
1560;381;1.178181717591290000;0.00654656730232310;0.0529886846234379;0.0002944316525791200;0.2227030584029710;;;
1560;383;1.185950137824590000;0.00661568274083145;0.0523053095767458;0.0002917789903506920;0.2221143599772120;;;
1560;385;1.194100173766720000;0.00668890778747866;0.0516149955260663;0.0002891281260230590;0.2215448449473990;;;
1560;387;1.202624748120030000;0.00676633749275818;0.0509174517413690;0.0002864772767165310;0.2209950994463270;;;
1560;389;1.211648383340880000;0.00684881645283340;0.0502123654810935;0.0002838243169972910;0.2204656570844520;;;
1560;391;1.221213328044610000;0.00693675685711905;0.0494993995311810;0.0002811673368083750;0.2199574633776800;;;
1560;393;1.231390881498320000;0.00703074490756791;0.0487781893739431;0.0002785037730049990;0.2194712417713980;;;
1560;395;1.242235847177580000;0.00713130550076248;0.0480483399157633;0.0002758311889986910;0.2190081470781890;;;
1560;397;1.253874149924120000;0.00723938999960066;0.0473094216858465;0.0002731465149513880;0.2185692251913900;;;
1560;399;1.266432135866950000;0.00735599840864481;0.0465609663966851;0.0002704467022107870;0.2181559987933460;;;
1560;401;1.280037248504340000;0.00748217259183899;0.0458024617289816;0.0002677280869660400;0.2177700448939200;;;
1560;403;1.294915700466350000;0.00761957990650651;0.0450333451672352;0.0002649864943605680;0.2174131756404880;;;
1560;405;1.311265181181410000;0.00776978937566666;0.0442529966639156;0.0002622173365504280;0.2170876447529290;;;
1560;407;1.329411258626140000;0.00793519800728632;0.0434607298455998;0.0002594152070160840;0.2167959722912100;;;
1560;409;1.349741391350790000;0.00811867991469402;0.0426557813871416;0.0002565740650857480;0.2165412941450520;;;
1560;411;1.372779264112050000;0.00832405329420686;0.0418372980602630;0.0002536867418116980;0.2163272022444040;;;
1560;413;1.399254056405400000;0.00855655526588120;0.0410043207965529;0.0002507448418173280;0.2161579816405990;;;
1560;415;1.430123678286120000;0.00882306441565665;0.0401557648698151;0.0002477386435073470;0.2160389509295080;;;
1560;417;1.466917893857560000;0.00913431679871062;0.0392903949649203;0.0002446564434579700;0.2159764612272260;;;
1820;270;0.925891645178322000;0.00524683341796245;0.0844248578176636;0.0004784179310950940;0.2847009419532960;;;
1820;272.2;0.929971434199305000;0.00524921876027613;0.0838820090999903;0.0004734715493669210;0.2827586354082570;;;
1820;274.4;0.934042364459167000;0.00525217121456517;0.0833369040031431;0.0004686079614490800;0.2808563543636220;;;
1820;276.6;0.938130255693890000;0.00525583534121272;0.0827895045375405;0.0004638247207026200;0.2789930851103100;;;
1820;278.8;0.942215360104666000;0.00526009715909335;0.0822397715799386;0.0004591192281179400;0.2771677114817880;;;
1820;281;0.946296589773969000;0.00526495148842962;0.0816876648244749;0.0004544892131616870;0.2753793043460200;;;
1820;283.2;0.950389286835704000;0.00527048404629143;0.0811331427309283;0.0004499324017135780;0.2736269231273900;;;
1820;285.4;0.954487069333347000;0.00527665721737701;0.0805761624699962;0.0004454463584748260;0.2719095194375380;;;
1820;287.6;0.958588967508633000;0.00528346695447825;0.0800166798653765;0.0004410289479697920;0.2702262175543200;;;
1820;289.8;0.962688437916238000;0.00529088003691985;0.0794546493324186;0.0004366781623588350;0.2685762118257590;;;
1820;292;0.966803989642637000;0.00529900223347076;0.0788900238130935;0.0004323921051863520;0.2669587580455120;;;
1820;294.2;0.970937649216003000;0.00530784419386141;0.0783227547070037;0.0004281685638150750;0.2653729097306380;;;
1820;296.4;0.975060461356724000;0.00531725571742071;0.0777527917981351;0.0004240059905196000;0.2638181247288350;;;
1820;298.6;0.979193989253211000;0.00532735554900150;0.0771800831770201;0.0004199022347952460;0.2622934813925520;;;
1820;300.8;0.983348834045154000;0.00533820813054418;0.0766045751579545;0.0004158556473422310;0.2607983635674590;;;
1820;303;0.987530099269061000;0.00534984695405031;0.0760262121908751;0.0004118645092624350;0.2593321074294260;;;
1820;305.2;0.991725791782943000;0.00536221567576594;0.0754449367674681;0.0004079272979927010;0.2578941688447680;;;
1820;307.4;0.995923769463381000;0.00537525357121091;0.0748606893210349;0.0004040421565929890;0.2564837891397150;;;
1820;309.6;1.000143581619810000;0.00538907538840432;0.0742734081195987;0.0004002075332643530;0.2551003985715080;;;
1820;311.8;1.004393538348490000;0.00540373721971481;0.0736830291516800;0.0003964220316898490;0.2537435247218030;;;
1820;314;1.008673403888190000;0.00541924810434574;0.0730894860041118;0.0003926841502398660;0.2524126272356130;;;
1820;316.2;1.012959620759710000;0.00543549265748479;0.0724927097312019;0.0003889923975149200;0.2511071713396030;;;
1820;318.4;1.017292965503050000;0.00545270165184248;0.0718926287144750;0.0003853452924968060;0.2498266284650410;;;
1820;320.6;1.021647155622840000;0.00547074794475796;0.0712891685121451;0.0003817414554279830;0.2485705360111830;;;
1820;322.8;1.026016356545540000;0.00548961799065996;0.0706822516973776;0.0003781797025582380;0.2473385612736360;;;
1820;325;1.030448146060180000;0.00550957946820709;0.0700717976842949;0.0003746584816497940;0.2461301340879440;;;
1820;327.2;1.034919504980990000;0.00553052878215683;0.0694577225405627;0.0003711766294912970;0.2449449420523380;;;
1820;329.4;1.039428166330130000;0.00555247359229905;0.0688399387852592;0.0003677329079412640;0.2437826295437120;;;
1820;331.6;1.043957085336300000;0.00557534268317551;0.0682183551705793;0.0003643259983584810;0.2426427938742300;;;
1820;333.8;1.048561180363060000;0.00559945056211832;0.0675928764457523;0.0003609545891049620;0.2415250436901040;;;
1820;336;1.053215064770340000;0.00562468878403460;0.0669634031013547;0.0003576176556562150;0.2404291886081380;;;
1820;338.2;1.057914441146920000;0.00565105788818237;0.0663298310919765;0.0003543138278817220;0.2393548178017980;;;
1820;340.4;1.062697533823650000;0.00567879122275263;0.0656920515349387;0.0003510419792910990;0.2383016960350350;;;
1820;342.6;1.067542751674100000;0.00570780476885419;0.0650499503824660;0.0003478009816698340;0.2372696021026070;;;
1820;344.8;1.072449913128390000;0.00573813080049800;0.0644034080643761;0.0003445896866113090;0.2362583182731710;;;
1820;347;1.077431417125080000;0.00576986904724287;0.0637522990979519;0.0003414068045624280;0.2352675490100270;;;
1820;349.2;1.082518491024450000;0.00580322769822676;0.0630964916612078;0.0003382513195896850;0.2342972085008680;;;
1820;351.4;1.087700473147540000;0.00583819035512422;0.0624358471252276;0.0003351220023336980;0.2333470895242710;;;
1820;353.6;1.092955054470450000;0.00587468130332527;0.0617702195406334;0.0003320176363642660;0.2324170216188500;;;
1820;355.8;1.098346027655800000;0.00591309365482132;0.0610994550725202;0.0003289371391213150;0.2315069604810870;;;
1820;358;1.103828254790790000;0.00595323772981138;0.0604233913773386;0.0003258793310911480;0.2306168318540030;;;
1820;360.2;1.109470540322670000;0.00599553816730561;0.0597418569142076;0.0003228428068136630;0.2297464432757290;;;
1820;362.4;1.115248071204080000;0.00603992717195692;0.0590546701819534;0.0003198265177700220;0.2288959028764890;;;
1820;364.6;1.121176998139010000;0.00608655987400746;0.0583616388717605;0.0003168291981799370;0.2280652204122740;;;
1820;366.8;1.127244273881130000;0.00613543711256756;0.0576625589236495;0.0003138494576758260;0.2272543781972130;;;
1820;369;1.133508976050380000;0.00618696380466250;0.0569572134729798;0.0003108861293711530;0.2264635915153230;;;
1820;371.2;1.139989210647050000;0.00624132255734787;0.0562453716707659;0.0003079375696511330;0.2256928114510930;;;
1820;373.4;1.146699150374740000;0.00629868995357070;0.0555267873586733;0.0003050024215818380;0.2249422901425690;;;
1820;375.6;1.153643290169620000;0.00635919979967682;0.0548011975760131;0.0003020793061572730;0.2242123732296800;;;
1820;377.8;1.160844487738140000;0.00642308915670965;0.0540683208717258;0.0002991663820442930;0.2235031883038920;;;
1820;380;1.168356702897910000;0.00649078605159744;0.0533278553890252;0.0002962620054835560;0.2228151507651210;;;
1820;382.2;1.176198323171350000;0.00656253509123000;0.0525794766838047;0.0002933643536284060;0.2221487080202240;;;
1820;384.4;1.184429436831390000;0.00663882856262212;0.0518228352297429;0.0002904714354615060;0.2215043723753490;;;
1820;386.6;1.193064304086600000;0.00671992336646216;0.0510575535528223;0.0002875811856735420;0.2208828232946270;;;
1820;388.8;1.202155117917870000;0.00680630354225241;0.0502832229250967;0.0002846911128272010;0.2202846745366000;;;
1820;391;1.211775180628600000;0.00689860390315008;0.0494993995311810;0.0002817987661970860;0.2197108755368910;;;
1820;393.2;1.222011762081110000;0.00699756452994894;0.0487055999999922;0.0002789012262773990;0.2191623720425250;;;
1820;395.4;1.232917513151870000;0.00710376740850018;0.0479012961672173;0.0002759954846189920;0.2186404651850180;;;
1820;397.6;1.244613881734370000;0.00721822350125858;0.0470859088987193;0.0002730779554838630;0.2181465070588350;;;
1820;399.8;1.257238194981760000;0.00734208821321362;0.0462588007586583;0.0002701446688170890;0.2176821456694900;;;
1820;402;1.270926366287770000;0.00747656780674400;0.0454192672442989;0.0002671911137358040;0.2172493184208540;;;
1820;404.2;1.285861002766630000;0.00762321600089196;0.0445665262262377;0.0002642122710783270;0.2168504262848000;;;
1820;406.4;1.302325065029360000;0.00778426392812325;0.0436997051192537;0.0002612020972058620;0.2164880968291650;;;
1820;408.6;1.320572151772830000;0.00796189220292414;0.0428178251519653;0.0002581539431722370;0.2161657604152650;;;
1820;410.8;1.341048260777130000;0.00815957129458631;0.0419197818829982;0.0002550597610332210;0.2158872947556820;;;
1820;413;1.364270788048710000;0.00838140257071799;0.0410043207965529;0.0002519101946222300;0.2156574836342410;;;
1820;415.2;1.390992894143420000;0.00863318283657403;0.0400700063523991;0.0002486940749729500;0.2154821011243630;;;
1820;417.4;1.422263472541550000;0.00892289825082845;0.0391151821855985;0.0002453981259049150;0.2153683412350910;;;
1820;419.6;1.459624087692050000;0.00926212211802995;0.0381379191187981;0.0002420061899392160;0.2153250763064400;;;
1820;421.8;1.505445736362800000;0.00966843132017302;0.0371359460406880;0.0002384983630638920;0.2153633810304920;;;
1820;424;1.563617672975940000;0.01017033285151970;0.0361065561214757;0.0002348500533244700;0.2154975256535290;;;
1820;426.2;1.641114563911630000;0.01081839398211000;0.0350464765497919;0.0002310299349831640;0.2157458040553460;;;
2080;270;0.925381232136094000;0.00524571210291149;0.0844248578176636;0.0004785795119471020;0.2846529020436610;;;
2080;272.3;0.929615031545499000;0.00524809879064478;0.0838572808290831;0.0004734124117745950;0.2826223399208730;;;
2080;274.6;0.933865520224578000;0.00525125842140507;0.0832872358035916;0.0004683359530224250;0.2806355649312330;;;
2080;276.9;0.938118661326895000;0.00525510764228748;0.0827146792449453;0.0004633470806503910;0.2786912615794160;;;
2080;279.2;0.942370946753955000;0.00525962469360195;0.0821395662973998;0.0004584429228295770;0.2767882098702260;;;
2080;281.5;0.946616050747761000;0.00526477402584186;0.0815618506841813;0.0004536207817757470;0.2749252815672560;;;
2080;283.8;0.950861245074749000;0.00527059748003078;0.0809814846422881;0.0004488781208568890;0.2731014341245680;;;
2080;286.1;0.955130533107297000;0.00527722834245767;0.0803984188533488;0.0004442123876842000;0.2713156043267730;;;
2080;288.4;0.959390132294693000;0.00528447971690960;0.0798126023702395;0.0004396210302585730;0.2695667178275900;;;
2080;290.7;0.963661365230810000;0.00529247269955974;0.0792239825391358;0.0004351017690102660;0.2678538564458810;;;
2080;293;0.967937967590795000;0.00530117549457555;0.0786325049166437;0.0004306522960130730;0.2661760754336240;;;
2080;295.3;0.972219203418551000;0.00531058820599199;0.0780381131816231;0.0004262704151728010;0.2645324900293180;;;
2080;297.6;0.976524162073208000;0.00532082186662517;0.0774407490412780;0.0004219541582994380;0.2629223491059850;;;
2080;299.9;0.980815450679413000;0.00533167717477184;0.0768403521310473;0.0004177013639770290;0.2613447745603730;;;
2080;302.2;0.985132146873082000;0.00534337432061208;0.0762368599077861;0.0004135100867516880;0.2597990159292790;;;
2080;304.5;0.989476783500721000;0.00535593318177984;0.0756302075356741;0.0004093783147211330;0.2582842750583430;;;
2080;306.8;0.993811645975828000;0.00536915880812548;0.0750203277642326;0.0004053042196021790;0.2567998637497940;;;
2080;309.1;0.998196796909270000;0.00538338760801090;0.0744071507977670;0.0004012861339491010;0.2553451918578420;;;
2080;311.4;1.002585891794210000;0.00539837678201465;0.0737906041554805;0.0003973220523689000;0.2539194509449780;;;
2080;313.7;1.006998975430670000;0.00541424945460260;0.0731706125214256;0.0003934104786627380;0.2525221536131680;;;
2080;316;1.011436009567650000;0.00543101768846272;0.0725470975833690;0.0003895496763955730;0.2511526577761450;;;
2080;318.3;1.015908803208390000;0.00544876095832821;0.0719199778595430;0.0003857381353988750;0.2498104657781450;;;
2080;320.6;1.020399966833220000;0.00546739943361899;0.0712891685121451;0.0003819741005638200;0.2484949216020900;;;
2080;322.9;1.024924529576160000;0.00548703240313406;0.0706545811463133;0.0003782561203213720;0.2472055662729620;;;
2080;325.2;1.029485999189980000;0.00550769767767849;0.0700161235931612;0.0003745826962363000;0.2459419129653510;;;
2080;327.5;1.034099994711500000;0.00552949951726916;0.0693736996752873;0.0003709523651749910;0.2447035012954160;;;
2080;329.8;1.038752643046960000;0.00555238627748180;0.0687272089529832;0.0003673636976372220;0.2434898976681250;;;
2080;332.1;1.043433094979390000;0.00557632403716389;0.0680765464491476;0.0003638152596060640;0.2423006714503210;;;
2080;334.4;1.048169648811030000;0.00560149116729273;0.0674216023506624;0.0003603057105119870;0.2411354616679680;;;
2080;336.7;1.052961062468160000;0.00562790928690451;0.0667622616837043;0.0003568336626463150;0.2399938853737380;;;
2080;339;1.057821453961550000;0.00565568482206117;0.0660984039601323;0.0003533977673073140;0.2388755967053300;;;
2080;341.3;1.062741192875840000;0.00568480125934706;0.0654299027917130;0.0003499967784091920;0.2377803325915200;;;
2080;343.6;1.067726078424970000;0.00571532512632760;0.0647566254685083;0.0003466293238639470;0.2367077605374180;;;
2080;345.9;1.072788448118580000;0.00574736154208212;0.0640784324972341;0.0003432940756002630;0.2356575955631740;;;
2080;348.2;1.077922936749590000;0.00578092548040115;0.0633951770948117;0.0003399897915773520;0.2346296327462840;;;
2080;350.5;1.083139911081990000;0.00581611749749328;0.0627067046316329;0.0003367150986559630;0.2336236013576330;;;
2080;352.8;1.088487058080440000;0.00585324737362854;0.0620128520182502;0.0003334688828061510;0.2326394383212900;;;
2080;355.1;1.093930440531030000;0.00589218430928350;0.0613134470282461;0.0003302496366702660;0.2316768397359040;;;
2080;357.4;1.099479561063920000;0.00593304256261940;0.0606083075489055;0.0003270562555869810;0.2307358197110320;;;
2080;359.7;1.105132591871410000;0.00597587166178087;0.0598972407499764;0.0003238871301501700;0.2298160801554670;;;
2080;362;1.110937811369440000;0.00602100747313427;0.0591800421592150;0.0003207411544142140;0.2289177266133660;;;
2080;364.3;1.116892621336040000;0.00606851397321172;0.0584564946315022;0.0003176169738429270;0.2280407463775800;;;
2080;366.6;1.122974235721320000;0.00611834925353689;0.0577263671960425;0.0003145130711003700;0.2271850741499680;;;
2080;368.9;1.129272016914260000;0.00617109457942885;0.0569894137633967;0.0003114281210306720;0.2263508567732440;;;
2080;371.2;1.135772718243130000;0.00622677622494704;0.0562453716707659;0.0003083604117772650;0.2255380462217080;;;
2080;373.5;1.142468226073570000;0.00628546278084045;0.0554939600398794;0.0003053084649810190;0.2247468613659890;;;
2080;375.8;1.149383609909190000;0.00634741806361206;0.0547348779168605;0.0003022708430882620;0.2239776672760830;;;
2080;378.1;1.156571370354160000;0.00641305887255506;0.0539678021573130;0.0002992454260313150;0.2232304564673230;;;
2080;380.4;1.164041280820830000;0.00648259694037458;0.0531923850122697;0.0002962307248146830;0.2225058416266610;;;
2080;382.7;1.171843912807040000;0.00655647775340276;0.0524082513611630;0.0002932246610567030;0.2218041762600140;;;
2080;385;1.179976332453130000;0.00663486636031130;0.0516149955260663;0.0002902249715395190;0.2211258803965260;;;
2080;387.3;1.188527041172610000;0.00671846899717324;0.0508121775863794;0.0002872295101137480;0.2204717064649940;;;
2080;389.6;1.197508747565650000;0.00680758757771867;0.0499993190939098;0.0002842357053758660;0.2198423705767970;;;
2080;391.9;1.207015777310820000;0.00690301566826524;0.0491758980635657;0.0002812407271014430;0.2192387271502580;;;
2080;394.2;1.217088615329650000;0.00700528476348858;0.0483413430827891;0.0002782417564991470;0.2186620428320400;;;
2080;396.5;1.227795822387640000;0.00711511248755079;0.0474950263407885;0.0002752350585105720;0.2181133468635010;;;
2080;398.8;1.239264198921750000;0.00723361757621838;0.0466362553229343;0.0002722170433766290;0.2175943536684790;;;
2080;401.1;1.251598214347160000;0.00736184158056474;0.0457642628410793;0.0002691832324665670;0.2171067627646790;;;
2080;403.4;1.264931341968540000;0.00750107124544979;0.0448781949694242;0.0002661287033246820;0.2166527500593750;;;
2080;405.7;1.279466576502050000;0.00765309597301083;0.0439770963165811;0.0002630478551813870;0.2162349601986610;;;
2080;408;1.295391799761950000;0.00781971820329401;0.0430598918707569;0.0002599338828264210;0.2158562990777780;;;
2080;410.3;1.313005750962230000;0.00800355435283309;0.0421253643805367;0.0002567792587393040;0.2155206156804280;;;
2080;412.6;1.332666306738550000;0.00820775358503790;0.0411721258380890;0.0002535748534666780;0.2152323482547550;;;
2080;414.9;1.354863089801200000;0.00843651072478825;0.0401985810499396;0.0002503099853423910;0.2149970492562780;;;
2080;417.2;1.380229792455610000;0.00869521980104087;0.0392028804065292;0.0002469716737255930;0.2148214005250270;;;
2080;419.5;1.409685021234690000;0.00899148782683789;0.0381828576162983;0.0002435442629234500;0.2147137637753240;;;
2080;421.8;1.444530760466390000;0.00933596515395929;0.0371359460406880;0.0002400086641860350;0.2146847366635460;;;
2080;424.1;1.486734498719110000;0.00974446778246166;0.0360590637888629;0.0002363410451960530;0.2147477103109910;;;
2080;426.4;1.539431596088780000;0.01024180810290690;0.0349484518421347;0.0002325113620963930;0.2149200362957150;;;
2080;428.7;1.607938015807540000;0.01086950746571360;0.0337994390766138;0.0002284809810878680;0.2152245828738160;;;
2080;431;1.702283268430300000;0.01170488476099000;0.0326060887422696;0.0002241991790160780;0.2156922769396900;;;
2080;433.3;1.844242154270490000;0.01291398623242730;0.0313606428963537;0.0002195974697063470;0.2163661565694010;;;
2340;279;0.941415228008199000;0.00525788207555611;0.0821896787627190;0.0004590361680005150;0.2769008421089320;;;
2340;281.3;0.945646418920740000;0.00526295803950348;0.0816121913424879;0.0004542094486411240;0.2750334713054400;;;
2340;283.6;0.949873842653787000;0.00526869004833362;0.0810320577076083;0.0004494626305818610;0.2732053153917170;;;
2340;285.9;0.954102061672762000;0.00527510140966896;0.0804492286778080;0.0004447929175009360;0.2714151614155600;;;
2340;288.2;0.958341292386536000;0.00528224958187424;0.0798636534506205;0.0004401978224228880;0.2696619719363290;;;
2340;290.5;0.962574062929118000;0.00529004413943034;0.0792752795238460;0.0004356752835939490;0.2679449597505420;;;
2340;292.8;0.966833034249421000;0.00529866486667982;0.0786840526131269;0.0004312227761981970;0.2662630444323540;;;
2340;295.1;0.971086715274112000;0.00530794379573819;0.0780899165642477;0.0004268381820257010;0.2646153856803230;;;
2340;297.4;0.975336994655068000;0.00531789804036989;0.0774928132597423;0.0004225194799695610;0.2630011955815750;;;
2340;299.7;0.979611430374386000;0.00532868033710219;0.0768926825193431;0.0004182643369639660;0.2614194841250990;;;
2340;302;0.983909546031232000;0.00534029957760865;0.0762894619937680;0.0004140711748398650;0.2598697247095010;;;
2340;304.3;0.988202182779334000;0.00535260037632847;0.0756830870512840;0.0004099376901729250;0.2583509311093800;;;
2340;306.6;0.992528885767248000;0.00536580959428175;0.0750734906564375;0.0004058623000469520;0.2568625630031770;;;
2340;308.9;0.996837310132018000;0.00537965257017512;0.0744606032402701;0.0004018430806379610;0.2554038610120460;;;
2340;311.2;1.001193447062310000;0.00539449687658947;0.0738443525612767;0.0003978782825780790;0.2539741712297040;;;
2340;313.5;1.005556476704180000;0.00541013408407204;0.0732246635562751;0.0003939661841759040;0.2525728536764630;;;
2340;315.8;1.009946505943020000;0.00542668536583279;0.0726014581802743;0.0003901050880681440;0.2511992807700270;;;
2340;318.1;1.014363458616360000;0.00544416704682303;0.0719746552343231;0.0003862935350289940;0.2498529762564780;;;
2340;320.4;1.018789649299960000;0.00546250017458413;0.0713441701802099;0.0003825299386706010;0.2485333816932530;;;
2340;322.7;1.023278298567650000;0.00548198507242305;0.0707099149407557;0.0003788125857062720;0.2472398552600180;;;
2340;325;1.027773579571020000;0.00550234602229171;0.0700717976842949;0.0003751402886070850;0.2459720983166410;;;
2340;327.3;1.032320365435040000;0.00552383945444244;0.0694297225917771;0.0003715112612370380;0.2447294233321230;;;
2340;329.6;1.036874591719170000;0.00554625557137920;0.0687835896047286;0.0003679243084085630;0.2435115327900520;;;
2340;331.9;1.041487757073060000;0.00556989457552761;0.0681332941521031;0.0003643780379878290;0.2423180052850260;;;
2340;334.2;1.046155043653430000;0.00559475553086258;0.0674787268538019;0.0003608709651319530;0.2411483631546240;;;
2340;336.5;1.050874797568870000;0.00562085931078527;0.0668197731983591;0.0003574018000959270;0.2400022654166400;;;
2340;338.8;1.055642561012670000;0.00564821481686438;0.0661563131919671;0.0003539693094995480;0.2388794187041970;;;
2340;341.1;1.060466219688770000;0.00567689520334894;0.0654882209756386;0.0003505720037377210;0.2377793678216100;;;
2340;343.4;1.065323680049740000;0.00570682199782057;0.0648153644068678;0.0003472087913943670;0.2367019393158950;;;
2340;345.7;1.070296456383210000;0.00573846961795769;0.0641376046016519;0.0003438782714640560;0.2356467654760810;;;
2340;348;1.075290300449220000;0.00577137609682585;0.0634547954321442;0.0003405791807412900;0.2346135894987030;;;
2340;350.3;1.080412249187170000;0.00580616388619476;0.0627667829745297;0.0003373103450405290;0.2336022369361140;;;
2340;352.6;1.085583978760220000;0.00584246393154753;0.0620734049009075;0.0003340705429865240;0.2326125257378420;;;
2340;354.9;1.090880405495740000;0.00588073213894976;0.0613744898080247;0.0003308583900740940;0.2316441879469560;;;
2340;357.2;1.096264000113880000;0.00592082519458633;0.0606698564745912;0.0003276725448700140;0.2306970159973160;;;
2340;359.5;1.101737680512930000;0.00596282950111270;0.0599593130375881;0.0003245120566998580;0.2297711146083130;;;
2340;361.8;1.107366713925350000;0.00600716512042768;0.0592426560764115;0.0003213753969199610;0.2288662245875150;;;
2340;364.1;1.113088293625510000;0.00605356851377128;0.0585196695918248;0.0003182612118967760;0.2279822570921270;;;
2340;366.4;1.118972908552370000;0.00610251128755992;0.0577901238644386;0.0003151683838784530;0.2271193487977210;;;
2340;368.7;1.125015438026960000;0.00615405774925529;0.0570537741747371;0.0003120954692853630;0.2262774688618630;;;
2340;371;1.131218327060600000;0.00620832017914090;0.0563103593633807;0.0003090409092281480;0.2254565760216710;;;
2340;373.3;1.137610329717280000;0.00626557028021247;0.0555596002065262;0.0003060033569851730;0.2246568687338530;;;
2340;375.6;1.144209793867200000;0.00632602843203435;0.0548011975760131;0.0003029810930071680;0.2238783724395150;;;
2340;377.9;1.151021882733060000;0.00638986601119238;0.0540348303482448;0.0002999728598060640;0.2231215689046620;;;
2340;380.2;1.158082080263220000;0.00645742089933954;0.0532601530181350;0.0002969765537889650;0.2223864484538890;;;
2340;382.5;1.165441169190570000;0.00652914970569513;0.0524767929651921;0.0002939906761509660;0.2216736068890110;;;
2340;384.8;1.173058150547650000;0.00660500347137842;0.0516843473071372;0.0002910131038433140;0.2209833567261410;;;
2340;387.1;1.181046900465910000;0.00668582746988450;0.0508823792616924;0.0002880417440380250;0.2203162457620610;;;
2340;389.4;1.189381918175320000;0.00677170776208177;0.0500704139183535;0.0002850742939675180;0.2196729142098220;;;
2340;391.7;1.198160301907210000;0.00686345265185161;0.0492479332977806;0.0002821082102727190;0.2190541149612370;;;
2340;394;1.207406714920200000;0.00696150009280018;0.0484143705450727;0.0002791409397326910;0.2184609476638340;;;
2340;396.3;1.217173163682820000;0.00706646910856607;0.0475691030621260;0.0002761690836935870;0.2178942732763260;;;
2340;398.6;1.227555992545030000;0.00717929474442374;0.0467114443299433;0.0002731893525175410;0.2173555368989050;;;
2340;400.9;1.238625459814920000;0.00730081206080561;0.0458406340990646;0.0002701977838849170;0.2168462554241570;;;
2340;403.2;1.250468945707400000;0.00743202550062998;0.0449558265278442;0.0002671900412271540;0.2163683744676000;;;
2340;405.5;1.263261461007510000;0.00757453388403532;0.0440560757131906;0.0002641608634376000;0.2159239781471460;;;
2340;407.8;1.277091369680190000;0.00772952800675779;0.0431403178702874;0.0002611044934727920;0.2155158257357720;;;
2340;410.1;1.292161331868130000;0.00789900224279483;0.0422073491517393;0.0002580141793362670;0.2151471933297250;;;
2340;412.4;1.308750860714560000;0.00808556836909797;0.0412557977135994;0.0002548816455813870;0.2148217440960020;;;
2340;414.7;1.327117793406350000;0.00829191996642712;0.0402840880736956;0.0002516976532808100;0.2145444020606590;;;
2340;417;1.347662072860070000;0.00852187044358866;0.0392903949649203;0.0002484507520923940;0.2143208440868780;;;
2340;419.3;1.370888499772500000;0.00878023761351495;0.0382725825915738;0.0002451274259669260;0.2141583388086060;;;
2340;421.6;1.397515825862340000;0.00907364588427545;0.0372281231532580;0.0002417108988518410;0.2140657022016000;;;
2340;423.9;1.428476685394580000;0.00941073264722105;0.0361539851729784;0.0002381806382093750;0.2140542303150930;;;
2340;426.2;1.465201438324320000;0.00980429138538624;0.0350464765497919;0.0002345110092972820;0.2141384785313970;;;
2340;428.5;1.509786768807680000;0.01027289353341470;0.0339010173752419;0.0002306693563391960;0.2143374379727150;;;
2340;430.8;1.565564559645660000;0.01084554268526200;0.0327117992943245;0.0002266129578448150;0.2146761770328230;;;
2340;433.1;1.638237692895500000;0.01157107019335540;0.0314712524085087;0.0002222852472940180;0.2151894010759060;;;
2340;435.4;1.738496501072220000;0.01253964694633720;0.0301691653503715;0.0002176079629300400;0.2159259525680950;;;
2340;437.7;1.889445398727230000;0.01394347310202980;0.0287911303567314;0.0002124688821262270;0.2169585198190620;;;
2340;440;2.154297597010350000;0.01630156260837270;0.0273155340687229;0.0002066965536332470;0.2184015262013530;;;
2340;442.3;2.814781416353850000;0.02189955900784440;0.0257069373119784;0.0002000050829182600;0.2204525594807790;;;
