P (kPa);T (K);Título;cp (kJ/kg K);Viscosidade absoluta μ(cP);Viscosidade cinemática ν (cSt)
10;272;0;1.56056574853947;0.845435714441503;0.960207984467714
10;273;0;1.56442070612127;0.833706478534518;0.947799118880584
10;274;0;1.56830836116788;0.822222355421548;0.93564600804766
10;275;0;1.57216982727683;0.810976527107613;0.92374160202682
10;276;0;1.57600503533213;0.799962860303832;0.912079605291259
10;277;0;1.57989755298946;0.789174525466468;0.900652904308615
10;278;0;1.58369228283807;0.778605377406281;0.889455140685772
10;279;0;1.58762892452285;0.768249477868308;0.878480168876185
10;280;0;1.59144367355123;0.758101501024497;0.867722521301051
10;281;0;1.59532909728574;0.748155056339913;0.857175490097797
10;282;0;1.59916469558525;0.738405599935082;0.846834459876836
10;283;0;1.60305968974952;0.728847523507281;0.836693576119892
10;284;0;1.60688053729752;0.719475806007732;0.82674763699139
10;285;0;1.610810335587;0.710285208964327;0.81699117094815
10;286;0;1.61460469375444;0.701271789354665;0.807420177239988
10;287;0;1.61849650193989;0.692430609603038;0.798029493905617
10;288;0;1.62233860072285;0.683757259694959;0.788814547972673
10;289;0;1.626229782935;0.675247120783487;0.7797705079616
10;290;0;1.63010853214484;0.666896762249392;0.770893897486007
10;291;0;1.63396243721714;0.658701484667733;0.762179758951545
10;292;0;1.63785389289911;0.650657753965784;0.753624465497254
10;293;0;1.64168315638526;0.642761806912567;0.745224110807593
10;294;0;1.64567597242463;0.635009677707429;0.736974538542508
10;295;0;1.64953152477078;0.627398470408761;0.728872819280763
10;296;0;1.65342566354664;0.61992412719287;0.720914661354212
10;297;0;1.65727017808761;0.61258333542642;0.713096623942601
10;298;0;1.6611410215872;0.60537347897607;0.705416064602153
10;299;0;1.66503855809048;0.598290537711834;0.697868693183091
10;300;0;1.66891205373866;0.59133236051886;0.690452385088865
10;301;0;1.67279987851841;0.584495142464311;0.683163074732039
10;302;0;1.67670228992575;0.577776877958663;0.675998785829077
10;303;0;1.6806066660635;0.571173960293949;0.668955659430073
10;304;0;1.68446150426306;0.564684249653956;0.662031541186922
10;305;0;1.68842192227628;0.558305126779535;0.655223705849959
10;306;0;1.69225520900928;0.552033529511944;0.648528897250937
10;307;0;1.69611669143748;0.545867516404508;0.641945164369951
10;308;0;1.7000328342767;0.539804434043834;0.6354697105684
10;309;0;1.70391259908193;0.533841959817327;0.629100118042087
10;310;0;1.70786079514672;0.527978073616562;0.622834316378865
10;311;0;1.71177285058453;0.5222100970756;0.616669449793422
10;312;0;1.71564861110847;0.516536369614012;0.610603854297077
10;313;0;1.71954081547976;0.510954347353363;0.604634814247198
10;314;0;1.72347623331392;0.505462246524733;0.598760503590306
10;315;0;1.72738887010356;0.500058323082986;0.592979136245344
10;316;0;1.73122537916014;0.494740221149141;0.587288192858001
10;317;0;1.73521239550061;0.48950630511849;0.58168599989164
10;318;0;1.73905656722669;0.484354555241812;0.57617042028292
10;319;0;1.74302544430198;0.479283425315374;0.570739872334976
10;320;0;1.74690474860247;0.474291200225464;0.565392566778131
10;321;0;1.75076139346086;0.469376212563405;0.560126764152308
10;322;0;1.75471706060145;0.464536636113911;0.554940528354784
10;323;0;1.75865057886371;0.459770899237174;0.549832219934322
10;324;0;1.76258908720517;0.455077657853821;0.544800465314794
10;325;0;1.76653274108564;0.4504554091839;0.539843695291777
10;326;0;1.77041341141428;0.445902321487983;0.534959939708549
10;327;0;1.77431290100937;0.441417346167188;0.53014816093505
10;328;0;1.77823146525183;0.436998915161487;0.525406692742258
10;329;0;1.78214184938347;0.43264568149935;0.520734128230893
10;330;0;1.78604411320072;0.428356505262184;0.516129304306186
10;331;0;1.78997977677937;0.424129755929878;0.51159046146701
10;332;0;1.79394919213113;0.419964362288697;0.507116508343318
10;333;0;1.79789717324519;0.415859106909309;0.502706172454512
10;334;0;1.80187935064026;0.411812801133727;0.498358210973148
10;335;0;1.80575659119647;0.40782428668298;0.4940714128227
10;336;0;1.80968207030502;0.40389227570897;0.489844404853084
10;337;0;1.81360018668881;0.400015985026309;0.485676420986179
10;338;0;1.81759526773897;0.396193870985441;0.481565767809168
10;339;0;1.82152719487146;0.392425199056873;0.477511729353629
10;340;0;1.82552261666807;0.388708944162487;0.473513232903648
10;341;0;1.82945482715414;0.385043958057337;0.469569051136835
10;342;0;1.83329517850025;0.381429272886045;0.465678171858978
10;343;0;1.83735559326392;0.37786393859532;0.461839600469548
350;285;0;1.61038518728335;0.710421365404793;0.816913255647898
350;287.5;0;1.61991488154607;0.688206263027606;0.793323320473151
350;290;0;1.62966046919736;0.667027311541677;0.770818202408087
350;292.5;0;1.63935382790286;0.646819992425809;0.749330948991077
350;295;0;1.64905918654236;0.62752440099344;0.728799325315731
350;297.5;0;1.65869028255579;0.609086365854524;0.709167173776274
350;300;0;1.66841393741349;0.591454499434035;0.6903810452633
350;302.5;0;1.67810564861844;0.574581478725743;0.672391729746656
350;305;0;1.6878964528759;0.558423656481341;0.655153851726318
350;307.5;0;1.69755578534028;0.54294046698569;0.638625218145785
350;310;0;1.70730626163185;0.528093692773355;0.622765992502143
350;312.5;0;1.71700641158;0.513848247737447;0.607539649210157
350;315;0;1.72680347703895;0.50017142515744;0.592912123357989
350;317.5;0;1.73655415200798;0.487032070485724;0.5788508579249
350;320;0;1.74628643032445;0.474402163929854;0.565326707776128
350;322.5;0;1.75606947043379;0.46225449679487;0.552311206786221
350;325;0;1.76587915993425;0.450564227327569;0.539778439230751
350;327.5;0;1.77562173239688;0.439307912869775;0.527703909792161
350;330;0;1.78535300026034;0.42846359344481;0.516064661930262
350;332.5;0;1.79521334049023;0.418010687751334;0.504839171731466
350;335;0;1.80502543709935;0.40793004555808;0.494007429557534
350;337.5;0;1.81491653809064;0.398203210652285;0.483550064514609
350;340;0;1.82474864202779;0.388813464767863;0.473449623239897
350;342.5;0;1.83456508512347;0.379744483992621;0.463688954709468
350;345;0;1.84442444435633;0.370981349724893;0.454252451270375
350;347.5;0;1.85434352357438;0.36250973178218;0.445125066159226
350;350;0;1.86415196084847;0.354316395572661;0.43629294495008
350;352.5;0;1.87408170496104;0.346388475122025;0.42774254380546
350;355;0;1.88403439743051;0.338714209879924;0.41946154547155
350;357.5;0;1.89398282968187;0.331282363981348;0.411438154759883
350;360;0;1.90389923103601;0.324082100801387;0.403660949030698
350;362.5;0;1.91390322842437;0.317103406126687;0.396119411430791
350;365;0;1.92386407919589;0.310336799793011;0.388803582099068
350;367.5;0;1.93394724568631;0.303773308773247;0.38170403183078
350;370;0;1.94388610083935;0.297404140147714;0.374811457102358
350;372.5;0;1.95401215278438;0.291221448882947;0.368117651776129
350;375;0;1.96398142075675;0.285217325414902;0.361614239331821
350;377.5;0;1.97418925503645;0.279384632201078;0.355293733524989
350;380;0;1.98427391711701;0.273716247302893;0.349148586460388
350;382.5;0;1.9944045437918;0.268205748485683;0.343172062388717
350;385;0;2.00459910997042;0.262846785960417;0.337357444618386
350;387.5;0;2.01478301084056;0.257633403687642;0.331698448963259
350;390;0;2.02505143367942;0.252559941022188;0.326189102970623
350;392.5;0;2.03532945644721;0.247621010438947;0.320823721491511
350;395;0;2.04563500752616;0.242811345345755;0.315596712971601
350;397.5;0;2.05586047268019;0.238126138761239;0.310503022103889
350;400;0;2.06622834731168;0.233560674761139;0.305537655915052
350;402.5;0;2.07671092218595;0.229110525364969;0.300695942770368
350;405;0;2.08716868101913;0.224771341223462;0.295973261624322
350;407.5;0;2.09763580770322;0.220539100228501;0.291365370917335
350;410;0;2.10821120597105;0.216409845913842;0.286868067758903
350;412.5;0;2.11872181199041;0.212379913141993;0.282477488399073
350;415;0;2.1294280524716;0.208445694216307;0.278189801495857
350;417.5;0;2.14009197736923;0.204603794197147;0.274001416345704
350;420;0;2.15092748779202;0.200850917612295;0.269908834484828
350;422.5;0;2.16166243562923;0.197183966883575;0.265908783735427
350;425;0;2.17260993651501;0.193599924595089;0.261998062582968
350;427.5;0;2.18349680072303;0.19009590907406;0.258173616661348
350;430;0;2.19452366007466;0.186669114102915;0.254432458972667
350;432.5;0;2.20556383736791;0.183316901147084;0.250771797042535
350;435;0;2.21675404127674;0.180036781037151;0.247189011113483
350;437.5;0;2.22810005023783;0.176826203514209;0.243681367133593
350;440;0;2.23932528090406;0.173682888697778;0.240246472963589
350;442.5;0;2.2507506456088;0.170604529654412;0.236881871685291
350;445;0;2.26236643692016;0.167588911139714;0.23358520576333
350;447.5;0;2.27402916637817;0.16463398761498;0.230354328010287
350;450;0;2.28571187822553;0.16173764655861;0.227186973143921
350;452.5;0;2.29765696620475;0.158898035694515;0.224081216890745
350;455;0;2.30965425561726;0.156113167694171;0.221034923069611
350;457.5;0;2.32169501467795;0.153381270325029;0.218046237133337
350;460;0;2.33399101881853;0.150700535000046;0.215113233023587
350;462.5;0;2.34648505019545;0.148069290061862;0.21223416018211
700;286;0;1.61374084883859;0.701545109308286;0.807262936934836
700;289;0;1.62533830110897;0.675514225353158;0.779616665923348
700;292;0;1.63693378588639;0.650918756288216;0.75347328340476
700;295;0;1.64858178621411;0.627654127631627;0.728724375086272
700;298;0;1.66016054202995;0.605623875654104;0.705269721355794
700;301;0;1.67178755575311;0.584741228814986;0.683019262036321
700;304;0;1.68341616280049;0.564926336755544;0.661889998395218
700;307;0;1.69503709668081;0.546105650550154;0.641805367314494
700;310;0;1.70674570715883;0.528212569485872;0.622696097609188
700;313;0;1.71838885142756;0.51118550917968;0.6044980335888
700;316;0;1.73003512883927;0.49496834482836;0.587152736022928
700;319;0;1.74179549642871;0.479509005569113;0.570605894846546
700;322;0;1.75344579933013;0.464759541817811;0.554807470689495
700;325;0;1.76521861680036;0.450675935606233;0.539711531777489
700;328;0;1.77687269570611;0.437217350879379;0.525275415340687
700;331;0;1.78857459982425;0.424346213301844;0.511459873043908
700;334;0;1.80042598714688;0.412027573202655;0.498228352795388
700;337;0;1.81209653164966;0.400229047933752;0.485546969790542
700;340;0;1.82396673348257;0.388920607299318;0.473384286294845
700;343;0;1.83574522543907;0.378074362422788;0.461711091572501
700;346;0;1.84756191234252;0.367664394360875;0.450500226416206
700;349;0;1.85940613535251;0.357666581419135;0.439726402826672
700;352;0;1.87123792784814;0.348058330030981;0.429365901332796
700;355;0;1.88310375855736;0.33881883001703;0.4193969114495
700;358;0;1.89494855383656;0.329928295577956;0.409798619577938
700;361;0;1.90693723826018;0.321368490664588;0.400551879050755
700;364;0;1.91889723273982;0.313122253080229;0.391638642013129
700;367;0;1.93084593415257;0.305173633903887;0.38304215189073
700;370;0;1.94277114467263;0.297507492675616;0.374746454586437
700;373;0;1.95485674185521;0.290109749141945;0.366736729368221
700;376;0;1.96692628198815;0.282967193781397;0.358999067261045
700;379;0;1.97892154962837;0.276067429194157;0.351520411430296
700;382;0;1.99112080288811;0.269398643637329;0.344288281892544
700;385;0;2.00325282472284;0.262949981537486;0.337291260016305
700;388;0;2.01541292255304;0.256710992477002;0.330518297490323
700;391;0;2.02768285792035;0.250671925576365;0.323959102456252
700;394;0;2.03994249348259;0.244823589394873;0.317603970849184
700;397;0;2.05228973296829;0.239157259491527;0.311443676083442
700;400;0;2.06458724776844;0.233664773481797;0.305469601409173
700;403;0;2.07710818152506;0.22833829875306;0.299673445862255
700;406;0;2.08957249166749;0.223170571918091;0.294047544952892
700;409;0;2.10209565779609;0.218154544761065;0.288584413962108
700;412;0;2.11471520041685;0.213283680295073;0.283277143837559
700;415;0;2.12740454435272;0.208551682654269;0.278119051747034
700;418;0;2.14020181861446;0.203952754812995;0.273104029975584
700;421;0;2.15296686010659;0.199481100571148;0.268225887392298
700;424;0;2.16586813345513;0.195131483514584;0.263479101716055
700;427;0;2.17892930500454;0.190898793216923;0.258858244695389
700;430;0;2.19199355573362;0.186778189541192;0.254358180006067
700;433;0;2.20523258352353;0.182765036924495;0.24997397907308
700;436;0;2.21847276727505;0.178854978292884;0.245701026601305
700;439;0;2.23190444296722;0.175043843642215;0.241534900865582
700;442;0;2.24545400468711;0.171327582785182;0.237471284406347
700;445;0;2.25914783210663;0.167702397894162;0.233506150567446
700;448;0;2.27296289696857;0.164164670170668;0.229635667274806
700;451;0;2.28694389070964;0.160710858184398;0.225856058467599
700;454;0;2.30101871177532;0.157337622912873;0.222163781819327
700;457;0;2.31540282575156;0.154041786684906;0.21855547597746
700;460;0;2.32980639917656;0.150820262510639;0.215027864217322
700;463;0;2.34460038466789;0.147670042663904;0.211577740293873
700;466;0;2.35941147835491;0.144588327002426;0.208202155195789
700;469;0;2.3745638305821;0.141572377037716;0.204898212801752
700;472;0;2.39007830161851;0.138619525566835;0.201663085783677
700;475;0;2.40578957059836;0.135727229700506;0.198494095622541
700;478;0;2.42184178863236;0.132893026477731;0.195388652150172
700;481;0;2.43805663219037;0.130114484773035;0.192344185923079
700;484;0;2.45477291914436;0.127389299823675;0.189358290615917
700;487;0;2.47185319164926;0.124715214899756;0.186428612078839
700;490;0;2.48936117840307;0.122090038374905;0.183552877437789
700;493;0;2.50735685995964;0.119511574104884;0.180728794498667
700;496;0;2.52588001230433;0.116977728843531;0.177954217347874
700;499;0;2.54492533985364;0.114486433707091;0.175227033841477
1050;275;0;1.57101576104507;0.811431173631904;0.923483065680885
1050;278.5;0;1.58447154070106;0.773840602135211;0.883689468494947
1050;282;0;1.59792355260461;0.738831244380745;0.846590683337985
1050;285.5;0;1.61137892271956;0.706169875451014;0.811945381904024
1050;289;0;1.624894334245;0.675648869907268;0.779538561284634
1050;292.5;0;1.6384283249003;0.647082928472345;0.749178193702531
1050;296;0;1.6519879750569;0.620306283390734;0.720692364989169
1050;299.5;0;1.66547822492529;0.595170007862739;0.693926476574175
1050;303;0;1.67905785536422;0.571540310660662;0.668741543051046
1050;306.5;0;1.69255325193354;0.54929673547603;0.645012343509856
1050;310;0;1.70619107997303;0.528330850974139;0.622626113243928
1050;313.5;0;1.71975566177979;0.50854437832783;0.601480543503241
1050;317;0;1.73341092521294;0.489848301572359;0.581482905817752
1050;320.5;0;1.74692187903343;0.472161448038072;0.56254852707654
1050;324;0;1.76064370390062;0.455410840979167;0.544601351360398
1050;327.5;0;1.77427143637323;0.43952925376827;0.527571156525491
1050;331;0;1.78787687834324;0.424455578469858;0.511394100175049
1050;334.5;0;1.80164576623143;0.410134167635203;0.496012037114598
1050;338;0;1.81531983436802;0.396513940345674;0.481371535992902
1050;341.5;0;1.82902912858488;0.383547948331456;0.467423434859648
1050;345;0;1.84277924187687;0.371193273729796;0.454122792881317
1050;348.5;0;1.85661898791345;0.359410342033779;0.441428123381507
1050;352;0;1.87035211269009;0.348163003124209;0.42930155656794
1050;355.5;0;1.88412690231282;0.337417457675391;0.417707577383532
1050;359;0;1.89796363613453;0.327142779718356;0.406613717565493
1050;362.5;0;1.91188309722926;0.317310522160655;0.395990120483896
1050;366;0;1.92581710607947;0.307894156019774;0.385808887576865
1050;369.5;0;1.93972558968168;0.298869037082124;0.376044072781928
1050;373;0;1.95371852493577;0.290212434178998;0.366671755059486
1050;376.5;0;1.96772631956829;0.28190334884551;0.357669848466524
1050;380;0;1.98176941230482;0.273922016232742;0.349017501731743
1050;383.5;0;1.99579182953271;0.266250157741999;0.340695444744927
1050;387;0;2.01003061009825;0.258870691590799;0.332685647657072
1050;390.5;0;2.02422994479228;0.251767861154729;0.324971510693578
1050;394;0;2.03845713752998;0.244926687368999;0.317537182971797
1050;397.5;0;2.05271818574416;0.238333347843589;0.310368070293296
1050;401;0;2.06716197828069;0.231974800380675;0.303450368421915
1050;404.5;0;2.08165407629937;0.225838995038636;0.296771357379735
1050;408;0;2.09612138327719;0.219914472019038;0.290318893295654
1050;411.5;0;2.11073093441533;0.21419052171943;0.284081632002058
1050;415;0;2.12542704358637;0.208657057484394;0.278048876268494
1050;418.5;0;2.14018571191567;0.203304687631551;0.27221068575374
1050;422;0;2.155162359091;0.198124504090162;0.266557609104199
1050;425.5;0;2.17010584318716;0.193108102258081;0.26108072109702
1050;429;0;2.18518904632555;0.188247596982948;0.255771655807372
1050;432.5;0;2.20037351760937;0.183535494582149;0.25062244441959
1050;436;0;2.21577012136605;0.17896479616303;0.245625665808671
1050;439.5;0;2.23127560714461;0.174528763257657;0.240774136120111
1050;443;0;2.24701996551026;0.170221137841217;0.236061219050934
1050;446.5;0;2.26283401803352;0.16603587428571;0.231480465711466
1050;450;0;2.27881657553318;0.161967330275784;0.22702588653497
1050;453.5;0;2.29510278330635;0.158010046701852;0.222691652984869
1050;457;0;2.31157673496975;0.154158951190394;0.218472390071571
1050;460.5;0;2.32819067034409;0.150409103276129;0.214362825712692
1050;464;0;2.34518746657625;0.146755842761759;0.210358006403215
1050;467.5;0;2.36237117498977;0.143194687656645;0.206453159596049
1050;471;0;2.37997366959624;0.139721355768995;0.202643730962799
1050;474.5;0;2.39782054744793;0.136331748216558;0.198925367812866
1050;478;0;2.41615122455522;0.133021937643736;0.195293909282753
1050;481.5;0;2.4347122125627;0.129788116172712;0.191745317200834
1050;485;0;2.45378662814975;0.126626631714606;0.188275736281435
1050;488.5;0;2.47336303466646;0.123533890929195;0.184881357740247
1050;492;0;2.49357429369855;0.120506488779522;0.181558619660595
1050;495.5;0;2.51429398259693;0.117541048585028;0.178303977217695
1050;499;0;2.53581889088374;0.114634278845625;0.175113995659189
1050;502.5;0;2.55806054650402;0.111782938115078;0.171985306947367
1050;506;0;2.58112542841952;0.10898386051116;0.168914660025249
1050;509.5;0;2.60517150830466;0.106233861481954;0.165898788185209
1050;513;0;2.63036901474427;0.103529801095761;0.162934520510831
1050;516.5;0;2.6568539882044;0.100868446424285;0.160018582546162
1050;520;0;2.6848042390424;0.0982465957192669;0.157147809381049
1050;523.5;0;2.71438012971087;0.0956609567692058;0.154318976985172
1400;280;0;1.5898274144326;0.758679885572061;0.867391805711314
1400;283.7;0;1.60405235458898;0.72282756227718;0.82938962396818
1400;287.4;0;1.61825202595642;0.689484218163324;0.794009558299336
1400;291.1;0;1.63254596527052;0.658418466159279;0.761011987151201
1400;294.8;0;1.64681901700395;0.629423915100133;0.730182888342533
1400;298.5;0;1.66114173243026;0.602318440162462;0.701333444594245
1400;302.2;0;1.67547149618207;0.576938030953336;0.674293306038426
1400;305.9;0;1.68972462482436;0.553136848545756;0.648910987865167
1400;309.6;0;1.70406315950494;0.53078386524114;0.625050255240876
1400;313.3;0;1.718469809997;0.509761122584861;0.602588340956345
1400;317;0;1.73281926422286;0.489962645811454;0.581414903027109
1400;320.7;0;1.74710270295557;0.471292605348124;0.561430063066769
1400;324.4;0;1.76152882239311;0.453664189968376;0.542543251637442
1400;328.1;0;1.77594263844766;0.436999338181288;0.524673058356354
1400;331.8;0;1.79033584345488;0.421226323414198;0.507744492901995
1400;335.5;0;1.80481158532183;0.406280809920362;0.491690382149615
1400;339.2;0;1.81925075793626;0.392103560796599;0.476448734124746
1400;342.9;0;1.83377179798768;0.378640724523672;0.461963184980962
1400;346.6;0;1.84826758269455;0.365843107204482;0.448182215283419
1400;350.3;0;1.86277186868405;0.353665706501765;0.435058669822649
1400;354;0;1.87737767829132;0.342067160895846;0.422549161726334
1400;357.7;0;1.89196071540177;0.331009416088445;0.410613731737621
1400;361.4;0;1.9065110581566;0.320457740135248;0.399215933990516
1400;365.1;0;1.92127165553966;0.310379855901505;0.388321820376481
1400;368.8;0;1.93581755645113;0.300746347902619;0.377900500611946
1400;372.5;0;1.9506329353055;0.291529686935069;0.367922973126249
1400;376.2;0;1.96534877300104;0.282704655384454;0.358362701231258
1400;379.9;0;1.98012168900159;0.274247767670526;0.34919492564591
1400;383.6;0;1.99503556148985;0.266137458220239;0.340396940750856
1400;387.3;0;2.00988182629823;0.258353508669788;0.331947401346946
1400;391;0;2.02485237484191;0.250877254170192;0.323826616482
1400;394.7;0;2.03987713931768;0.243691153811511;0.316016027219615
1400;398.4;0;2.05501077036686;0.236779196462874;0.308498758608944
1400;402.1;0;2.07010289219112;0.230126095944404;0.301258602839308
1400;405.8;0;2.08528736664948;0.223717887114209;0.294280816369672
1400;409.5;0;2.10057287056388;0.217541316401964;0.287551346983633
1400;413.2;0;2.11600079826584;0.211584044529923;0.281057117393794
1400;416.9;0;2.13150012362149;0.205834563304848;0.274785935835954
1400;420.6;0;2.14706393871816;0.200282079055251;0.268726359577492
1400;424.3;0;2.16278394287785;0.194916366680856;0.262867514961564
1400;428;0;2.17855658693208;0.189727878918577;0.257199258138733
1400;431.7;0;2.19444229176474;0.184707736564883;0.251712178883038
1400;435.4;0;2.21058623060355;0.179847411979295;0.246397184685467
1400;439.1;0;2.22682004469495;0.175138941707578;0.24124580058584
1400;442.8;0;2.24317425308434;0.170574824125463;0.236250042785247
1400;446.5;0;2.25973127089316;0.166147963607139;0.231402353230145
1400;450.2;0;2.27652530655312;0.161851644752613;0.226695574423271
1400;453.9;0;2.29340630654372;0.157679467244686;0.222122868239847
1400;457.6;0;2.31069872889128;0.153625409827682;0.217677815210102
1400;461.3;0;2.32808629723492;0.149683701297423;0.213354242594862
1400;465;0;2.34577987979566;0.145848930609602;0.209146389591557
1400;468.7;0;2.36378981146577;0.142115881995467;0.205048682244773
1400;472.4;0;2.38216350568371;0.138479528145228;0.201055729989916
1400;476.1;0;2.4008660798807;0.134935178226975;0.197162548741886
1400;479.8;0;2.42000377750315;0.131478212659822;0.193364185465942
1400;483.5;0;2.43944673630724;0.128104248159309;0.189655965674746
1400;487.2;0;2.45950105655026;0.124809084108186;0.186033425597007
1400;490.9;0;2.4800055686961;0.121588596068249;0.182492163198258
1400;494.6;0;2.50118632255013;0.118438799917092;0.17902794185907
1400;498.3;0;2.52302818326923;0.115355830512452;0.175636669500742
1400;502;0;2.54559614577884;0.112335889424771;0.17231433081926
1400;505.7;0;2.5689340358005;0.109375229112385;0.169056974508387
1400;509.4;0;2.59333590595888;0.10647015721104;0.165860733239766
1400;513.1;0;2.61877866149904;0.103616992015846;0.162721770442945
1400;516.8;0;2.64548085696655;0.100812005967006;0.159636208574071
1400;520.5;0;2.67363253148514;0.0980514403427948;0.156600171207186
1400;524.2;0;2.70339592384219;0.0953314909867269;0.153609785284707
1400;527.9;0;2.73514992808948;0.092648183763042;0.150661010204913
1400;531.6;0;2.76917153552215;0.0899973437042597;0.147749618735727
1400;535.3;0;2.80597731886862;0.0873746080211713;0.144871258991242
1400;539;0;2.84605031527792;0.0847752513325643;0.142021218196923
1400;542.7;0;2.89024096058755;0.0821941069749573;0.139194350985785
1750;276;0;1.57407315511837;0.800713809172517;0.911651587440347
1750;280;0;1.58943018608821;0.758824281509309;0.867308655914424
1750;284;0;1.60478165947833;0.720173923314294;0.826346865396794
1750;288;0;1.62015035841787;0.68443295446188;0.788424954686827
1750;292;0;1.63557212471753;0.651313662471074;0.753245097689334
1750;296;0;1.65104596756258;0.620561935893104;0.720543908143862
1750;300;0;1.66642959528409;0.591954194497793;0.690089524868334
1750;304;0;1.68187134258704;0.565291751854834;0.661675625537435
1750;308;0;1.69732967707837;0.540399131120962;0.635119944675511
1750;312;0;1.7128268722918;0.517119462887648;0.6102593153941
1750;316;0;1.72827900482725;0.49531309951408;0.586948403234328
1750;320;0;1.74382751096739;0.47485498509507;0.565056930585791
1750;324;0;1.75937421201256;0.455633265698058;0.544468316082204
1750;328;0;1.77487165815062;0.437547285315526;0.525077544774651
1750;332;0;1.79043687064934;0.420506285379241;0.506789833993557
1750;336;0;1.80600904055574;0.404428431062717;0.489519662317918
1750;340;0;1.8216802964798;0.389240080034094;0.47319006985891
1750;344;0;1.83726069606751;0.37487395333644;0.45773060141195
1750;348;0;1.85294171649655;0.361269331945764;0.443077681022576
1750;352;0;1.86861676436873;0.348370907066707;0.429173339428638
1750;356;0;1.88429245077153;0.336128341221632;0.415964788149235
1750;360;0;1.90003453188716;0.324495625927056;0.403403730293947
1750;364;0;1.91588108487776;0.313430655121693;0.391445922981295
1750;368;0;1.93164651985891;0.30289513558192;0.380051151436709
1750;372;0;1.94747155845198;0.292853598906946;0.36918207078236
1750;376;0;1.96344042657926;0.283273815401551;0.358804791554647
1750;380;0;1.97934870318791;0.274125831505346;0.348887730981175
1750;384;0;1.99531005301713;0.265382288528632;0.339402070467985
1750;388;0;2.01136381713958;0.25701776514505;0.330320972520757
1750;392;0;2.02753484412073;0.2490089941765;0.321619904420743
1750;396;0;2.04372278337651;0.241334288452303;0.313275945557465
1750;400;0;2.05985650632161;0.233973633398681;0.305267944296159
1750;404;0;2.07627779774751;0.226908397277274;0.297576178782031
1750;408;0;2.09264759660696;0.220121353427798;0.290182419085578
1750;412;0;2.10915118176118;0.213596435324759;0.283069637751117
1750;416;0;2.1257352781875;0.207318754278014;0.276222061589878
1750;420;0;2.14252517736798;0.201274301100351;0.269624802296966
1750;424;0;2.15927235845975;0.195450179793157;0.263264192055618
1750;428;0;2.17628379990567;0.189834175858138;0.257127229525366
1750;432;0;2.19339331795673;0.184414995136411;0.251201921037483
1750;436;0;2.21058191291228;0.179181884528086;0.245476787060644
1750;440;0;2.22796483122871;0.174124935432583;0.239941292794996
1750;444;0;2.2455765660767;0.169234774591511;0.234585445216915
1750;448;0;2.26341967975661;0.164502496368223;0.229399712956706
1750;452;0;2.2814305290647;0.159919863733574;0.224375320661053
1750;456;0;2.29968187860063;0.155478970201112;0.219503793734679
1750;460;0;2.31811331680375;0.151172435348867;0.214777244623335
1750;464;0;2.33697322643259;0.146993207385744;0.21018810866675
1750;468;0;2.35607046191532;0.142934615143307;0.20572922930604
1750;472;0;2.37552373946735;0.138990377506617;0.201393885616723
1750;476;0;2.39533622975136;0.135154413198536;0.197175530491643
1750;480;0;2.41560164584922;0.131420954254968;0.193067964958855
1750;484;0;2.43629865113135;0.127784477246794;0.18906525104545
1750;488;0;2.45755025573035;0.12423970051551;0.185161720386223
1750;492;0;2.47933163484136;0.12078146834797;0.181351814717458
1750;496;0;2.50184340958474;0.117404844071501;0.177630236683149
1750;500;0;2.52502008376664;0.114104981946995;0.17399177199732
1750;504;0;2.5490260767926;0.110877156180116;0.170431346774514
1750;508;0;2.57393818544616;0.10771671975774;0.166943981302897
1750;512;0;2.59999216020308;0.104619077688561;0.163524767059694
1750;516;0;2.62718021894522;0.10157960945141;0.160168766175948
1750;520;0;2.65586439609218;0.0985936505713909;0.156871004180851
1750;524;0;2.68610984600405;0.0956564617419133;0.15362644795876
1750;528;0;2.71830283525612;0.0927631748251743;0.150429952155503
1750;532;0;2.75272659869258;0.0899086405114722;0.14727605057857
1750;536;0;2.78996400787112;0.087087446682823;0.144159029032874
1750;540;0;2.83041760906523;0.0842937256198203;0.141072664582552
1750;544;0;2.87489284310122;0.0815210091526187;0.138010048754016
1750;548;0;2.92447049483405;0.0787620708429817;0.134963402607931
1750;552;0;2.98044907047669;0.0760085828465368;0.131923592635708
1750;556;0;3.04486197216405;0.0732507487414317;0.128879616130974
1750;560;0;3.12081499206635;0.0704766678351128;0.125817633390596
2100;288;0;1.61972287332084;0.684567788407987;0.788347143163854
2100;292;0;1.63512664164699;0.65144457344087;0.753169392160306
2100;296;0;1.65058166047532;0.62068927830367;0.720470009160691
2100;300;0;1.66594555677023;0.592078289830132;0.690017170152668
2100;304;0;1.68136664871126;0.565413163021135;0.661604901449187
2100;308;0;1.69680333942908;0.540517850768306;0.635050328958229
2100;312;0;1.71227784986014;0.5172357545782;0.610190652192487
2100;316;0;1.72770617029723;0.495427214826805;0.586880567292645
2100;320;0;1.74322970924455;0.474967369647009;0.564990067205112
2100;324;0;1.75875018753171;0.455743936863229;0.544402097284674
2100;328;0;1.77422006089686;0.437656471291296;0.525011923693039
2100;332;0;1.789756302686;0.420614208552625;0.506724784954826
2100;336;0;1.80529799338709;0.404535308924182;0.489455178970336
2100;340;0;1.82093719604545;0.389345827830426;0.47312580107296
2100;344;0;1.83648379326947;0.374978815647622;0.457666613757106
2100;348;0;1.85212921729968;0.361373414540149;0.44301388970386
2100;352;0;1.86776670962217;0.348474332854827;0.429109695584171
2100;356;0;1.88340274700624;0.336231130237169;0.415901129104867
2100;360;0;1.89910296624488;0.324597942776054;0.403340083271263
2100;364;0;1.91490530400965;0.313532675347455;0.391382340194199
2100;368;0;1.93062391018918;0.302996745694938;0.379987332738079
2100;372;0;1.94639938028173;0.29295502620243;0.369118149474139
2100;376;0;1.96231577807292;0.283375025161254;0.358740577929087
2100;380;0;1.97816834957581;0.274227007072528;0.348823315811468
2100;384;0;1.99407056840525;0.265483469877918;0.339337367106692
2100;388;0;2.01006152609664;0.257119033410355;0.330255949471631
2100;392;0;2.02616578933761;0.249110395887005;0.321554487363551
2100;396;0;2.04228261611304;0.241435847020767;0.313210030449672
2100;400;0;2.05834046056171;0.23407542456696;0.30520149401039
2100;404;0;2.07468093693452;0.227010544751185;0.29750921774494
2100;408;0;2.09096430468568;0.220223907369108;0.290114873353423
2100;412;0;2.10737547865826;0.213699448549492;0.283001432824974
2100;416;0;2.12386059392148;0.207422288911413;0.276153130080428
2100;420;0;2.14054443318465;0.201378434182154;0.269555090561702
2100;424;0;2.15717757880867;0.195555008616474;0.263193666302254
2100;428;0;2.17406650951772;0.189939776349721;0.257055818853199
2100;432;0;2.19104403348086;0.184521391234305;0.251129473458459
2100;436;0;2.20809015483986;0.179289234278242;0.245403321161683
2100;440;0;2.22531913770941;0.174233318633246;0.239866707592238
2100;444;0;2.24276427717583;0.169344255855872;0.234509603145692
2100;448;0;2.26042673617712;0.164613212163271;0.2293225585905
2100;452;0;2.27824118991872;0.160031919908093;0.22429673691278
2100;456;0;2.29627865144774;0.155592494149314;0.219423671964694
2100;460;0;2.31447651383998;0.151287587709061;0.214695498936269
2100;464;0;2.33308107435315;0.147110103839055;0.210104562265586
2100;468;0;2.35189810606056;0.143053465643998;0.205643809292869
2100;472;0;2.37104322578529;0.139111301551699;0.201306354961118
2100;476;0;2.39051578543132;0.135277605926314;0.197085721999657
2100;480;0;2.41040517044711;0.131546648596783;0.192975723256754
2100;484;0;2.43068470692909;0.127912894356299;0.188970354747557
2100;488;0;2.45147134772145;0.124371081719772;0.185063922016009
2100;492;0;2.47273269751201;0.120916083650338;0.181250846254924
2100;496;0;2.49466077111757;0.117543004229247;0.17752581940689
2100;500;0;2.51717896799672;0.114247015816025;0.173883572849074
2100;504;0;2.54043870896464;0.111023454189096;0.170319032805873
2100;508;0;2.56450049271648;0.107867690497251;0.166827140101639
2100;512;0;2.58958022893891;0.1047751729292;0.163402928300429
2100;516;0;2.61564433333324;0.101741339653995;0.160041406371411
2100;520;0;2.64302323648664;0.0987616103125639;0.156737563722032
2100;524;0;2.67174013943952;0.0958312971712301;0.153486251492966
2100;528;0;2.70212760898712;0.0929456181556068;0.150282227772207
2100;532;0;2.73439699236344;0.0900995480874783;0.147119948534203
2100;536;0;2.76903509504858;0.0872877667827495;0.143993515114733
2100;540;0;2.80631018329309;0.0845045666907692;0.140896562517477
2100;544;0;2.84683974811756;0.0817436580098053;0.137821982664992
2100;548;0;2.89143197762154;0.0789980125601392;0.134761714301455
2100;552;0;2.94097562759748;0.0762595795056546;0.131706321658001
2100;556;0;2.99686683649556;0.0735188901862527;0.128644380447133
2100;560;0;3.06117100121445;0.0707644702963507;0.125561516393474
2100;564;0;3.13651594273491;0.0679819343415957;0.12243884644865
2100;568;0;3.22744099143679;0.0651524875328108;0.119250265851389
2100;572;0;3.34127978660338;0.0622501830202781;0.115957236431989
2450;291;0;1.63082666057793;0.659625330472135;0.76164553649346
2450;295.1;0;1.64661444191312;0.627542604056344;0.727549714434739
2450;299.2;0;1.66239977509694;0.597763100748163;0.695865698256088
2450;303.3;0;1.67820532817809;0.570068470137239;0.666367084181189
2450;307.4;0;1.69398905744198;0.544264301090924;0.638851948470372
2450;311.5;0;1.70974622993377;0.520179026457853;0.613142047293976
2450;315.6;0;1.72563162567884;0.497659654698523;0.589078243816156
2450;319.7;0;1.74150968594793;0.476569856822858;0.566518621919493
2450;323.8;0;1.75730681263866;0.456787843196719;0.545336303456179
2450;327.9;0;1.77319368924198;0.438204551320818;0.525417584506173
2450;332;0;1.78908374297413;0.4207217468235;0.506659920883039
2450;336.1;0;1.80495676101369;0.404251422271361;0.488971432559037
2450;340.2;0;1.82093303983483;0.388713778457384;0.472268674712285
2450;344.3;0;1.83686581254107;0.374037063215785;0.456476617830366
2450;348.4;0;1.85289084500186;0.360156199658211;0.441527144843376
2450;352.5;0;1.86884337584432;0.347011943014748;0.427358159853571
2450;356.6;0;1.88493384516385;0.334550750894974;0.413913556337277
2450;360.7;0;1.9008919630137;0.322723567402537;0.401141835723231
2450;364.8;0;1.9170195127911;0.311485717860994;0.388996075385283
2450;368.9;0;1.93311732868234;0.300796644069079;0.377433696693468
2450;373;0;1.94934309971921;0.29061888706773;0.366415278802027
2450;377.1;0;1.9654627299342;0.280918271248445;0.355904861080824
2450;381.2;0;1.98174218822827;0.27166339665189;0.34586937446892
2450;385.3;0;1.99802192342899;0.262825296264736;0.336278268014724
2450;389.4;0;2.0143715973504;0.254377448635833;0.327103581917083
2450;393.5;0;2.0308472281916;0.246295313460618;0.318319407011721
2450;397.6;0;2.04723777979666;0.238556236781487;0.309901808612263
2450;401.7;0;2.0637721050823;0.231139215618502;0.301828565077386
2450;405.8;0;2.08038112505811;0.22402482544507;0.294079112574738
2450;409.9;0;2.09707470631567;0.21719513897955;0.286634477226694
2450;414;0;2.11386322514263;0.210633483000652;0.279476990780957
2450;418.1;0;2.13072504277699;0.204324178095051;0.272589974836418
2450;422.2;0;2.14770394806323;0.198252891636179;0.265958237757251
2450;426.3;0;2.16476282313484;0.192406059817473;0.259567332854
2450;430.4;0;2.18194707475428;0.186771096625909;0.253403859641978
2450;434.5;0;2.1993702163742;0.181336301097281;0.247455364156537
2450;438.6;0;2.2167475714948;0.176090588292552;0.241709994380791
2450;442.7;0;2.23446150621838;0.171023661803799;0.236156753595153
2450;446.8;0;2.25226159548168;0.16612586789107;0.230785321016016
2450;450.9;0;2.27026663655923;0.161388022984846;0.225585829204404
2450;455;0;2.2884797784407;0.156801600552035;0.220549139105494
2450;459.1;0;2.30695691332925;0.152358513925162;0.215666554079252
2450;463.2;0;2.32561961590562;0.148051134223425;0.21092985847679
2450;467.3;0;2.34459650881844;0.143872186919477;0.206331184237133
2450;471.4;0;2.36391698402908;0.139814870867093;0.201863193940692
2450;475.5;0;2.38345823742792;0.135872610311297;0.197518738472527
2450;479.6;0;2.40339373673137;0.132039225820361;0.193291114511062
2450;483.7;0;2.42379857852835;0.128308784386959;0.189173860683111
2450;487.8;0;2.44458811083895;0.124675571359358;0.185160726882553
2450;491.9;0;2.46595231914867;0.121134132378787;0.181245748017912
2450;496;0;2.48781904851116;0.11767915127446;0.177423075051918
2450;500.1;0;2.51029818326314;0.114305523467408;0.173687096818759
2450;504.2;0;2.5334749174453;0.111008229409696;0.170032263093486
2450;508.3;0;2.55742035940263;0.107782318714648;0.166453072185491
2450;512.4;0;2.58229005090175;0.104622974199877;0.162944184828528
2450;516.5;0;2.60806571823706;0.101525289377865;0.159500096914122
2450;520.6;0;2.63510877710861;0.0984844083118936;0.156115373155015
2450;524.7;0;2.66342505418366;0.0954953561203319;0.152784403105578
2450;528.8;0;2.69324754237725;0.0925529955649261;0.149501353051822
2450;532.9;0;2.7248631055882;0.0896519709535169;0.146260101458622
2450;537;0;2.75853101078934;0.0867865944511207;0.143054084546119
2450;541.1;0;2.79471823514199;0.0839507005756203;0.139876090459887
2450;545.2;0;2.83380758291295;0.0811375055822265;0.136718062321384
2450;549.3;0;2.87653312409657;0.0783393532873099;0.133570712050479
2450;553.4;0;2.92369605815317;0.075547372181007;0.130422975926832
2450;557.5;0;2.97641212837652;0.0727510091729471;0.127261241253536
2450;561.6;0;3.03640156741943;0.0699372711862087;0.124068027243935
2450;565.7;0;3.10571356577992;0.0670895270485222;0.120819801528833
2450;569.8;0;3.18795929660048;0.0641853941246235;0.117482961509193
2450;573.9;0;3.28860957160144;0.061192742195573;0.114005929628155
2450;578;0;3.41667277329644;0.0580610606971894;0.110301516972692
2450;582.1;0;3.58967408384345;0.0546986659588876;0.106199303466106
2800;275;0;1.56914448885529;0.812188736872505;0.923052150123511
2800;279.5;0;1.58639375269186;0.76431054849029;0.872411499517738
2800;284;0;1.60356161284327;0.720590829508994;0.826107266681681
2800;288.5;0;1.62084572551864;0.680557262392245;0.783651393293796
2800;293;0;1.63803933375354;0.64380175215196;0.744621683588677
2800;297.5;0;1.65535614235245;0.60997125204158;0.708652575037388
2800;302;0;1.67269832985144;0.578758292594936;0.675425321694092
2800;306.5;0;1.68996228518968;0.549894694015633;0.644661649713735
2800;311;0;1.70736834125516;0.523145725804593;0.616117772081424
2800;315.5;0;1.72465326580084;0.498305245695504;0.589579402478285
2800;320;0;1.74205355318816;0.475191229592811;0.564857100254134
2800;324.5;0;1.75943411749098;0.453642891155134;0.541783387746037
2800;329;0;1.77679116810358;0.433517957565851;0.520209977535915
2800;333.5;0;1.79423190682808;0.414689670479418;0.500004592974455
2800;338;0;1.81168461056032;0.397045139329655;0.481049338881868
2800;342.5;0;1.8291452694042;0.380483270748843;0.463238511851231
2800;347;0;1.84658066733842;0.364913884871929;0.44647780116139
2800;351.5;0;1.86418818586868;0.350255684960814;0.430682058689295
2800;356;0;1.88165989092881;0.336435606482368;0.415774709047163
2800;360.5;0;1.89926725168852;0.323387952884113;0.40168687908256
2800;365;0;1.91684418204241;0.311052990231783;0.388355827214339
2800;369.5;0;1.93451935371408;0.299376831979266;0.375724945064333
2800;374;0;1.95224373836187;0.288310571833567;0.363742812255213
2800;378.5;0;1.96996648764044;0.277809751869416;0.352362648147708
2800;383;0;1.9877276164593;0.267833802366335;0.341541711451998
2800;387.5;0;2.00555294327617;0.258345657540898;0.33124090726674
2800;392;0;2.02350048416283;0.249311623357771;0.321424707481066
2800;396.5;0;2.04147222340072;0.240700668924158;0.312060322527607
2800;401;0;2.05947865432393;0.23248439075142;0.303117723679775
2800;405.5;0;2.07761088876364;0.224636695565787;0.294569298100097
2800;410;0;2.09583390314905;0.217133582667351;0.286389624318867
2800;414.5;0;2.11416069720198;0.209952897844534;0.278555203094059
2800;419;0;2.13249075611453;0.203074230218199;0.271044370397051
2800;423.5;0;2.15108292630788;0.196478659586124;0.263837007418015
2800;428;0;2.16978991952523;0.190148726733938;0.2569145420678
2800;432.5;0;2.18852810384735;0.184068139846998;0.250259592596503
2800;437;0;2.20753021923646;0.178221856631733;0.243856112617205
2800;441.5;0;2.22674963426682;0.172595826152708;0.23768907389553
2800;446;0;2.24605552676933;0.167177002103711;0.231744513851712
2800;450.5;0;2.26560401166918;0.161953119099581;0.226009255050411
2800;455;0;2.28536857763889;0.15691276318182;0.22047102753375
2800;459.5;0;2.30537542279232;0.152045252832227;0.215118328918895
2800;464;0;2.32568774785171;0.147340504574632;0.209940257617324
2800;468.5;0;2.3462863262614;0.142789037850456;0.204926539711978
2800;473;0;2.36727565364433;0.138381936067255;0.200067494613227
2800;477.5;0;2.38855753872225;0.134110738641796;0.195353899817964
2800;482;0;2.41029749983855;0.129967402782354;0.190776953133617
2800;486.5;0;2.43256372400329;0.125944317288023;0.186328311460491
2800;491;0;2.45526575308071;0.122034116519245;0.181999835052944
2800;495.5;0;2.47860818877789;0.118229832472199;0.177783829580042
2800;500;0;2.50270138602321;0.114524633090616;0.173672675052875
2800;504.5;0;2.5274314006162;0.110911960872889;0.16965905076856
2800;509;0;2.55305665589533;0.107385314843842;0.165735624836954
2800;513.5;0;2.57959100830808;0.103938363867333;0.161895246965104
2800;518;0;2.60728863718151;0.100564716439507;0.158130616658876
2800;522.5;0;2.63620361324353;0.0972579643845782;0.154434373320607
2800;527;0;2.66666030723766;0.094011542763544;0.150798904255259
2800;531.5;0;2.69873066192739;0.0908186168538692;0.147216194193102
2800;536;0;2.7329012969538;0.0876719693415681;0.14367767723736
2800;540.5;0;2.76943014755297;0.084563792727007;0.140173936673588
2800;545;0;2.80883394293208;0.0814854535808934;0.136694355449075
2800;549.5;0;2.85174369789801;0.0784271363245955;0.133226560073159
2800;554;0;2.89896255138068;0.0753773541414689;0.129755622552006
2800;558.5;0;2.95159750461264;0.0723221461729868;0.126262685805334
2800;563;0;3.01116786506997;0.069243865347747;0.122722786356995
2800;567.5;0;3.08001954595609;0.0661190283702561;0.119100827618923
2800;572;0;3.16123378312385;0.0629142455093265;0.115343651878211
2800;576.5;0;3.26009629667719;0.0595775063584715;0.111362503393612
2800;581;0;3.38537232027153;0.0560155804480892;0.106986495064156
2800;585.5;0;3.55349973833672;0.0520128137719028;0.101793631543188
2800;590;0;3.79920467646931;0.0465341715323698;0.093669899727201
2800;594.5;0;4.21540269993684;0.043346376985647;0.0902068681773258
3150;275;0;1.56877951732165;0.812339418416255;0.922966892505333
3150;279.6;0;1.58636069379833;0.763439492301763;0.871255066519869
3150;284.2;0;1.60396825076224;0.718874739919016;0.824062824390651
3150;288.8;0;1.62160702984747;0.67814213906177;0.780870438853534
3150;293.4;0;1.63924342325465;0.640809587241336;0.741231043312646
3150;298;0;1.6568411173556;0.60650368621404;0.704758056915127
3150;302.6;0;1.67451588591574;0.574900789353782;0.671116080147587
3150;307.2;0;1.69224505033223;0.545718536913987;0.640012117098996
3150;311.8;0;1.70980572024362;0.518711188670311;0.61119103295035
3150;316.4;0;1.72759211110819;0.493662748808519;0.584428275672231
3150;321;0;1.74527260940015;0.470383616137877;0.559526589410771
3150;325.6;0;1.76307408213872;0.448706246616791;0.536311457914211
3150;330.2;0;1.78080438670602;0.428482707269339;0.514628692074235
3150;334.8;0;1.79856999124677;0.40958148624717;0.494341053257213
3150;339.4;0;1.81642512060252;0.391885692933598;0.475326466688288
3150;344;0;1.83421161065615;0.375291146742606;0.457476049298064
3150;348.6;0;1.8520384746462;0.359704495883273;0.440692118075456
3150;353.2;0;1.86996063810055;0.345042037762129;0.424887004674846
3150;357.8;0;1.88782892109755;0.331228786745396;0.409982142347631
3150;362.4;0;1.90577023890081;0.318197075540383;0.395906546712095
3150;367;0;1.92376629600139;0.305885727412335;0.382595965045236
3150;371.6;0;1.94173744174356;0.294239628467067;0.369992503610477
3150;376.2;0;1.95982979685028;0.283208742361518;0.358043540056617
3150;380.8;0;1.97788695156063;0.272747572138728;0.346701170633639
3150;385.4;0;1.99599519715829;0.262814766080583;0.33592182489994
3150;390;0;2.014196855507;0.253372528238701;0.325665618077189
3150;394.6;0;2.03251986616247;0.24438662567507;0.315896454292152
3150;399.2;0;2.05086614381147;0.235825385484864;0.306580821443984
3150;403.8;0;2.06924666488052;0.227660072837903;0.297688351422527
3150;408.4;0;2.08780174150043;0.219864087164915;0.289190846623089
3150;413;0;2.10635187350189;0.212413192789025;0.281062641772525
3150;417.6;0;2.12497396571621;0.205284898371356;0.273279846757264
3150;422.2;0;2.14384593110357;0.198458487314996;0.265820434709085
3150;426.8;0;2.16277093402041;0.191914854189539;0.258664072820423
3150;431.4;0;2.18184685405475;0.185636327664859;0.251791929466969
3150;436;0;2.20102440474953;0.179606472033057;0.245186445659437
3150;440.6;0;2.22042200511058;0.173810079140526;0.238831360110719
3150;445.2;0;2.23995923771213;0.168232958424908;0.232711456903309
3150;449.8;0;2.25974179467693;0.162861880142007;0.226812517230936
3150;454.4;0;2.27969161000599;0.157684579250178;0.221121355071267
3150;459;0;2.29988489623556;0.152689435808851;0.215625398493246
3150;463.6;0;2.32043561910123;0.147865706672812;0.210313038186106
3150;468.2;0;2.34111737976194;0.143203199806677;0.205173193484245
3150;472.8;0;2.36225664454601;0.138692359641221;0.200195453654688
3150;477.4;0;2.38366755937833;0.134324122624989;0.195369892405199
3150;482;0;2.4056007674995;0.130089934132837;0.190687111662525
3150;486.6;0;2.42785267166866;0.125981639128575;0.186138102323568
3150;491.2;0;2.45076501455923;0.121991478512381;0.18171425741517
3150;495.8;0;2.47405960216632;0.118111968123442;0.17740721160414
3150;500.4;0;2.49812184427977;0.114335936981582;0.173208916130832
3150;505;0;2.5228148501427;0.110656364354769;0.169111412955496
3150;509.6;0;2.5483209400633;0.107066416086457;0.165106907519038
3150;514.2;0;2.57472459694053;0.103559348000758;0.161187642645622
3150;518.8;0;2.60221761254897;0.100128428182594;0.15734580014631
3150;523.4;0;2.630884656021;0.0967668253460565;0.153573349170285
3150;528;0;2.66092005433995;0.093467588121383;0.149862038973286
3150;532.6;0;2.69261826277383;0.090223416634037;0.146203064487447
3150;537.2;0;2.72607971266247;0.0870265957129952;0.142586987428935
3150;541.8;0;2.76181973950427;0.0838687120023837;0.139003309292023
3150;546.4;0;2.80012805999072;0.080740372072035;0.135440035432981
3150;551;0;2.841759498946;0.0776307953933464;0.131883018203373
3150;555.6;0;2.88720219662449;0.0745271580869721;0.128314849042739
3150;560.2;0;2.93752343373013;0.0714136267680759;0.124713152088327
3150;564.8;0;2.99389505935385;0.0682696778919082;0.121047496566735
3150;569.4;0;3.05827238812142;0.0650670946386853;0.117273660207199
3150;574;0;3.1332733579552;0.0617639457727013;0.113321748932866
3150;578.6;0;3.22280278505059;0.0582903341508526;0.109067410696528
3150;583.2;0;3.33334461183779;0.0545057289106839;0.104244421322295
3150;587.8;0;3.47621706883511;0.0499899411683616;0.0980161171852749
3150;592.4;0;3.67308320261825;0.0441364885375083;0.0890744083327012
3150;597;0;3.9730854972717;0.0433601628135564;0.0905767376572333
3150;601.6;0;4.52209431230604;0.0423587405675266;0.0923512879141264
