10;207;1;0.697298501596755;0.00690678578856645;23.4589608410434
10;213.8;1;0.706576339663573;0.00715165555348507;25.0956560786824
10;220.6;1;0.715872434009883;0.00739884220176871;26.7955747000559
10;227.4;1;0.725183725297281;0.00764716896802436;28.5551040018353
10;234.2;1;0.734507362260956;0.00789581116291128;30.3714558706603
10;241;1;0.743840702153949;0.00814421341798341;32.2425374671986
10;247.8;1;0.753181329403638;0.00839202212357538;34.1668277459796
10;254.6;1;0.762526933472123;0.0086390389980571;36.1432966908613
10;261.4;1;0.771875343295635;0.00888517524519474;38.1712956884783
10;268.2;1;0.781224483889749;0.00913042733740397;40.2505122821339
10;275;1;0.790572387388254;0.00937484493154451;42.3808730061051
10;281.8;1;0.799917187384302;0.00961851462811656;44.5624979837396
10;288.6;1;0.809257050043898;0.00986155531475582;46.7956995453174
10;295.4;1;0.818590261338698;0.0101040866707208;49.0808473335672
10;302.2;1;0.827915136497929;0.0103462464606348;51.4184546662959
10;309;1;0.837230055240696;0.0105881574765918;53.8090206611059
10;315.8;1;0.846533419200124;0.0108299515486421;56.2531465273851
10;322.6;1;0.855823732050937;0.0110717406179141;58.7513871206419
10;329.4;1;0.865099479577882;0.0113136332403618;61.3043291962072
10;336.2;1;0.874359221703172;0.0115557247433001;63.9125350556554
10;343;1;0.883601587304695;0.0117981316364096;66.5767292974869
10;349.8;1;0.892825188063659;0.0120408937642358;69.2972475613388
10;356.6;1;0.902028673560493;0.012284063792636;72.0745185707166
10;363.4;1;0.911210726973045;0.0125276879070016;74.9089559065971
10;370.2;1;0.920370090794573;0.0127718072521667;77.8009631426201
10;377;1;0.92950553581251;0.0130164457996637;80.750855748633
10;383.8;1;0.938615778758991;0.0132616179154855;83.7588992583113
10;390.6;1;0.947699687346134;0.0135073351392298;86.8253474605176
10;397.4;1;0.956756065366585;0.0137535938548224;89.9503601803416
10;404.2;1;0.96578378476591;0.0140003907293429;93.1340974868965
10;411;1;0.974781703718672;0.0142477065824161;96.3766107402882
10;417.8;1;0.983734188868968;0.0144955246741099;99.6779595235438
10;424.6;1;0.992669965256827;0.0147438182295567;103.038127288175
10;431.4;1;1.00157268623734;0.0149925635873424;106.457106687132
10;438.2;1;1.01044137135086;0.0152417216960467;109.934768031357
10;445;1;1.01927498334554;0.0154912577722911;113.470995376941
10;451.8;1;1.02807254980312;0.0157411353568446;117.065644714705
10;458.6;1;1.03683312765032;0.0159913120258255;120.718510656532
10;465.4;1;1.04555575144717;0.0162417483536913;124.429391760614
10;472.2;1;1.05423953883091;0.0164923955470085;128.197996088593
10;479;1;1.06288357112171;0.0167432119704526;132.024066268871
10;485.8;1;1.07148696900565;0.0169941506535215;135.907283596606
10;492.6;1;1.08004887612376;0.0172451698347659;139.847350552455
10;499.4;1;1.08856847789312;0.0174962176833495;143.843868111969
10;506.2;1;1.09704494990931;0.0177472546313749;147.896516210837
10;513;1;1.10547749575665;0.0179982345502085;152.004901640676
10;519.8;1;1.11386531710583;0.0182491085477267;156.168586869293
10;526.6;1;1.12220770301013;0.0184998396190673;160.387215510224
10;533.4;1;1.13050389437697;0.0187503789143952;164.660310574017
10;540.2;1;1.1387531651547;0.0190006894384301;168.987478610476
10;547;1;1.14695483851229;0.0192507279645566;173.368253472816
10;553.8;1;1.15510821905517;0.0195004604960935;177.802233800663
10;560.6;1;1.16321267673554;0.0197498378202873;182.288862557387
10;567.4;1;1.17126754115839;0.0199988341490446;186.827779485409
10;574.2;1;1.17927220175289;0.0202474142408808;191.418523401061
10;581;1;1.18722606709554;0.0204955347689993;196.060539986081
10;587.8;1;1.19512854861636;0.0207431734382612;200.753459054101
10;594.6;1;1.2029790930635;0.0209902943741707;205.496767487729
10;601.4;1;1.21077715538145;0.021236866572475;210.289984321996
10;608.2;1;1.21852220409553;0.0214828693057799;215.132717615398
10;615;1;1.22621372669878;0.021728272555034;220.024472052344
10;621.8;1;1.23385126212605;0.0219730490462604;224.964766973072
10;628.6;1;1.24143432218108;0.0222171762144133;229.953158237819
10;635.4;1;1.24896245922581;0.0224606342273832;234.989220191179
10;642.2;1;1.25643526344928;0.0227034036044541;240.072522009799
10;649;1;1.26385231138625;0.0229454663642139;245.202640166151
10;655.8;1;1.27121321194242;0.0231868017732233;250.379113360976
10;662.6;1;1.27851759012619;0.0234273893319124;255.601473559049
10;669.4;1;1.28576509515756;0.0236672238857853;260.869412681802
10;676.2;1;1.29295538420255;0.0239062877052753;266.182480327784
10;683;1;1.30008816027689;0.0241445699385262;271.540295503617
10;689.8;1;1.30716310452292;0.0243820555855479;276.942425239644
670;304;1;0.903917782003016;0.01072695272042;0.723081141735902
670;309.5;1;0.907479313191868;0.0109175282748818;0.753423388632192
670;315;1;0.911376695784213;0.0111081379863395;0.784229754577424
670;320.5;1;0.915567275236056;0.0112988425793679;0.815509771875856
670;326;1;0.920016004512832;0.0114896961917089;0.847272201882118
670;331.5;1;0.924690654240992;0.0116807468712666;0.879525125088287
670;337;1;0.929564164656911;0.0118720448613197;0.912276614535312
670;342.5;1;0.934615782266703;0.0120644942326939;0.945601570934095
670;348;1;0.939824246048448;0.0122572243376522;0.979438262676823
670;353.5;1;0.945172337611884;0.0124502542215405;1.0137917700109
670;359;1;0.950646842575642;0.0126436161062119;1.04866812616834
670;364.5;1;0.956232672380654;0.0128373340400994;1.08407264659517
670;370;1;0.961916453225333;0.0130314248891327;1.12000997959861
670;375.5;1;0.967689720070766;0.0132259043964749;1.15648460561323
670;381;1;0.973542065751445;0.0134207806368636;1.19350026668626
670;386.5;1;0.979465749516118;0.0136160614396784;1.23106059780601
670;392;1;0.985453289209143;0.0138117472271109;1.26916848197402
670;397.5;1;0.991494724621108;0.0140078381039808;1.30782667048345
670;403;1;0.997589772618611;0.014204327359733;1.3470371758559
670;408.5;1;1.00372684344107;0.014401210682139;1.38680211917811
670;414;1;1.00990293277242;0.0145984782238682;1.42712298104151
670;419.5;1;1.01512560897779;0.0147961142479645;1.46800081552
670;425;1;1.02140886351165;0.0149941087943981;1.50943804740888
670;430.5;1;1.02771572040464;0.0151924430061599;1.55143497299143
670;436;1;1.03404401481468;0.0153911023287625;1.59399203272166
670;441.5;1;1.04038811385823;0.0155900619613036;1.63710846573445
670;447;1;1.04674727784855;0.015789305433306;1.68078421775338
670;452.5;1;1.05311799690723;0.0159888116602409;1.72501860847349
670;458;1;1.0594963988705;0.0161885579670981;1.76981063239058
670;463.5;1;1.06588045751893;0.0163885185573065;1.81515878098781
670;469;1;1.07226941279836;0.016588673360893;1.86106201594899
670;474.5;1;1.07865875760403;0.0167889947779207;1.9075183065537
670;480;1;1.08504800489609;0.0169894590878255;1.95452589083038
670;485.5;1;1.09143438108471;0.0171900447799126;2.0020831109595
670;491;1;1.09781817708179;0.017390722697627;2.0501872690342
670;496.5;1;1.10419479977007;0.0175914721298748;2.09883649433628
670;502;1;1.11056399482851;0.0177922645525067;2.1480278420677
670;507.5;1;1.11692448461782;0.0179930782501973;2.19775902539846
670;513;1;1.1232741497848;0.018193888669995;2.2480272731321
670;518.5;1;1.12961260069895;0.0183946662450939;2.29882903886396
670;524;1;1.13593785920182;0.0185953955734956;2.35016239059511
670;529.5;1;1.14224893011649;0.0187960469535592;2.40202347410949
670;535;1;1.14854469286321;0.0189965984037273;2.45440925807896
670;540.5;1;1.15482389809323;0.0191970319095008;2.50731709913775
670;546;1;1.1610846145193;0.0193973170944812;2.56074261485359
670;551.5;1;1.1673273430387;0.019597443608181;2.61468391874399
670;557;1;1.17355152747152;0.0197973767086293;2.66913577304683
670;562.5;1;1.17975427298678;0.01999710845424;2.72409639179586
670;568;1;1.18593510738325;0.0201966141074346;2.77956162925593
670;573.5;1;1.19209505874839;0.0203958750321277;2.83552804605476
670;579;1;1.19823262744439;0.020594869022434;2.89199159427752
670;584.5;1;1.20434543466092;0.0207935842112891;2.94894956545332
670;590;1;1.21043332859401;0.0209920018947772;3.00639820330448
670;595.5;1;1.2164983786278;0.0211900997317885;3.06433311903762
670;601;1;1.22253537519183;0.021387869023535;3.12275178922147
670;606.5;1;1.22854607863624;0.0215852942442969;3.18165063401096
670;612;1;1.23453099481881;0.0217823540133848;3.2410251144274
670;617.5;1;1.24048755206577;0.0219790439855767;3.3008731296079
670;623;1;1.24641666992813;0.0221753387232766;3.36118935635607
670;628.5;1;1.25231637211064;0.0223712383814427;3.42197224375566
670;634;1;1.25818652850209;0.0225667243020098;3.48321733708444
670;639.5;1;1.26402757625318;0.0227617851845222;3.54492122310899
670;645;1;1.26983906101155;0.0229564110358876;3.6070806306558
670;650.5;1;1.27561963741746;0.0231505918869151;3.66969223635392
670;656;1;1.28136852609579;0.0233443159906012;3.73275237681459
670;661.5;1;1.28708715056224;0.023537580668672;3.79625878580369
670;667;1;1.29277221858481;0.0237303681944566;3.86020673400469
670;672.5;1;1.29842682578856;0.0239226826019484;3.92459496358486
670;678;1;1.30404844214696;0.0241145048661363;3.98941842401455
670;683.5;1;1.30963673802819;0.0243058359549179;4.05467529453344
670;689;1;1.31519139939986;0.0244966677009586;4.1203622230437
670;694.5;1;1.32071340002827;0.024686995337631;4.18647638889238
1340;331;1;1.01885931791862;0.0120094607379865;0.408705699436199
1340;336.1;1;1.01656891863571;0.0121786213357456;0.424858005505527
1340;341.2;1;1.01523898247239;0.0123499259722167;0.441211237456832
1340;346.3;1;1.01472016459254;0.0125221565270088;0.457735998725739
1340;351.4;1;1.01489347420169;0.0126949625634572;0.474429652948108
1340;356.5;1;1.01566451636209;0.0128683342402791;0.491300151583955
1340;361.6;1;1.01694622831084;0.0130422605723168;0.508354345667627
1340;366.7;1;1.01868248491992;0.0132167370293282;0.525598468058708
1340;371.8;1;1.02081033786843;0.0133917509937166;0.543037713995166
1340;376.9;1;1.02328432186589;0.0135672970718678;0.560676957187183
1340;382;1;1.02606586351572;0.013743365610299;0.578520386753951
1340;387.1;1;1.02911925602684;0.0139199458235758;0.596571699615298
1340;392.2;1;1.03241387940881;0.014097026893539;0.614834205349293
1340;397.3;1;1.03592967941864;0.0142745982971719;0.633310891108783
1340;402.4;1;1.03963647008153;0.0144526486769766;0.652004413685207
1340;407.5;1;1.04351626391626;0.0146311611981501;0.670916918543339
1340;412.6;1;1.04755375406689;0.0148101230751045;0.690050492989189
1340;417.7;1;1.04965756096332;0.0149895169190384;0.709406855758067
1340;422.8;1;1.05405731530962;0.0151693251533023;0.728988536481556
1340;427.9;1;1.05856580098416;0.0153495300023658;0.748797159284639
1340;433;1;1.06317528784046;0.0155301132187878;0.768833744357445
1340;438.1;1;1.06787331709846;0.0157110573196068;0.789099197472591
1340;443.2;1;1.0726525759253;0.0158923398572274;0.80959403225139
1340;448.3;1;1.07750653999605;0.0160739429759022;0.830318855991842
1340;453.4;1;1.08242481390109;0.0162558431868289;0.851273859333435
1340;458.5;1;1.0874044863116;0.0164380212203473;0.87245932681328
1340;463.6;1;1.09243786395448;0.016620455192257;0.893875291061758
1340;468.7;1;1.09752002718956;0.016803125199496;0.915521779937421
1340;473.8;1;1.10264384722202;0.0169860054311964;0.937398393429457
1340;478.9;1;1.10781013836924;0.0171690758115066;0.95950493835715
1340;484;1;1.11300874157537;0.0173523171276684;0.981841176988237
1340;489.1;1;1.11823736469809;0.0175357032689567;1.00440638922921
1340;494.2;1;1.12349548928636;0.0177192138965029;1.02720008652098
1340;499.3;1;1.12877834042616;0.0179028275755636;1.05022163202049
1340;504.4;1;1.13407801747766;0.0180865248291072;1.07347042075458
1340;509.5;1;1.13939843657686;0.0182702811594575;1.09694546982339
1340;514.6;1;1.14473546180147;0.0184540754859101;1.1206459157374
1340;519.7;1;1.15008178593323;0.0186378896126574;1.14457099549377
1340;524.8;1;1.15544145038255;0.0188217019332527;1.16871966732727
1340;529.9;1;1.16080820279254;0.0190054909117683;1.19309081922081
1340;535;1;1.16618077107883;0.0191892379807557;1.21768345454722
1340;540.1;1;1.17155651858979;0.0193729265433731;1.24249663952346
1340;545.2;1;1.17693737247288;0.0195565338765265;1.26752898631954
1340;550.3;1;1.1823157220366;0.0197400419246387;1.29277934030658
1340;555.4;1;1.18769332428207;0.0199234356684119;1.31824668895668
1340;560.5;1;1.19306905589681;0.0201066980603063;1.34392983449428
1340;565.6;1;1.19844187501742;0.0202898051835339;1.36982706105572
1340;570.7;1;1.2038074942572;0.0204727487619613;1.39593764721977
1340;575.8;1;1.20916686932476;0.020655511320903;1.42226020893521
1340;580.9;1;1.21451806775264;0.0208380705235207;1.44879297076245
1340;586;1;1.2198614304202;0.0210204197236955;1.47553519293342
1340;591.1;1;1.225194040649;0.0212025419953439;1.50248538400563
1340;596.2;1;1.23051304115363;0.0213844220439055;1.52964211902521
1340;601.3;1;1.23582224403386;0.0215660483314509;1.5570041988687
1340;606.4;1;1.24111778541486;0.0217474034842494;1.58456996424496
1340;611.5;1;1.24639695467777;0.0219284802258142;1.61233844818091
1340;616.6;1;1.25166295587783;0.022109265444447;1.64030822788063
1340;621.7;1;1.25691315849887;0.0222897454324224;1.66847779783645
1340;626.8;1;1.26214753828712;0.022469912463751;1.69684606489027
1340;631.9;1;1.26736061249848;0.0226497538931323;1.72541153789078
1340;637;1;1.27255938488398;0.0228292618568925;1.75417305707393
1340;642.1;1;1.27773770687477;0.0230084259394809;1.78312924175292
1340;647.2;1;1.28289788016867;0.0231872338309005;1.81227853348402
1340;652.3;1;1.28803711329817;0.0233656833990437;1.841620141535
1340;657.4;1;1.29315520312709;0.0235437657396796;1.87115272946899
1340;662.5;1;1.29825233692863;0.0237214657455383;1.90087443860392
1340;667.6;1;1.30332836054194;0.0238987881935902;1.93078497538484
1340;672.700000000001;1;1.3083809539408;0.0240757146893664;1.96088217009227
1340;677.8;1;1.31341219887543;0.0242522483336703;1.99116556815706
1340;682.900000000001;1;1.31841945569721;0.0244283755167136;2.02163333894347
1340;688;1;1.32340120207555;0.0246040988952866;2.05228497180092
1340;693.100000000001;1;1.32836249424794;0.0247794031749533;2.08311845283919
2010;349;1;1.14137107634018;0.0130299871082873;0.290165522873397
2010;353.9;1;1.12974468204941;0.0131829238204864;0.301858618214235
2010;358.8;1;1.12051969377409;0.0133376353830864;0.313578009574727
2010;363.7;1;1.11323773719203;0.0134939056520115;0.325340458823968
2010;368.6;1;1.10754688649132;0.0136515694829187;0.337159739267549
2010;373.5;1;1.10317191221665;0.0138104901947564;0.34904713785258
2010;378.4;1;1.09990587849145;0.0139705598430855;0.36101219840421
2010;383.3;1;1.09757551721953;0.0141316853698859;0.373062912660813
2010;388.2;1;1.09605086440223;0.0142937873362326;0.385206079981519
2010;393.1;1;1.09522295651817;0.0144567982259102;0.397447564300364
2010;398;1;1.09499286555056;0.0146206591875991;0.409792439292545
2010;402.9;1;1.09529235841754;0.0147853181199186;0.422245115674084
2010;407.8;1;1.09606084734443;0.0149507264984834;0.434809391892886
2010;412.7;1;1.09722620770787;0.0151168391900204;0.447488557736406
2010;417.6;1;1.09552716022411;0.0152836207946141;0.460285730751634
2010;422.5;1;1.09753729443688;0.015451025763919;0.473204314848348
2010;427.4;1;1.09982156394897;0.0156190210096296;0.486246977887536
2010;432.3;1;1.10235860222527;0.0157875708579187;0.499415543008185
2010;437.2;1;1.10511628715096;0.0159566446834001;0.5127117001961
2010;442.1;1;1.10807861762228;0.0161262130816721;0.526136923894024
2010;447;1;1.11121854845883;0.0162962402807301;0.539692249902615
2010;451.9;1;1.11452423111352;0.0164667046694118;0.55337897112357
2010;456.8;1;1.11797978783077;0.0166375721126778;0.567197780708285
2010;461.7;1;1.12157039395024;0.0168088151351522;0.581149420598744
2010;466.6;1;1.12528381099458;0.016980409730403;0.595234599380346
2010;471.5;1;1.12910729108161;0.017152326124815;0.609453684123327
2010;476.4;1;1.13303322066582;0.017324540687376;0.623807125649618
2010;481.3;1;1.13705375122679;0.0174970267138511;0.638295145852639
2010;486.2;1;1.14115610665643;0.0176697605878916;0.652917965875159
2010;491.1;1;1.14533459428015;0.017842715005315;0.667675566688124
2010;496;1;1.14958644245549;0.0180158657256492;0.682567942299025
2010;500.9;1;1.15389515265431;0.0181891916894388;0.697595116779005
2010;505.8;1;1.15826875287505;0.0183626706188997;0.712756985617107
2010;510.7;1;1.16268946893841;0.0185362781230272;0.728053281934683
2010;515.6;1;1.16715876418722;0.0187099925006242;0.743483766232283
2010;520.5;1;1.17167389470031;0.0188837912897986;0.759048097249755
2010;525.4;1;1.17622282727021;0.0190576538315271;0.7747459374468
2010;530.3;1;1.18080912796433;0.0192315609359154;0.790576946102365
2010;535.2;1;1.18542756998827;0.01940549179043;0.80654065657008
2010;540.1;1;1.19007037279143;0.0195794263923814;0.822636576973236
2010;545;1;1.19474012444661;0.0197533450216876;0.838864171625648
2010;549.9;1;1.19943285232034;0.0199272330959119;0.85522307182132
2010;554.8;1;1.20414477908427;0.0201010654591506;0.871712407658853
2010;559.7;1;1.20887118669086;0.0202748318023445;0.888331899550928
2010;564.6;1;1.21361199833369;0.0204485126077808;0.905080828078652
2010;569.5;1;1.21836559606464;0.0206220899202485;0.921958496140685
2010;574.4;1;1.22312882000073;0.0207955506900118;0.938964384496755
2010;579.3;1;1.2279008667402;0.0209688770126701;0.956097718646575
2010;584.2;1;1.23267492093685;0.0211420525841744;0.973357756146125
2010;589.1;1;1.23745763386532;0.0213150649037489;0.990743893395281
2010;594;1;1.24224017149817;0.0214879030706325;1.00825557141853
2010;598.9;1;1.24702546891451;0.0216605513034457;1.02589197312959
2010;603.8;1;1.25181153974126;0.0218329954620505;1.04365232497774
2010;608.7;1;1.25659149441984;0.0220052283015831;1.06153615460745
2010;613.6;1;1.26137181360818;0.0221772281111742;1.07954226667432
2010;618.5;1;1.2661435410093;0.0223489952218511;1.09767050477334
2010;623.4;1;1.27091548416185;0.0225205055364133;1.11591949739347
2010;628.3;1;1.27567716152675;0.0226917603264601;1.13428909424289
2010;633.2;1;1.28043251501813;0.0228627442579545;1.15277830546216
2010;638.1;1;1.28517946175489;0.0230334517422424;1.17138660594938
2010;643;1;1.28991486982208;0.0232038641554888;1.19011278844267
2010;647.9;1;1.29464171280427;0.0233739846864505;1.20895673798604
2010;652.8;1;1.29935419821115;0.0235437993110492;1.22791744405388
2010;657.7;1;1.30405647995808;0.0237132963332375;1.24699399116119
2010;662.6;1;1.30874504857075;0.0238824748002386;1.26618601030395
2010;667.5;1;1.31341753580386;0.0240513274093575;1.28549278872788
2010;672.4;1;1.31807984057106;0.0242198455373625;1.30491352741207
2010;677.3;1;1.32272143109822;0.02438802229486;1.32444750429406
2010;682.199999999999;1;1.32735374787696;0.0245558515694027;1.34409402579212
2010;687.099999999999;1;1.33196304119112;0.0247233301822523;1.36385254760648
2010;691.999999999999;1;1.3365586081201;0.024890451170818;1.38372230769613
2010;696.899999999999;1;1.34113716815782;0.0250572121595777;1.40370278725333
2680;363;1;1.29131897705285;0.013985349042046;0.226083657331752
2680;367.7;1;1.26336043132514;0.0141125822045097;0.235543429262217
2680;372.4;1;1.24115276053185;0.0142440618570569;0.244934436319244
2680;377.1;1;1.22330029071411;0.0143790579594404;0.254285568215318
2680;381.8;1;1.20882951226775;0.014517021749356;0.263618898374242
2680;386.5;1;1.19704267191021;0.0146575320877431;0.272951748289687
2680;391.2;1;1.18742685603934;0.0148002601837121;0.28229801854868
2680;395.9;1;1.17960746596016;0.0149449400543324;0.291668971681224
2680;400.6;1;1.17326705072958;0.0150913589003934;0.301073978734424
2680;405.3;1;1.1681839247629;0.0152393371810399;0.310520799242087
2680;410;1;1.16416156826712;0.0153887240477327;0.320015973713501
2680;414.7;1;1.16104392812912;0.0155393899934905;0.329565038259423
2680;419.4;1;1.15432954472443;0.0156912255181205;0.339173130294957
2680;424.1;1;1.15291990636625;0.015844128282489;0.348845353943064
2680;428.8;1;1.15209110352694;0.015998016171091;0.358585316134262
2680;433.5;1;1.15177549230049;0.0161528136244379;0.368396013971506
2680;438.2;1;1.15191180508021;0.016308453300717;0.378280069428713
2680;442.9;1;1.15244818292974;0.0164648704290943;0.388239682299937
2680;447.6;1;1.15335272752138;0.0166220143046307;0.398276967813691
2680;452.3;1;1.154571831353;0.0167798312594802;0.408393615960532
2680;457;1;1.15608502246744;0.0169382736680613;0.418591147346957
2680;461.7;1;1.15785339711946;0.0170972934293789;0.428870793564729
2680;466.4;1;1.15986070078157;0.0172568540460812;0.439233831116162
2680;471.1;1;1.16207766909374;0.0174169112752235;0.449681126292584
2680;475.8;1;1.1644902428145;0.0175774310624341;0.460213610171672
2680;480.5;1;1.16708015998987;0.0177383768774604;0.470831977770514
2680;485.2;1;1.16983024824046;0.0178997161214153;0.481536870318573
2680;489.9;1;1.17271873446255;0.0180614147083312;0.492328747036991
2680;494.6;1;1.17574631992572;0.0182234438712612;0.503208081197266
2680;499.3;1;1.1788992819718;0.0183857709309199;0.514175120752752
2680;504;1;1.18215496396491;0.0185483705628435;0.525230208674729
2680;508.7;1;1.18551490624207;0.018711216344636;0.536373560716018
2680;513.4;1;1.18896984553224;0.0188742793821286;0.547605229900069
2680;518.1;1;1.19251433878502;0.0190375348239172;0.558925299059528
2680;522.8;1;1.19612981757391;0.01920096059642;0.57033385518642
2680;527.5;1;1.19981901417379;0.0193645308875525;0.581830802762042
2680;532.2;1;1.20357139955649;0.0195282241114097;0.593416103253966
2680;536.9;1;1.20738455701116;0.0196920170035198;0.605089604357654
2680;541.6;1;1.21125419562304;0.0198558911220592;0.616851242203385
2680;546.3;1;1.21517640349063;0.0200198232049111;0.628700749458355
2680;551;1;1.21914005520402;0.0201837965241977;0.64063801007277
2680;555.7;1;1.2231487200831;0.0203477870800193;0.652662629661311
2680;560.4;1;1.22719038707352;0.0205117816521454;0.664774510386098
2680;565.1;1;1.23127365789316;0.0206757619662341;0.676973352343351
2680;569.8;1;1.23537802061342;0.020839708390455;0.68925876903171
2680;574.5;1;1.23951626227587;0.0210036062505345;0.701630497560413
2680;579.2;1;1.24367807328564;0.0211674371228667;0.71408811447896
2680;583.9;1;1.24786383150932;0.0213311885767741;0.726631362684762
2680;588.6;1;1.25206734784158;0.0214948477069715;0.739259939964451
2680;593.3;1;1.25629378574297;0.021658393521449;0.751973234921269
2680;598;1;1.26052980214336;0.0218218142400712;0.764770920940519
2680;602.7;1;1.26477859598708;0.0219851029217613;0.777652817419904
2680;607.4;1;1.26904197515094;0.0221482402186842;0.790618282772954
2680;612.099999999999;1;1.27331516605387;0.0223112170670733;0.803667012329005
2680;616.8;1;1.2775935120384;0.0224740172266089;0.816798421072264
2680;621.5;1;1.28187690559663;0.022636636921516;0.830012352815785
2680;626.199999999999;1;1.28616532147198;0.0227990588829098;0.843308140707474
2680;630.899999999999;1;1.29046028840201;0.0229612737333887;0.856685383868348
2680;635.599999999999;1;1.29475454592968;0.0231232779717206;0.870143884714383
2680;640.3;1;1.29904903791439;0.0232850557590285;0.883682967553963
2680;644.999999999999;1;1.30334476709447;0.0234465990524258;0.897302229755331
2680;649.699999999999;1;1.30763175251321;0.023607898405401;0.911001199573373
2680;654.399999999999;1;1.31192363237288;0.0237689496582148;0.924779594549603
2680;659.099999999999;1;1.31620613207154;0.0239297429882077;0.938636900725108
2680;663.799999999999;1;1.32048342541436;0.024090269019653;0.952572605520433
2680;668.499999999999;1;1.32475385004263;0.0242505272455639;0.966586534398458
2680;673.199999999999;1;1.32902238905595;0.0244105023650861;0.980677914502863
2680;677.899999999999;1;1.33327720455717;0.0245701904129065;0.994846409489812
2680;682.599999999999;1;1.33752775861037;0.0247295907094328;1.00909180916461
2680;687.299999999999;1;1.34176669917388;0.0248886929379495;1.02341350345032
2680;691.999999999999;1;1.34599184573036;0.0250474945259978;1.03781118758297
2680;696.699999999999;1;1.35020836140644;0.0252059859043191;1.0522842590454
3350;375;1;1.48799885171529;0.0149635301547277;0.185847888638581
3350;379.5;1;1.43049170109887;0.0150527436756862;0.194050399893273
3350;384;1;1.38657925420476;0.0151514831885893;0.20208555189452
3350;388.5;1;1.35212184069731;0.0152576320623921;0.21000372090122
3350;393;1;1.3245574495733;0.0153697143823602;0.217840617870222
3350;397.5;1;1.30217365269801;0.0154866690800607;0.225622727495141
3350;402;1;1.28382194127169;0.0156077003934683;0.233370200269593
3350;406.5;1;1.26864469510954;0.0157322033181086;0.241098871014278
3350;411;1;1.25604468696552;0.0158596944930907;0.248821241798239
3350;415.5;1;1.24553370163155;0.0159897926253411;0.256547536845611
3350;420;1;1.2311028827802;0.0161221851718896;0.264286707208261
3350;424.5;1;1.22413987091261;0.0162566052544967;0.272046600409537
3350;429;1;1.21838852549508;0.0163928413706468;0.279833055283627
3350;433.5;1;1.21368698551612;0.0165307109955596;0.287650950788879
3350;438;1;1.20988486686038;0.0166700580445018;0.295504462978575
3350;442.5;1;1.20686522108208;0.0168107508520347;0.303397245807571
3350;447;1;1.20452436128283;0.016952666549948;0.31133231921989
3350;451.5;1;1.20279603773984;0.017095707173347;0.319312491202582
3350;456;1;1.20160040841196;0.0172397752017487;0.327340017993506
3350;460.5;1;1.20087624147211;0.0173847901545453;0.335416994025521
3350;465;1;1.20057476332861;0.0175306759844258;0.343545187276687
3350;469.5;1;1.20066215843641;0.0176773641613747;0.351726153535615
3350;474;1;1.20108193973042;0.0178247952124615;0.359961317049845
3350;478.5;1;1.20180687105539;0.0179729115901095;0.368251869728321
3350;483;1;1.20281766887716;0.0181216565275921;0.376598776926845
3350;487.5;1;1.20407943334933;0.0182709875762284;0.38500308649475
3350;492;1;1.20556631556748;0.0184208552541566;0.393465512655047
3350;496.5;1;1.20726294548809;0.0185712166139312;0.401986735915582
3350;501;1;1.20914327299047;0.0187220339352484;0.410567397849008
3350;505.5;1;1.21120776899958;0.0188732706493918;0.419208030093161
3350;510;1;1.21342998301832;0.019024888332929;0.427908998823719
3350;514.5;1;1.21579383174817;0.0191768571453033;0.436670748968184
3350;519;1;1.21829327336794;0.0193291432278672;0.445493533699152
3350;523.5;1;1.22091362134954;0.0194817166367273;0.45437760085004
3350;528;1;1.223644114346;0.0196345515362436;0.463323209019214
3350;532.5;1;1.22648932361503;0.0197876162734368;0.472330401658556
3350;537;1;1.22942081849682;0.0199408873145493;0.481399340378974
3350;541.5;1;1.23243982414632;0.0200943417158472;0.490530136418743
3350;546;1;1.2355433138041;0.0202479510677197;0.499722705720378
3350;550.5;1;1.23872591610646;0.0204016989085425;0.508977199398375
3350;555;1;1.24196751424996;0.0205555598171273;0.518293495553334
3350;559.5;1;1.24527896942799;0.0207095138700336;0.527671558376234
3350;564;1;1.24864485830986;0.0208635406558365;0.537111293778062
3350;568.5;1;1.25206819139523;0.0210176176093295;0.546612507591976
3350;573;1;1.25553997091417;0.0211717326425259;0.556175236527595
3350;577.5;1;1.25904965021849;0.0213258700603531;0.565799389997677
3350;582;1;1.26261053841163;0.0214800029450528;0.575484542930659
3350;586.5;1;1.2662013044953;0.0216341246704688;0.585230775140592
3350;591;1;1.26983380712436;0.0217882140592697;0.595037747430228
3350;595.5;1;1.27350034399061;0.0219422560283616;0.60490525309498
3350;600;1;1.27718501674166;0.0220962393227416;0.614833163841238
3350;604.5;1;1.28090207180064;0.0222501511109498;0.624821283922344
3350;609;1;1.28463970262849;0.0224039770360716;0.634869350454628
3350;613.5;1;1.28840027796725;0.0225577011093443;0.644977029255762
3350;618;1;1.29218069801089;0.0227113164445233;0.655144223189659
3350;622.5;1;1.29598078354057;0.0228648060734582;0.665370526158239
3350;627;1;1.29979304131139;0.0230181641395313;0.675655833049873
3350;631.5;1;1.30362031065259;0.0231713755120558;0.685999750854515
3350;636;1;1.30745254991329;0.0233244344756347;0.69640214551138
3350;640.5;1;1.31130389370804;0.0234773268522047;0.706862615980207
3350;645;1;1.31515616414355;0.0236300455224701;0.717380955285202
3350;649.5;1;1.31901809832664;0.0237825826070205;0.727956920458892
3350;654;1;1.32288463978045;0.023934927610893;0.738590174716449
3350;658.5;1;1.32675542377507;0.0240870734933296;0.749280473368571
3350;663;1;1.33062554881473;0.024239013591857;0.76002757200795
3350;667.5;1;1.33450489776165;0.0243907386492192;0.770831133321859
3350;672;1;1.33838041232766;0.0245422415186389;0.781690874029298
3350;676.5;1;1.3422510613861;0.0246935191823379;0.79260663255038
3350;681;1;1.34612686741348;0.0248445651941309;0.803578129902049
3350;685.5;1;1.35000045964224;0.0249953676111326;0.814604898285985
3350;690;1;1.35386453488854;0.0251459261498191;0.825686837884795
3350;694.5;1;1.35772923202841;0.0252962353253604;0.836823673608433
4020;385;1;1.78388356478835;0.0160137476134101;0.15694722211528
4020;389.3;1;1.66337625350993;0.0160403250755343;0.164475401685771
4020;393.6;1;1.57832123669731;0.0160889692495775;0.171696272595539
4020;397.9;1;1.51500894918762;0.0161533544947793;0.178705492444389
4020;402.2;1;1.46615581877261;0.0162295670836783;0.185564306080758
4020;406.5;1;1.42745348072177;0.0163150030350599;0.192314537601903
4020;410.8;1;1.39619213975132;0.0164078349250292;0.198986124312416
4020;415.1;1;1.37056325451107;0.0165067403442536;0.205601445890724
4020;419.4;1;1.34210389075576;0.0166107202449025;0.212178064151099
4020;423.7;1;1.32478638228182;0.0167189891822362;0.218730363895999
4020;428;1;1.31021903622592;0.0168309518158074;0.225269107100433
4020;432.3;1;1.29792697073962;0.0169461267191697;0.231802949285815
4020;436.6;1;1.28752038945347;0.0170641184442227;0.23833899379586
4020;440.9;1;1.27870315181739;0.0171846020986721;0.244883198864818
4020;445.2;1;1.27123554089574;0.0173073085468389;0.251440630353408
4020;449.5;1;1.26493509025257;0.0174320036413854;0.258015506245696
4020;453.8;1;1.25963230135751;0.0175584929929472;0.264611524754358
4020;458.1;1;1.25520685252726;0.0176866054568844;0.271231825259682
4020;462.4;1;1.25154703083383;0.0178161881330969;0.277879066669825
4020;466.7;1;1.24856336050625;0.0179471157912611;0.284555700164652
4020;471;1;1.2461751617351;0.0180792687132618;0.291263727430677
4020;475.3;1;1.2443242134936;0.0182125494191467;0.298005045586067
4020;479.6;1;1.24294658763907;0.0183468593518002;0.304781140285245
4020;483.9;1;1.24199349862552;0.0184821192525618;0.311593470983113
4020;488.2;1;1.24142130577278;0.0186182548800911;0.318443286249293
4020;492.5;1;1.24120385630479;0.0187551927114152;0.325331585078036
4020;496.8;1;1.24130362416068;0.0188928746845855;0.332259402111972
4020;501.1;1;1.24167499799342;0.0190312412599028;0.339227545457575
4020;505.4;1;1.24231661561057;0.0191702374006461;0.34623672090658
4020;509.7;1;1.24318900999656;0.0193098168853514;0.353287631566314
4020;514;1;1.24427915995342;0.0194499338956782;0.360380845529542
4020;518.3;1;1.24556302644966;0.0195905435665167;0.367516818031448
4020;522.6;1;1.24704089500571;0.0197316082720315;0.374696021812445
4020;526.9;1;1.24867682034162;0.0198730906289848;0.381918829561948
4020;531.2;1;1.25046349192601;0.0200149516512333;0.389185485795075
4020;535.5;1;1.25240176891494;0.0201571622818877;0.396496338476945
4020;539.8;1;1.25446549974233;0.0202996919095655;0.403851627537791
4020;544.1;1;1.25664013396082;0.0204425085467523;0.411251491790724
4020;548.4;1;1.25894214740527;0.0205855851965998;0.418696101420662
4020;552.7;1;1.26133421400201;0.0207288960531439;0.426185589413108
4020;557;1;1.26382954977904;0.0208724135420972;0.433719994934373
4020;561.3;1;1.26640499057388;0.0210161190682105;0.441299490255673
4020;565.6;1;1.26906102078163;0.021159984117134;0.448923992460052
4020;569.9;1;1.27180313634441;0.0213039923413764;0.456593628558161
4020;574.200000000001;1;1.27460749346085;0.0214481217372879;0.464308365128292
4020;578.5;1;1.27747702485227;0.0215923482116211;0.47206808223723
4020;582.8;1;1.28040245516921;0.0217366559953772;0.479872802986897
4020;587.1;1;1.28339304320284;0.021881032432421;0.487722587946328
4020;591.400000000001;1;1.28643332425387;0.0220254494077072;0.495617122055351
4020;595.700000000001;1;1.28951611574467;0.0221699012235591;0.503556559924766
4020;600;1;1.29264919057148;0.0223143645502133;0.511540632696656
4020;604.300000000001;1;1.29581455437683;0.0224588296823575;0.519569353693223
4020;608.600000000001;1;1.29902153142653;0.0226032811452868;0.527642581053011
4020;612.900000000001;1;1.30225821602835;0.022747705112403;0.535760187327767
4020;617.200000000001;1;1.30553201024146;0.0228920873939939;0.543922014288607
4020;621.500000000001;1;1.30882689984254;0.0230364153273567;0.552127918649791
4020;625.800000000001;1;1.3121561847549;0.0231806747633579;0.560377701536952
4020;630.100000000001;1;1.31550976229895;0.02332485951366;0.568671337954373
4020;634.400000000001;1;1.31888105232197;0.0234689564974128;0.577008620411453
4020;638.700000000001;1;1.32226919032646;0.0236129562537292;0.58538941300976
4020;643.000000000001;1;1.32568231961638;0.0237568443383731;0.593813440633373
4020;647.300000000001;1;1.32911197052053;0.0239006200207859;0.602280755497097
4020;651.600000000001;1;1.33255202466759;0.0240442643292482;0.61079093981817
4020;655.900000000001;1;1.33600756236493;0.0241877695800695;0.619343843790829
4020;660.200000000001;1;1.33946599967374;0.0243311351725094;0.627939488912597
4020;664.500000000001;1;1.34294806828433;0.0244743487896137;0.636577586514378
4020;668.800000000001;1;1.34642475086641;0.0246174039369991;0.645257985963959
4020;673.100000000001;1;1.3499168935566;0.0247602915331787;0.65398045871892
4020;677.400000000001;1;1.35341664324301;0.0249030003788182;0.662744708494728
4020;681.700000000001;1;1.35691733679392;0.0250455347399025;0.671550840873341
4020;686.000000000001;1;1.36042229675087;0.0251878811627545;0.680398482582932
4020;690.300000000001;1;1.36393158386792;0.0253300378120537;0.689287562370877
4690;394;1;2.2717925727068;0.0172307467246466;0.135478205370137
4690;398.2;1;1.99788977864045;0.0171448952407047;0.142925704482089
4690;402.4;1;1.83054117214417;0.0171146891279324;0.14982097301153
4690;406.6;1;1.71657102802455;0.0171192387731465;0.156369290143956
4690;410.8;1;1.63369394488563;0.0171476649988964;0.162682184450025
4690;415;1;1.57069195764591;0.0171935357781602;0.168827994398698
4690;419.2;1;1.51237702449571;0.0172527074031346;0.174852447119291
4690;423.4;1;1.4733666427694;0.0173223499278806;0.18078856893071
4690;427.6;1;1.44150705380026;0.0174004622496066;0.186659536228383
4690;431.8;1;1.41512127699952;0.0174855695483712;0.192482851347961
4690;436;1;1.39305866472941;0.0175765531700888;0.198272142879841
4690;440.2;1;1.37444740945932;0.0176725381164381;0.204038180188402
4690;444.4;1;1.35863157974899;0.0177728355465963;0.209789730292091
4690;448.6;1;1.3451540284793;0.0178768826167999;0.215533905018885
4690;452.8;1;1.33361838194293;0.0179842217973775;0.221276652853729
4690;457;1;1.32374207759371;0.0180944745987571;0.227022984305873
4690;461.2;1;1.31525579682706;0.0182073161236881;0.232777056075621
4690;465.4;1;1.30798605330762;0.0183224814691707;0.238542554355412
4690;469.6;1;1.30176365521949;0.0184397313319578;0.244322489910146
4690;473.8;1;1.29645737550051;0.0185588675316464;0.250119576892942
4690;478;1;1.29196199865836;0.0186797140686999;0.255936130249706
4690;482.2;1;1.28817192826636;0.0188021179548954;0.261774189700027
4690;486.4;1;1.28502209468227;0.0189259395808835;0.267635479393984
4690;490.6;1;1.28243539923519;0.01905106341272;0.273521633288015
4690;494.8;1;1.28035446988505;0.019177376343222;0.279433952482896
4690;499;1;1.27871114385143;0.019304783621518;0.285373681905685
4690;503.2;1;1.2774954251251;0.0194331955304968;0.291341862133269
4690;507.4;1;1.27664547700832;0.0195625353944676;0.297339483251974
4690;511.6;1;1.27612715081099;0.0196927295604391;0.303367366688672
4690;515.8;1;1.27591589312739;0.0198237071326952;0.309426183353884
4690;520;1;1.27597647614413;0.0199554135709151;0.31551668785978
4690;524.2;1;1.27629346045286;0.0200877890821303;0.321639403070007
4690;528.4;1;1.2768440953696;0.0202207802801845;0.327794815874783
4690;532.6;1;1.27761477022079;0.0203543424674605;0.333983431471527
4690;536.8;1;1.27857718563693;0.0204884294499345;0.340205621869273
4690;541;1;1.27971449152863;0.0206229977332576;0.346461702786133
4690;545.2;1;1.28103186021263;0.0207580103368369;0.352752008017038
4690;549.4;1;1.28249459079882;0.0208934299656404;0.359076784450255
4690;553.6;1;1.28409253352202;0.0210292187842722;0.365436193166152
4690;557.8;1;1.28582467824888;0.0211653550470156;0.371830605812816
4690;562;1;1.28768540474346;0.0213017961220859;0.378259967475082
4690;566.2;1;1.28965502474016;0.021438516166277;0.384724456715846
4690;570.4;1;1.29172276643495;0.0215754933128575;0.391224272419244
4690;574.6;1;1.29389598408062;0.0217126984437725;0.397759434747034
4690;578.8;1;1.29615301587985;0.021850105851351;0.404329978310324
4690;583;1;1.29849558077611;0.0219876934249424;0.410935961218557
4690;587.2;1;1.30090714032611;0.0221254455845167;0.417577525905487
4690;591.4;1;1.3034036038727;0.0222633284512784;0.424254433874418
4690;595.599999999999;1;1.30596260113959;0.0224013339588281;0.43096689934897
4690;599.8;1;1.30858610743865;0.0225394410182446;0.437714860203005
4690;604;1;1.31125521736046;0.0226776262300078;0.444498177495249
4690;608.199999999999;1;1.31398574231663;0.0228158767624252;0.451316889450507
4690;612.399999999999;1;1.31676727330023;0.0229541762675328;0.458170941036807
4690;616.599999999999;1;1.31960153361116;0.0230925113417978;0.46506031198277
4690;620.8;1;1.32246024900443;0.0232308627940021;0.471984842971397
4690;624.999999999999;1;1.32537056200362;0.0233692155013095;0.478944433384427
4690;629.199999999999;1;1.32832166684811;0.0235075644621687;0.48593917087261
4690;633.399999999999;1;1.33129906923043;0.0236458904468812;0.492968833402539
4690;637.599999999999;1;1.33430546844176;0.0237841779895139;0.500033255650524
4690;641.799999999999;1;1.3373501961998;0.0239224249690225;0.507132536081146
4690;645.999999999999;1;1.34041144159648;0.0240606096923923;0.514266345648913
4690;650.199999999999;1;1.34350400341885;0.0241987299090741;0.521434751919308
4690;654.399999999999;1;1.34661935991145;0.0243367734724526;0.528637599221765
4690;658.599999999999;1;1.34974913695402;0.0244747305678702;0.535874768225261
4690;662.799999999999;1;1.35289933112105;0.0246125900200257;0.543146096897037
4690;666.999999999999;1;1.35606565873057;0.0247503399169476;0.550451393598198
4690;671.199999999999;1;1.35924781246776;0.0248879814212643;0.557790746359149
4690;675.399999999999;1;1.36244169585849;0.0250254992305862;0.565163867328026
4690;679.599999999999;1;1.36565360765818;0.0251628910741373;0.57257075014178
4690;683.799999999999;1;1.36887058821539;0.0253001424574951;0.580011102380753
4690;687.999999999999;1;1.37209522049744;0.0254372560356991;0.587485013794713
4690;692.199999999999;1;1.37533142039166;0.0255742138742492;0.594992093134694
5360;403;1;3.03088533178266;0.018668860184468;0.120359552503983
5360;407.1;1;2.4286746504736;0.0183894577156521;0.127904634693139
5360;411.2;1;2.12643436670747;0.0182421547988743;0.134569309692762
5360;415.3;1;1.94058785761344;0.0181648390779859;0.140746714400561
5360;419.4;1;1.80277603812142;0.0181312126569797;0.146614150218848
5360;423.5;1;1.71112671309412;0.0181274998758057;0.152269927054766
5360;427.6;1;1.64131019087367;0.01814560619647;0.1577739229877
5360;431.7;1;1.58641811626827;0.0181803254007765;0.163166013795918
5360;435.8;1;1.54225855304392;0.0182281145976277;0.168474368193978
5360;439.9;1;1.50607428761352;0.0182864525592707;0.173719719936096
5360;444;1;1.47600073207998;0.0183534750950477;0.178917769946233
5360;448.1;1;1.45073972280007;0.0184277675852786;0.184080747519808
5360;452.2;1;1.42932610017736;0.01850823369107;0.18921840609909
5360;456.3;1;1.41104467573357;0.018594004751783;0.194338641578571
5360;460.4;1;1.3953512575735;0.0186843759042573;0.199447888840191
5360;464.5;1;1.38182106294901;0.0187787741851879;0.204551535103132
5360;468.6;1;1.37012875749675;0.0188767256967206;0.209654117520323
5360;472.7;1;1.35999586358327;0.0189778312295722;0.214759462294744
5360;476.8;1;1.35121378803817;0.0190817510974467;0.219870820943073
5360;480.9;1;1.34360059525292;0.0191881997732679;0.224991046810024
5360;485;1;1.33700666636916;0.0192969242226134;0.230122529752604
5360;489.1;1;1.33130320946069;0.0194077143120713;0.235267463394261
5360;493.2;1;1.32639942106222;0.019520374546187;0.240427625638257
5360;497.3;1;1.32219474430318;0.0196347436270934;0.245604706997157
5360;501.4;1;1.3186083569511;0.019750668494596;0.250800070138049
5360;505.5;1;1.31559485258817;0.0198680229778143;0.256015044175059
5360;509.6;1;1.31307441592885;0.0199866853149128;0.261250694120272
5360;513.7;1;1.31101425614385;0.02010655352931;0.266508060432883
5360;517.8;1;1.30936462779982;0.0202275279306708;0.271787968567206
5360;521.9;1;1.30809245207069;0.0203495238888535;0.277091227324275
5360;526;1;1.30715127363034;0.0204724635783615;0.282418547471733
5360;530.1;1;1.30653074143314;0.0205962711750617;0.287770496807625
5360;534.2;1;1.30617871273301;0.0207208820897973;0.293147646396398
5360;538.3;1;1.3060892434497;0.0208462348465157;0.298550476012979
5360;542.4;1;1.30624270676935;0.020972274873283;0.303979442070741
5360;546.5;1;1.30661843302157;0.0210989474407354;0.309434888937986
5360;550.6;1;1.30718663278221;0.0212262050236472;0.31491716580319
5360;554.7;1;1.3079522655233;0.0213540044085847;0.320426596224749
5360;558.8;1;1.30887456806685;0.0214823020601754;0.325963417426845
5360;562.9;1;1.30996582299566;0.021611054350934;0.331527788814506
5360;567;1;1.31119563403465;0.0217402351332025;0.33712006905958
5360;571.1;1;1.31257046832418;0.0218697978213059;0.342740240463411
5360;575.2;1;1.31406814634136;0.0219997226666201;0.348388644400996
5360;579.3;1;1.31568900249946;0.0221299694861827;0.354065250305043
5360;583.4;1;1.31740787304608;0.0222605115376811;0.359770189362608
5360;587.5;1;1.31923107297102;0.0223913237290596;0.365503575617748
5360;591.6;1;1.32115618895571;0.0225223771292899;0.371265419146285
5360;595.7;1;1.32316604084502;0.0226536538934763;0.3770558735007
5360;599.8;1;1.32525772654943;0.0227851277897839;0.382874919253508
5360;603.9;1;1.32742419451953;0.0229167737988662;0.38872252184964
5360;608;1;1.32965577017888;0.0230485766367078;0.394598780059533
5360;612.1;1;1.33195829983546;0.0231805156392927;0.400503673913574
5360;616.2;1;1.3343273060785;0.0233125667974936;0.406437097213556
5360;620.3;1;1.33674806790376;0.0234447199911722;0.412399159250536
5360;624.4;1;1.33922576832856;0.0235769552114283;0.418389774742409
5360;628.5;1;1.34175827040799;0.0237092564233267;0.424408905254648
5360;632.6;1;1.34433017350797;0.0238416106094202;0.43045654590322
5360;636.700000000001;1;1.346944324004;0.0239740001014889;0.436532588858813
5360;640.8;1;1.34960073647212;0.0241064133628117;0.442637018499067
5360;644.900000000001;1;1.35229064069101;0.0242388317777758;0.448769672206469
5360;649;1;1.35502184899117;0.0243712547633406;0.454930704346014
5360;653.100000000001;1;1.35778293905127;0.0245036575873921;0.461119806757534
5360;657.200000000001;1;1.36056565462401;0.0246360396797218;0.467337107411653
5360;661.300000000001;1;1.36338414246927;0.0247683816694826;0.473582367714136
5360;665.400000000001;1;1.36622889541267;0.0249006798121283;0.479855632211779
5360;669.500000000001;1;1.36909795521338;0.0250329241908761;0.486156817418913
5360;673.600000000001;1;1.37198061145238;0.0251650981482294;0.492485696438158
5360;677.700000000001;1;1.37489136952382;0.025297199379573;0.49884231024565
5360;681.800000000001;1;1.37781234190391;0.0254292151165915;0.505226485668486
5360;685.900000000001;1;1.38075228942246;0.0255611426376016;0.511638238448452
5360;690.000000000001;1;1.3837111884645;0.0256929712322916;0.518077417309234
5360;694.100000000001;1;1.386681745914;0.0258246947739067;0.524543953671769
6030;410;1;5.48725499545538;0.0208652818966751;0.10612030806547
6030;414;1;3.26904443230049;0.0199521869650552;0.11437046732303
6030;418;1;2.59279991766344;0.0195615836319843;0.121116418105939
6030;422;1;2.25733235714774;0.019337951394478;0.127111844560197
6030;426;1;2.05015855977486;0.019202961884439;0.132681939220798
6030;430;1;1.90829718509623;0.0191232125932967;0.137976855397922
6030;434;1;1.80474420216655;0.0190812209696889;0.14308055094572
6030;438;1;1.72576826702501;0.0190666496747097;0.148045418919329
6030;442;1;1.66358623897304;0.0190728820053712;0.152906765569501
6030;446;1;1.61348582564907;0.019095419542705;0.157689622889955
6030;450;1;1.5723234990935;0.0191310629142737;0.16241244628987
6030;454;1;1.53804149171697;0.0191774648019359;0.167089353566934
6030;458;1;1.50916371861799;0.0192328440735479;0.171731337986084
6030;462;1;1.48459672349062;0.0192958203306198;0.176347164646263
6030;466;1;1.46352947634346;0.0193653048308328;0.180943965623536
6030;470;1;1.44537260414867;0.0194404197597661;0.185527587440058
6030;474;1;1.42963615757042;0.0195204499739326;0.190102910597811
6030;478;1;1.41594087543959;0.0196048058459991;0.194674058392402
6030;482;1;1.40399822534431;0.0196929917051291;0.199244507152945
6030;486;1;1.39355647341606;0.0197845886473027;0.20381723025434
6030;490;1;1.38442939057648;0.0198792430245151;0.208394826416096
6030;494;1;1.37642603774473;0.0199766482030837;0.212979522603562
6030;498;1;1.36941977947006;0.020076538487447;0.217573258776255
6030;502;1;1.36330156742638;0.0201786798493626;0.222177708241843
6030;506;1;1.3579740660337;0.0202828747294116;0.226794428295418
6030;510;1;1.35332420964192;0.0203889386940481;0.231424682795875
6030;514;1;1.34931116819618;0.0204967166912227;0.236069686610831
6030;518;1;1.34585117731481;0.0206060645179877;0.240730451724698
6030;522;1;1.34290420175536;0.0207168551580217;0.245407902898583
6030;526;1;1.34040738132366;0.0208289725905205;0.250102843874986
6030;530;1;1.33832957155476;0.0209423126337891;0.254815998853344
6030;534;1;1.3366279928455;0.0210567850768741;0.259548067163214
6030;538;1;1.33527507691422;0.0211723002549339;0.264299582843694
6030;542;1;1.33423057457603;0.0212887819711442;0.269071092188818
6030;546;1;1.33347732610719;0.0214061557608625;0.273863025980547
6030;550;1;1.333002543731;0.0215243595175015;0.278675848662563
6030;554;1;1.33274932509317;0.0216433309974693;0.283509913038501
6030;558;1;1.33273795979642;0.0217630122655748;0.288365526815534
6030;562;1;1.33292276021898;0.0218833510678963;0.29324298106046
6030;566;1;1.3333094217139;0.0220042963980377;0.298142500354548
6030;570;1;1.33386962613645;0.0221258093343793;0.303064397424316
6030;574;1;1.33459227100276;0.0222478443341301;0.308008827732383
6030;578;1;1.33546909910685;0.022370363953968;0.312975994653709
6030;582;1;1.33648932892517;0.0224933269445115;0.317965990759263
6030;586;1;1.33763960201833;0.0226167017062598;0.322978990471777
6030;590;1;1.33890566958745;0.0227404600518626;0.328015169977665
6030;594;1;1.34029651537892;0.0228645604665031;0.333074468403462
6030;598;1;1.34179230132468;0.0229889838229553;0.33815710600091
6030;602;1;1.34338421392219;0.0231137007264286;0.343263117214135
6030;606;1;1.34506741616567;0.0232386855230055;0.348392555295198
6030;610;1;1.34684609012443;0.023363911782699;0.353545428308338
6030;614;1;1.34869574322744;0.023489356559186;0.358721765196374
6030;618;1;1.35062310894243;0.0236150056645393;0.363921700910847
6030;622;1;1.35261988176103;0.0237408267593865;0.369145065330616
6030;626;1;1.35470017144992;0.0238668120588007;0.374392041795387
6030;630;1;1.35681559737515;0.0239929346355094;0.379662493624744
6030;634;1;1.35899951760438;0.0241191789241349;0.384956438808258
6030;638;1;1.36123971750587;0.0242455284561047;0.390273861242984
6030;642;1;1.36352764954476;0.0243719693037673;0.395614766827735
6030;646;1;1.36586678627167;0.0244984866769332;0.4009791302164
6030;650;1;1.36824565029804;0.0246250650300155;0.406366896678709
6030;654;1;1.3706664092279;0.0247516929927901;0.411778064249748
6030;658;1;1.37313136901095;0.0248783532764108;0.417212517828176
6030;662;1;1.37562124858034;0.0250050358381705;0.42267024828295
6030;666;1;1.37815037289759;0.0251317300574356;0.428151224484198
6030;670;1;1.38070645612822;0.0252584192238885;0.433655298734083
6030;674;1;1.38328903917915;0.0253851004582527;0.439182547804961
6030;678;1;1.38590773714837;0.0255117593237348;0.444732839869255
6030;682;1;1.38853737856712;0.025638391501447;0.450306207943771
6030;686;1;1.39119940300541;0.0257649763702504;0.455902389366314
6030;690;1;1.39388048029688;0.025891517649235;0.461521539904897
6030;694;1;1.39658560719958;0.0260180010631976;0.467163489797392
