P (kPa);T (K);cp (kJ/kg K);Pr;Condutividade térmica (W/m K);μ(cP);Viscosidade cinemática ν (cSt)
10;269;1.570508900811220;0.008552927549414850;0.1462891979279640;0.000796685017508400;0.8967869391753250
10;270;1.574875284983730;0.008476408556331970;0.1460390165661690;0.000786021840194520;0.8856266865412120
10;271;1.579283435309560;0.008401539014622310;0.1457891365316100;0.000775575233104584;0.8746901085081890
10;272;1.583673661389990;0.008327965667706860;0.1455395526343590;0.000765339745922492;0.8639716709035440
10;273;1.588058112195950;0.008255714990581150;0.1452902597226930;0.000755309245906275;0.8534650481637260
10;274;1.592449088510140;0.008184821743908980;0.1450412526822910;0.000745478651269455;0.8431650800226840
10;275;1.596822515397740;0.008115129288972570;0.1447925264354570;0.000735842625445470;0.8330662988117640
10;276;1.601190655713260;0.008046665718270390;0.1445440759403440;0.000726395608479322;0.8231629635188570
10;277;1.605541421326210;0.007979340875357730;0.1442958961901930;0.000717132630353264;0.8134499809951930
10;278;1.609899439441130;0.007913252921274650;0.1440479822125820;0.000708049265762302;0.8039228576977100
10;279;1.614264985502770;0.007848372681606070;0.1438003290686880;0.000699140837721353;0.7945767974526100
10;280;1.618613607604790;0.007784548819134890;0.1435529318525600;0.000690402453609578;0.7854067409613080
10;281;1.623069364437600;0.007722346863130850;0.1433057856903940;0.000681829753454916;0.7764082165694280
10;282;1.627409539168570;0.007660679638975790;0.1430588857398300;0.000673418870164409;0.7675772977611480
10;283;1.631782991733520;0.007600232051907200;0.1428122271892510;0.000665165694204791;0.7589097668361540
10;284;1.636052582091800;0.007540334156995430;0.1425658052570920;0.000657065563030474;0.7504007587712110
10;285;1.640456022957390;0.007482068787609340;0.1423196151911620;0.000649115328777103;0.7420471217394110
10;286;1.644818487900610;0.007424600202695400;0.1420736522679680;0.000641310925908179;0.7338446421640460
10;287;1.649152429252480;0.007367970768670980;0.1418279117920570;0.000633649073141885;0.7257899888884650
10;288;1.653533748869130;0.007312494032098030;0.1415823890953570;0.000626125941498349;0.7178791903512850
10;289;1.657785293386200;0.007257366563747590;0.1413370795365330;0.000618738143798463;0.7101087670239070
10;290;1.662237196512900;0.007204015374484700;0.1410919785003460;0.000611482395211260;0.7024753438472730
10;291;1.666572124466120;0.007151032421584650;0.1408470813970230;0.000604355509593284;0.6949756465141060
10;292;1.670878897994700;0.007098793928139030;0.1406023836616360;0.000597354690766022;0.6876068372293480
10;293;1.675208832571010;0.007047493043736880;0.1403578807534820;0.000590476344806333;0.6803651483403180
10;294;1.679523670501010;0.006996955795241330;0.1401135681554740;0.000583718145755538;0.6732482602293770
10;295;1.683836380451750;0.006947215873007270;0.1398694413735410;0.000577076974069315;0.6662529283896860
10;296;1.688160076476830;0.006898306111221100;0.1396254959360300;0.000570549810600862;0.6593760119465260
10;297;1.692559968509510;0.006850478699001990;0.1393817273931190;0.000564134549027235;0.6526154140013940
10;298;1.696867555455390;0.006803029303803680;0.1391381313162300;0.000557828324065497;0.6459681509146880
10;299;1.701134482474410;0.006756154155268420;0.1388947032974560;0.000551628361246859;0.6394313328627500
10;300;1.705478450724870;0.006710311517275250;0.1386514389489850;0.000545532749048057;0.6330030602213640
10;301;1.709847740783090;0.006665269553368600;0.1384083339025400;0.000539538598606779;0.6266802910327120
10;302;1.714111056155760;0.006620506708903230;0.1381653838088130;0.000533643865815726;0.6204609537355910
10;303;1.718426136810770;0.006576623433079950;0.1379225843369130;0.000527846312780432;0.6143427433370670
10;304;1.722740618575290;0.006533398492448820;0.1376799311738170;0.000522143522404073;0.6083231372024980
10;305;1.727094484525350;0.006490974492247860;0.1374374200238210;0.000516533864040536;0.6024005201084790
10;306;1.731341814676840;0.006448784528208210;0.1371950466080030;0.000511014801590542;0.5965722136789840
10;307;1.735668744800740;0.006407513434618760;0.1369528066636860;0.000505584346802913;0.5908361692949530
10;308;1.740049312131100;0.006367048562386250;0.1367106959439070;0.000500240788582258;0.5851906546373270
10;309;1.744282880403290;0.006326644666869100;0.1364687102168900;0.000494982234469085;0.5796337183588210
10;310;1.748623997692330;0.006287216102110170;0.1362268452655210;0.000489806622935157;0.5741632033564350
10;311;1.752952304889740;0.006248314823890820;0.1359850968868290;0.000484712387402718;0.5687775248766350
10;312;1.757173223644020;0.006209593589632210;0.1357434608914740;0.000479697569507780;0.5634746318526230
10;313;1.761557163535770;0.006172001217560650;0.1355019331032290;0.000474760690942499;0.5582530296437580
10;314;1.765765818026060;0.006134334197406750;0.1352605093584770;0.000469899892525904;0.5531107695202600
10;315;1.770097712062870;0.006097625830015650;0.1350191855057010;0.000465113573943762;0.5480462000997440
10;316;1.774458336536330;0.006061532207023960;0.1347779574049840;0.000460400175527304;0.5430577114799630
10;317;1.778683754471400;0.006025488151763740;0.1345368209275090;0.000455758376629228;0.5381439696769950
10;318;1.783006447413000;0.005990271148693920;0.1342957719550620;0.000451186303505074;0.5333029817697720
10;319;1.787275931455200;0.005955367225925800;0.1340548063795380;0.000446682902365566;0.5285337170861370
10;320;1.791560933237250;0.005920996039285140;0.1338139201024490;0.000442246577400053;0.5238344990003590
10;321;1.795847889753190;0.005887102739259090;0.1335731090344370;0.000437875958523447;0.5192039118661240
10;322;1.800136964549870;0.005853678832838660;0.1333323690947820;0.000433569712789893;0.5146405785296860
10;323;1.804428321150240;0.005820716045493020;0.1330916962109200;0.000429326542138818;0.5101431578428000
10;324;1.808652472806720;0.005787983373240400;0.1328510863179610;0.000425145178682127;0.5057103392355520
10;325;1.812920788688210;0.005755831257593400;0.1326105353582040;0.000421024387421384;0.5013408461024330
10;326;1.817219738584790;0.005724203337780400;0.1323700392806580;0.000416962794638449;0.4970332314075350
10;327;1.821521626360780;0.005693005313334180;0.1321295940405660;0.000412959401653924;0.4927864898339770
10;328;1.825756296142700;0.005662011710873170;0.1318891955989240;0.000409013060284352;0.4885994335237120
10;329;1.830022094325190;0.005631520296357580;0.1316488399220060;0.000405122493499778;0.4844707157940970
10;330;1.834305255264020;0.005601481729578300;0.1314085229808900;0.000401286775184198;0.4803994046176280
10;331;1.838563553267340;0.005571759684986610;0.1311682407509830;0.000397504842553939;0.4763844005061190
10;332;1.842867937688660;0.005542560094045550;0.1309279892115460;0.000393775502496229;0.4724244432035000
10;333;1.847062349187860;0.005513407221920640;0.1306877643452230;0.000390097748500168;0.4685184914489990
10;334;1.851345834213570;0.005484893668077350;0.1304475621375660;0.000386470747043539;0.4646657077845190
10;335;1.855690559016740;0.005456923012857440;0.1302073785765650;0.000382893385508617;0.4608649155068550
10;336;1.859925155323590;0.005428984735280480;0.1299672096521740;0.000379364726192916;0.4571151438723330
10;337;1.864178245753790;0.005401452491602490;0.1297270513558400;0.000375883854653024;0.4534154462719430
10;338;1.868435703262570;0.005374280473170240;0.1294868996800300;0.000372450020766888;0.4497650706988270
10;339;1.872697695814610;0.005347458845737080;0.1292467506177580;0.000369062065606410;0.4461627679472910
10;340;1.876906566742240;0.005320822169366220;0.1290066001621120;0.000365719418483657;0.4426079955369290
360;285;1.640019606704990;0.007481572631870370;0.1423196151911620;0.000649245005144657;0.7419731674909500
360;287.5;1.650916062003530;0.007339699709165290;0.1417051235120080;0.000629997537588978;0.7217439027040730
360;290;1.661777409376290;0.007203492814523100;0.1410919785003460;0.000611607215009353;0.7024033841381210
360;292.5;1.672567336757620;0.007072488641776750;0.1404801081370190;0.000594023300204275;0.6838995296611890
360;295;1.683351793577090;0.006946671839004980;0.1398694413735410;0.000577197893651360;0.6661830381504230
360;297.5;1.694211558072210;0.006826087512808080;0.1392599080723940;0.000561087141094367;0.6492088191848410
360;300;1.704967581803810;0.006709743886380050;0.1386514389489850;0.000545650049158999;0.6329346698702860
360;302.5;1.715818253882090;0.006598190858576020;0.1380439655151110;0.000530849015787415;0.6173219260635900
360;305;1.726555721286170;0.006490387279437820;0.1374374200238210;0.000516648302538920;0.6023337242413360
360;307.5;1.737247131002710;0.006386395350789310;0.1368317354155650;0.000503015111266305;0.5879362810740640
360;310;1.748055645810660;0.006286609904928310;0.1362268452655210;0.000489918634349997;0.5740978181732570
360;312.5;1.758701652711040;0.006189829482074440;0.1356226837319780;0.000477330128682255;0.5607886731900110
360;315;1.769497903170400;0.006096995784289320;0.1350191855057010;0.000465223159265401;0.5479816125706760
360;317.5;1.780216587343840;0.006007137467658800;0.1344162857601440;0.000453572397984480;0.5356504430829990
360;320;1.790927613232170;0.005920345532256500;0.1338139201024490;0.000442354363280210;0.5237708998479150
360;322.5;1.801563609960360;0.005836258501144630;0.1332120245251070;0.000431547243900230;0.5123204611088450
360;325;1.812251551317470;0.005755153136707190;0.1326105353582040;0.000421130244293272;0.5012775908235730
360;327.5;1.822952372634500;0.005676772263085970;0.1320093892221650;0.000411084376340729;0.4906226954847110
360;330;1.833597880357550;0.005600780174867530;0.1314085229808900;0.000401391307333141;0.4803367703263250
360;332.5;1.844288847910070;0.005527375226256390;0.1308078736952110;0.000392034144370340;0.4704023473616200
360;335;1.854942471098620;0.005456194907206320;0.1302073785765650;0.000382996695013065;0.4608026255531850
360;337.5;1.865517136403880;0.005387024526530830;0.1296069749408140;0.000374264025342340;0.4515221521453490
360;340;1.876114901682310;0.005320066671951940;0.1290066001621120;0.000365821791282003;0.4425460312167590
360;342.5;1.886709225308250;0.005255153932559740;0.1284061916267320;0.000357656756982249;0.4338605592654570
360;345;1.897404529483210;0.005192483714136750;0.1278056866867730;0.000349756172910520;0.4254524843185510
360;347.5;1.908013463517110;0.005131457682209950;0.1272050226136460;0.000342108272812316;0.4173096175892190
360;350;1.918654943488560;0.005072322953516430;0.1266041365512630;0.000334701698196692;0.4094201435631960
360;352.5;1.929197869528260;0.005014661010145950;0.1260029654688240;0.000327525842776192;0.4017730470186650
360;355;1.939821961438370;0.004958876376356590;0.1254014461131150;0.000320570795182760;0.3943580531542260
360;357.5;1.950350455549500;0.004904444751633260;0.1247995149602190;0.000313826842971447;0.3871650255420770
360;360;1.961070545651080;0.004852026087407690;0.1241971081665490;0.000307285023550554;0.3801846490720400
360;362.5;1.971623386643700;0.004800666235533860;0.1235941615190840;0.000300936944719356;0.3734082184649480
360;365;1.982145649670120;0.004750654500264000;0.1229906103847250;0.000294774451520074;0.3668272319384790
360;367.5;1.992807322681300;0.004702338874069700;0.1223863896586390;0.000288789724525163;0.3604335162626870
360;370;2.003397221716600;0.004655165894759610;0.1217814337115010;0.000282975722779006;0.3542197854667730
360;372.5;2.013978212491800;0.004609237588150840;0.1211756763354940;0.000277325483796629;0.3481787745887710
360;375;2.024660908482840;0.004564755688348270;0.1205690506889620;0.000271832314075547;0.3423034793743310
360;377.5;2.035277354561620;0.004521293650279480;0.1199614892395730;0.000266490028182805;0.3365874616440670
360;380;2.045844457460110;0.004478855326723600;0.1193529237058640;0.000261292825146492;0.3310247007569270
360;382.5;2.056489542214900;0.004437675530525580;0.1187432849970150;0.000256234792070931;0.3256089687293790
360;385;2.067152662956790;0.004397585002225590;0.1181325031507190;0.000251310768401544;0.3203349282328620
360;387.5;2.077725278205870;0.004358317817463090;0.1175205072689650;0.000246515613069843;0.3151972088692450
360;390;2.088383693597390;0.004320209179158770;0.1169072254515810;0.000241844288506149;0.3101905140064730
360;392.5;2.099147282483300;0.004283260538919480;0.1162925847273510;0.000237292277339561;0.3053101576575390
360;395;2.109811006550740;0.004247017684523370;0.1156765109825120;0.000232855069151368;0.3005514112715450
360;397.5;2.120553351054270;0.004211812095120710;0.1150589288864330;0.000228528364115235;0.2959097663707160
360;400;2.131248309351110;0.004177364349210970;0.1144397618142540;0.000224308251196038;0.2913811691908180
360;402.5;2.142027783310930;0.004143903746090070;0.1138189317662470;0.000220190747009399;0.2869614267154220
360;405;2.152813863944920;0.004111250425917010;0.1131963592836660;0.000216172233053370;0.2826467757613400
360;407.5;2.163642035276440;0.004079443979338280;0.1125719633607940;0.000212249073870395;0.2784333888140930
360;410;2.174531953416350;0.004048494646071210;0.1119456613529250;0.000208417912611580;0.2743177616762470
360;412.5;2.185404806566700;0.004018229994652580;0.1113173688799510;0.000204675485848289;0.2702964740090340
360;415;2.196296465156260;0.003988695277729520;0.1106869997252360;0.000201018724072247;0.2663663236414520
360;417.5;2.207193663066500;0.003959843359021330;0.1100544657294070;0.000197444588819528;0.2625241134567540
360;420;2.218166244658210;0.003931778576204650;0.1094196766786840;0.000193950269334650;0.2587669136173290
360;422.5;2.229235018444450;0.003904513543749820;0.1087825401873210;0.000190533029479004;0.2550918609896840
360;425;2.240220340960170;0.003877712264008830;0.1081429615737080;0.000187190197630680;0.2514961465284520
360;427.5;2.251477676975840;0.003851970834402840;0.1075008437296500;0.000183919262871178;0.2479771457111370
360;430;2.262626159929620;0.003826611743893240;0.1068560869822640;0.000180717771496785;0.2445322815986710
360;432.5;2.273787133801270;0.003801828930780090;0.1062085889479500;0.000177583415860307;0.2411591461675050
360;435;2.285117412389370;0.003777865371549680;0.1055582443777630;0.000174513936988188;0.2378553704925670
360;437.5;2.296521138316890;0.003754540373388640;0.1049049449935380;0.000171507174384216;0.2346186934637620
360;440;2.307935691604060;0.003731734734414020;0.1042485793139750;0.000168561041737213;0.2314469303106080
360;442.5;2.319485731769480;0.003709634231245230;0.1035890324698990;0.000165673543737971;0.2283379971144370
360;445;2.331023875383620;0.003687985400353370;0.1029261860077700;0.000162842721311999;0.2252898368752040
360;447.5;2.342727291608490;0.003667054591798290;0.1022599176804720;0.000160066731638075;0.2223005311070540
360;450;2.354534685742440;0.003646726739623550;0.1015901012242880;0.000157343759197523;0.2193681784763480
360;452.5;2.366401821480220;0.003626917984492970;0.1009166061208870;0.000154672063869901;0.2164909624648580
360;455;2.378370782905660;0.003607678806127750;0.1002392973430000;0.000152049962589800;0.2136671273027690
360;457.5;2.390519063880440;0.003589111113922590;0.0995580350823543;0.000149475842127082;0.2108949972847300
360;460;2.402769497803220;0.003571082056943240;0.0988726744582706;0.000146948108839709;0.2081729073161680
360;462.5;2.415166354283920;0.003553642840922410;0.0981830652051606;0.000144465223336380;0.2054992525845730
720;285;1.639579007570250;0.007481093213882450;0.1423196151911620;0.000649377860104948;0.7418970984364910
720;288;1.652628864827890;0.007311487239061180;0.1415823890953570;0.000626382518893196;0.7177318065646750
720;291;1.665638382415370;0.007149999312752890;0.1408470813970230;0.000604606945795531;0.6948310467002330
720;294;1.678560014561940;0.006995893554337310;0.1401135681554740;0.000583964588594048;0.6731058899232110
720;297;1.691565379034800;0.006849391945572060;0.1393817273931190;0.000564376696755928;0.6524754104052280
720;300;1.704451761946820;0.006709197241414480;0.1386514389489850;0.000545770712016022;0.6328649341056880
720;303;1.717366204875780;0.006575482475604050;0.1379225843369130;0.000528080460488036;0.6142063517436930
720;306;1.730247411597520;0.006447617413803120;0.1371950466080030;0.000511245481812665;0.5964374313008600
720;309;1.743152753090180;0.006325452065660010;0.1364687102168900;0.000495209776314265;0.5795004374788520
720;312;1.756006017971170;0.006208375846334750;0.1357434608914740;0.000479922286866758;0.5633427624465660
720;315;1.768892059360880;0.006096380932732840;0.1350191855057010;0.000465335566245619;0.5479154322434200
720;318;1.781760884664000;0.005988999697129680;0.1342957719550620;0.000451405878581926;0.5331732796315610
720;321;1.794560851039800;0.005885805119831230;0.1335731090344370;0.000438093413534088;0.5190752541255990
720;324;1.807322334125570;0.005786655303542970;0.1328510863179610;0.000425360451042742;0.5055823023872820
720;327;1.820146750818450;0.005691647941227890;0.1321295940405660;0.000413172801345882;0.4926591139869900
720;330;1.832883823185550;0.005600095614031830;0.1314085229808900;0.000401498602302403;0.4802727397088910
720;333;1.845592488779600;0.005511988796206930;0.1306877643452230;0.000390307989034206;0.4683922304280340
720;336;1.858404996029240;0.005427533395165510;0.1299672096521740;0.000379573544071850;0.4569892089118830
720;339;1.871125125605110;0.005345975428348350;0.1292467506177580;0.000369269774394672;0.4460372776547860
720;342;1.883870931457860;0.005267498696413360;0.1285262790405750;0.000359372819016414;0.4355116947454580
720;345;1.896558810167180;0.005191714850894000;0.1278056866867730;0.000349860324943963;0.4253892482595740
720;348;1.909235403299680;0.005118616133795800;0.1270848651744790;0.000340711595919033;0.4156484611196660
720;351;1.921933718614460;0.005048160872564040;0.1263637058573760;0.000331907551984294;0.4062695687210310
720;354;1.934583194999970;0.004980034953696850;0.1256420997070910;0.000323429899429674;0.3972335265442270
720;357;1.947276466875120;0.004914364039524070;0.1249199371940630;0.000315261883769008;0.3885229486017920
720;360;1.960063141494840;0.004851152533619810;0.1241971081665490;0.000307387605631374;0.3801212881802900
720;363;1.972705530096660;0.004789705448369190;0.1234735017273950;0.000299792186380675;0.3720130562525660
720;366;1.985357265701020;0.004730313804461280;0.1227490061082170;0.000292461879838327;0.3641839774557180
720;369;1.998037407855440;0.004672926700683380;0.1220235085405870;0.000285383501294101;0.3566202963950800
720;372;2.010688223956480;0.004617323935415990;0.1212968951238230;0.000278544953152813;0.3493094446293560
720;375;2.023452529468190;0.004563746529799110;0.1205690506889620;0.000271934517202408;0.3422391697707820
720;378;2.036117228393780;0.004511633329437270;0.1198398586584410;0.000265541439843811;0.3353982790737310
720;381;2.048825572880070;0.004461235713803220;0.1191092009010280;0.000259355519540527;0.3287761344088070
720;384;2.061455737240900;0.004412219909609760;0.1183769575814810;0.000253367151981204;0.3223627186937210
720;387;2.074263932871710;0.004365068146274240;0.1176430070043810;0.000247567213780649;0.3161484976988530
720;390;2.086922047741550;0.004319022204773870;0.1169072254515810;0.000241947179182044;0.3101245775316140
720;393;2.099751957017930;0.004274693617312490;0.1161694870126080;0.000236498869782942;0.3042823936054900
720;396;2.112551015245340;0.004231607150923680;0.1154296634073800;0.000231214766213187;0.2986141184164220
720;399;2.125322789206640;0.004189719148180470;0.1146876238004800;0.000226087508182961;0.2931120265109750
720;402;2.138103552286690;0.004149055313279490;0.1139432346062270;0.000221110330437273;0.2877690629458210
720;405;2.151028229306690;0.004109825787825210;0.1131963592836660;0.000216276713682128;0.2825783993792570
720;408;2.163955670784770;0.004071709398769410;0.1124468581205670;0.000211580549108735;0.2775336535274510
720;411;2.176890701155560;0.004034672451408840;0.1116945880054240;0.000207015941111662;0.2726286374289910
720;414;2.189821620136030;0.003998653045384880;0.1109394021863390;0.000202577312383109;0.2678574995656020
720;417;2.202919235575850;0.003963924270659730;0.1101811500156100;0.000198259531108915;0.2632148998311640
720;420;2.215957710211290;0.003930035099447440;0.1094196766786840;0.000194057480400389;0.2586954453644100
720;423;2.229159106050870;0.003897346137305620;0.1086548229060450;0.000189966455603388;0.2542942207071990
720;426;2.242313008561520;0.003865450407091870;0.1078864246664390;0.000185981895727441;0.2500064361682530
720;429;2.255677500834190;0.003834761836831650;0.1071143128396890;0.000182099559402521;0.2458276674982390
720;432;2.268906586827350;0.003804654484534660;0.1063383128671620;0.000178315203136516;0.2417534270167420
720;435;2.282344702078740;0.003775682891243390;0.1055582443777630;0.000174625006014126;0.2377797401021610
720;438;2.295848251490690;0.003747572251473640;0.1047739207870720;0.000171025170311140;0.2339026097954870
720;441;2.309562116040280;0.003720527883705300;0.1039851488670070;0.000167512119792754;0.2301182884077950
720;444;2.323171626088690;0.003694014114290920;0.1031917282830970;0.000164082453691814;0.2264232193147790
720;447;2.336925031421690;0.003668404915975880;0.1023934510960920;0.000160732858056695;0.2228139181959490
720;450;2.350988089375960;0.003643927983569850;0.1015901012242880;0.000157460182115656;0.2192870809030510
720;453;2.364977203811920;0.003619959763067470;0.1007814538625000;0.000154261447957155;0.2158396011163730
720;456;2.379231648021870;0.003596999183230880;0.0999672748531113;0.000151133752064630;0.2124684366020740
720;459;2.393713788174940;0.003574957708192930;0.0991473200040962;0.000148074292610212;0.2091706494084140
720;462;2.408247717473970;0.003553547351979560;0.0983213343482292;0.000145080389687953;0.2059434373036840
720;465;2.422970385423550;0.003532951264532370;0.0974890513369832;0.000142149515846785;0.2027841809689240
720;468;2.437934089239250;0.003513220229231050;0.0966501919617506;0.000139279158964073;0.1996902524029870
720;471;2.453140661955710;0.003494331540795450;0.0958044637940376;0.000136466923717946;0.1966591615114020
720;474;2.468532491634750;0.003476180035880960;0.0949515599351426;0.000133710501336652;0.1936885165531480
720;477;2.484237539810950;0.003458923054091910;0.0940911578645031;0.000131007631077219;0.1907759715301840
720;480;2.500237790131720;0.003442509854242780;0.0932229181743511;0.000128356117055396;0.1879192531560320
720;483;2.516430076002920;0.003426777765306830;0.0923464831765153;0.000125753891702094;0.1851162575692380
720;486;2.533109293973190;0.003412105368109330;0.0914614753650931;0.000123198865446086;0.1823648341270290
720;489;2.550153106392760;0.003398298978833020;0.0905674957162326;0.000120688999980590;0.1796628951177070
720;492;2.567610200566610;0.003385400391375270;0.0896641218033287;0.000118222366065660;0.1770085063848610
720;495;2.585508068153900;0.003373420755241000;0.0887509057024663;0.000115797026909651;0.1743997189100650
720;498;2.603959452686880;0.003362480140023110;0.0878273716588121;0.000113411056630879;0.1718345996191890
1080;275;1.595638121204280;0.008113848994171190;0.1447925264354570;0.000736272641878949;0.8328229532816240
1080;278.5;1.610844030036260;0.007879280442627250;0.1439241233438040;0.000703990274129507;0.7989910675450420
1080;282;1.626136274277200;0.007659286904481070;0.1430588857398300;0.000673823631788654;0.7673470081676510
1080;285.5;1.641325119346620;0.007451801475548150;0.1421966056308380;0.000645588654659494;0.7377020682483550
1080;289;1.656415768689490;0.007255866905414480;0.1413370795365330;0.000619121755118541;0.7098885236447820
1080;292.5;1.671618782749240;0.007071473359019940;0.1404801081370190;0.000594275053866866;0.6837544998853310
1080;296;1.686686284243130;0.006896711683335280;0.1396254959360300;0.000570916357184709;0.6591642087202280
1080;299.5;1.701779012560880;0.006731510969991550;0.1387730509379010;0.000548926921670012;0.6359956279345370
1080;303;1.716839145216290;0.006574938302779610;0.1379225843369130;0.000528198861903790;0.6141377188453670
1080;306.5;1.731926380398550;0.006426593445640460;0.1370739102177040;0.000508634952930672;0.5934903805630590
1080;310;1.746913938989240;0.006285440183969400;0.1362268452655210;0.000490147607307266;0.5739634380213940
1080;313.5;1.761955375817030;0.006151521223923840;0.1353812084851640;0.000472656906495586;0.5554744982302950
1080;317;1.776839602022240;0.006023618507596970;0.1345368209275090;0.000456089837017297;0.5379481822291050
1080;320.5;1.791790202184840;0.005902080685394210;0.1336935054225510;0.000440380718208484;0.5213167518423900
1080;324;1.806661981699640;0.005786018381143090;0.1328510863179610;0.000425469088947898;0.5055177321297030
1080;327.5;1.821571705407340;0.005675446880945270;0.1320093892221650;0.000411299908805340;0.4904942421712460
1080;331;1.836413076596260;0.005569692335445190;0.1311682407509830;0.000397822665540296;0.4761940249043570
1080;334.5;1.851290510170020;0.005468765528757850;0.1303274682769020;0.000384991097857217;0.4625691951519400
1080;338;1.866109972041550;0.005372102099637690;0.1294868996800300;0.000372763050446405;0.4495761421706520
1080;341.5;1.880832362551740;0.005279333926553490;0.1286463630998450;0.000361099225408531;0.4371740945455690
1080;345;1.895724602442540;0.005190969316809800;0.1278056866867730;0.000349964017584645;0.4253261852853460
1080;348.5;1.910516165317740;0.005106019210991870;0.1269646983527050;0.000339324105535052;0.4139978039241780
1080;352;1.925240095811750;0.005024378985145580;0.1261232255194810;0.000329149016383679;0.4031573282952490
1080;355.5;1.940020184309060;0.004946182999645110;0.1252810948643890;0.000319410708510675;0.3927756662659520
1080;359;1.954802939492860;0.004871101766240090;0.1244381320616820;0.000310082818389117;0.3828253724460720
1080;362.5;1.969563587460920;0.004798906886544670;0.1235941615190840;0.000301141266332644;0.3732814285197180
1080;366;1.984291896181240;0.004729421864355440;0.1227490061082170;0.000292563727359534;0.3641206303838280
1080;369.5;1.998992724896220;0.004662513681614710;0.1219024868878160;0.000284329205333555;0.3553210898208880
1080;373;2.013763942302300;0.004598273843240600;0.1210544228185530;0.000276418389644390;0.3468627061570380
1080;376.5;2.028581330831740;0.004536508730687310;0.1202046304682120;0.000268813158881090;0.3387265751094280
1080;380;2.043294605932080;0.004476766736222580;0.1193529237058640;0.000261496896808763;0.3308954109947550
1080;383.5;2.058080968062940;0.004419328744844660;0.1184991133836150;0.000254453807280337;0.3233527078351870
1080;387;2.072884047340890;0.004363963424902990;0.1176430070043810;0.000247669318706613;0.3160832697904160
1080;390.5;2.087694027038160;0.004310551117689000;0.1167844083740080;0.000241129761126642;0.3090728231821850
1080;394;2.102404661050260;0.004258783859229710;0.1159231172359370;0.000234822301216445;0.3023079507377590
1080;397.5;2.117359294617340;0.004209269755623290;0.1150589288864330;0.000228734948625524;0.2957761165505250
1080;401;2.132227539447840;0.004161258190953530;0.1141916337682310;0.000222856549108952;0.2894656747847850
1080;404.5;2.147112339155290;0.004114879230383370;0.1133210170402170;0.000217176479721671;0.2833654901316860
1080;408;2.162135440799920;0.004070290001148900;0.1124468581205670;0.000211684852684077;0.2774652148559190
1080;411.5;2.177190609793390;0.004027215825847610;0.1115689302004670;0.000206372450512657;0.2717552197957360
1080;415;2.192235930346100;0.003985513570755860;0.1106869997252360;0.000201230412021179;0.2662261941022780
1080;418.5;2.207278903680840;0.003945139220117540;0.1098008258393540;0.000196250480035742;0.2608694805208870
1080;422;2.222494625024270;0.003906348311396700;0.1089101597914680;0.000191424993340850;0.2556770787930280
1080;425.5;2.237776462161560;0.003868887048704400;0.1080147442950320;0.000186746465671778;0.2506410951864400
1080;429;2.253218512257590;0.003832864468571600;0.1071143128396890;0.000182208091015263;0.2457544254248190
1080;432.5;2.268527813306160;0.003797729658410320;0.1062085889479500;0.000177803201644548;0.2410100385094470
1080;436;2.284171593272120;0.003764222830134980;0.1052972853710270;0.000173525687261114;0.2364015485980620
1080;439.5;2.299755573750170;0.003731637070473660;0.1043801032169010;0.000169369591720954;0.2319226783258190
1080;443;2.315598882963950;0.003700449918397870;0.1034567310028270;0.000165329347243031;0.2275675832462550
1080;446.5;2.331459576342330;0.003670227083482410;0.1025268436234180;0.000161399666573238;0.2233307133111850
1080;450;2.347558410236820;0.003641277339408470;0.1015901012242880;0.000157575518412296;0.2192067860456860
1080;453.5;2.363843778586870;0.003613475491439280;0.1006461479698000;0.000153852125208569;0.2151907903726040
1080;457;2.380160654268600;0.003586545623722630;0.0996946106918795;0.000150224846816303;0.2112778302961670
1080;460.5;2.396805542002220;0.003560901332217300;0.0987350974049413;0.000146689388740380;0.2074634226757770
1080;464;2.413653123156200;0.003536312845480120;0.0977671956697581;0.000143241539803961;0.2037431360438620
1080;467.5;2.430771010259510;0.003512843115597410;0.0967904707864934;0.000139877321854956;0.2001128068271430
1080;471;2.448142108841930;0.003490431376010340;0.0958044637940376;0.000136592931096937;0.1965684635684560
1080;474.5;2.465743214122000;0.003469009540005790;0.0948086892491314;0.000133384630482616;0.1931061780441380
1080;478;2.483738516400090;0.003448776313422880;0.0938026327544274;0.000130248935563901;0.1897223388263130
1080;481.5;2.502094875368290;0.003429647768825750;0.0927857481994550;0.000127182401204610;0.1864133504448730
1080;485;2.520888963968420;0.003411693475759820;0.0917574546722460;0.000124181712852923;0.1831757710747350
1080;488.5;2.540079720705390;0.003394822667592500;0.0907171329919003;0.000121243666846166;0.1800062913598540
1080;492;2.559843796086930;0.003379237085535340;0.0896641218033287;0.000118365162008298;0.1769017300844510
1080;495.5;2.580092393708730;0.003364781690425750;0.0885977131644142;0.000115543134732743;0.1738589455685110
1080;499;2.601010303088470;0.003351661471617020;0.0875171475424051;0.000112774582697885;0.1708748787767720
1080;502.5;2.622634676092910;0.003339885009617880;0.0864216081198549;0.000110056591601456;0.1679466040716270
1080;506;2.645113090635980;0.003329597700433040;0.0853102142900440;0.000107386218883853;0.1650711639012810
1080;509.5;2.668424409275680;0.003320729681545440;0.0841820141964837;0.000104760589141224;0.1622457258746990
1080;513;2.692876398614140;0.003313617631057210;0.0830359761394234;0.000102176793071246;0.1594674425642300
1080;516.5;2.718502647042400;0.003308248337685790;0.0818709786323666;0.000099631879799678;0.1567334544885830
1080;520;2.745553906882070;0.003304871053951880;0.0806857988409902;0.000097122901279107;0.1540409791639040
1080;523.5;2.774111714060390;0.003303520167978680;0.0794790990721385;0.000094646803654955;0.1513871641384030
1440;295;1.681898215431090;0.006945136819248230;0.1398694413735410;0.000577569081326409;0.6659687171505220
1440;298.5;1.697063878912940;0.006777656333960340;0.1390163965742810;0.000555197345529239;0.6424069620892550
1440;302;1.712024585964250;0.006618308624246760;0.1381653838088130;0.000534116833794889;0.6201862186354240
1440;305.5;1.727101095588760;0.006467722918633810;0.1373162163659310;0.000514227709054434;0.5992037818067450
1440;309;1.742035235101170;0.006324327752421880;0.1364687102168900;0.000495439376868731;0.5793663617502650
1440;312.5;1.756951957514870;0.006188070517024650;0.1356226837319780;0.000477669709209740;0.5605893329718190
1440;316;1.772035353258850;0.006059094718342190;0.1347779574049840;0.000460844310109087;0.5427960177718910
1440;319.5;1.786882618981610;0.005935559298986930;0.1339343535844820;0.000444895086799407;0.5259161341771650
1440;323;1.801813978985020;0.005818153357772080;0.1330916962109200;0.000429760179592648;0.5098858228945640
1440;326.5;1.816627433308730;0.005705838425588860;0.1322498105584970;0.000415382943704164;0.4946465467432390
1440;330;1.831481810850280;0.005598785045436920;0.1314085229808900;0.000401711919250125;0.4801451475692960
1440;333.5;1.846298602106810;0.005496424964012640;0.1305676606598630;0.000388699503278985;0.4663323479943460
1440;337;1.861125967798190;0.005398612462614670;0.1297270513558400;0.000376302350461768;0.4531633018042520
1440;340.5;1.875883029326580;0.005304841246561460;0.1288865231595170;0.000364480371906746;0.4405964628174750
1440;344;1.890632306848370;0.005215048596146330;0.1280459042435850;0.000353196975820720;0.4285939353991240
1440;347.5;1.905438176348570;0.005129176039217010;0.1272050226136460;0.000342418327792869;0.4171206393552750
1440;351;1.920159234638520;0.005046621799227860;0.1263637058573760;0.000332112994124210;0.4061439243644810
1440;354.5;1.934948489088120;0.004967595317697410;0.1255217808909750;0.000322252201823162;0.3956339328763750
1440;358;1.949617346449410;0.004891426580405780;0.1246790737019250;0.000312809350120230;0.3855630494798870
1440;361.5;1.964335329152270;0.004818375722480680;0.1238354090870370;0.000303759505759105;0.3759053175214970
1440;365;1.978986887249020;0.004748000086699520;0.1229906103847250;0.000295079988923858;0.3666371971416120
1440;368.5;1.993683589488250;0.004680419527657490;0.1221444992004010;0.000286749362972008;0.3577363507564840
1440;372;2.008416327895180;0.004615466159929070;0.1212968951238230;0.000278747840760279;0.3491821736880720
1440;375.5;2.023175687619550;0.004552984815315920;0.1204476154371560;0.000271057114556186;0.3409556131270840
1440;379;2.037858037565880;0.004492622312608900;0.1195964748124340;0.000263660069223217;0.3330388354929150
1440;382.5;2.052577706176250;0.004434519227664290;0.1187432849970150;0.000256540533832568;0.3254149344576320
1440;386;2.067340964554480;0.004378580412162230;0.1178878544855050;0.000249683752865267;0.3180685484362890
1440;389.5;2.082026715427610;0.004324448743370020;0.1170299881765350;0.000243075740362286;0.3109850650942870
1440;393;2.096799691710140;0.004272377006447940;0.1161694870126080;0.000236703509222058;0.3041509300228190
1440;396.5;2.111570538100860;0.004222086889631440;0.1153061476010910;0.000230554729428234;0.2975532266932780
1440;400;2.126345240270200;0.004173510717029550;0.1144397618142540;0.000224618073933002;0.2911801369322100
1440;403.5;2.141162656886170;0.004126646346003000;0.1135701163660620;0.000218882813134201;0.2850204355014060
1440;407;2.156029862545040;0.004081429204104050;0.1126969923631720;0.000213338787108814;0.2790634653897740
1440;410.5;2.170970705945580;0.004037832563758090;0.1118201648273670;0.000207976598481130;0.2732994025135090
1440;414;2.185910429028730;0.003995648101518460;0.1109394021863390;0.000202787271538111;0.2677188232998010
1440;417.5;2.200955922787140;0.003955010126774750;0.1100544657294070;0.000197762491265794;0.2623130295837470
1440;421;2.216015978672190;0.003915691254077780;0.1091651090243860;0.000192894305262800;0.2570736670617560
1440;424.5;2.231182551635300;0.003877798624325380;0.1082710772913700;0.000188175294875347;0.2519929613638580
1440;428;2.246414828697190;0.003841203040471120;0.1073721067287260;0.000183598353055462;0.2470634319271070
1440;431.5;2.261671708185720;0.003805784539949380;0.1064679237859920;0.000179156849722579;0.2422781216762590
1440;435;2.277030815361360;0.003771626910205570;0.1055582443777630;0.000174844500304246;0.2376304303114720
1440;438.5;2.292469295099380;0.003738644050271180;0.1046427730318830;0.000170655319849144;0.2331140596837890
1440;442;2.308101472862960;0.003706975184363330;0.1037212019643820;0.000166583630007124;0.2287230302634660
1440;445.5;2.323803640717090;0.003676375673000830;0.1027932100726620;0.000162624091915177;0.2244517340546650
1440;449;2.339692381324750;0.003646988440517910;0.1018584618372150;0.000158771570080903;0.2202947549096920
1440;452.5;2.355662095173830;0.003618608585842760;0.1009166061208870;0.000155021256279206;0.2162470460297610
1440;456;2.371762968798120;0.003591276250959490;0.0999672748531113;0.000151368456619021;0.2123036410162690
1440;459.5;2.388151388287600;0.003565189991184630;0.0990100815847336;0.000147808783657293;0.2084599269021940
1440;463;2.404690581269280;0.003540105665448580;0.0980446198969374;0.000144338035449324;0.2047114825240030
1440;466.5;2.421418699313450;0.003516046594736420;0.0970704616452759;0.000140952188984968;0.2010540749003070
1440;470;2.438428756193350;0.003493113074793390;0.0960871550168835;0.000137647366836811;0.1974836173484360
1440;473.5;2.455658881109570;0.003471181417108120;0.0950942223754612;0.000134419849647399;0.1939961926064250
1440;477;2.473233878180840;0.003450395729830750;0.0940911578645031;0.000131266085336542;0.1905880723781470
1440;480.5;2.491062361843010;0.003430594184622880;0.0930774247343063;0.000128182608715160;0.1872556071500660
1440;484;2.509249879234050;0.003411893383818990;0.0920524523524134;0.000125166152540130;0.1839953938138200
1440;487.5;2.527889105658250;0.003394384722623770;0.0910156328500488;0.000122213459828845;0.1808040082412660
1440;491;2.546927815493100;0.003377964442613260;0.0899663173485505;0.000119321411147817;0.1776781972025870
1440;494.5;2.566478616656210;0.003362750083875220;0.0889038116994041;0.000116486963229994;0.1746147956995380
1440;498;2.586581711208670;0.003348760705961660;0.0878273716588121;0.000113707156377243;0.1716107456982170
1440;501.5;2.607215024748900;0.003335933436479030;0.0867361974021849;0.000110979024867679;0.1686629692580060
1440;505;2.628578928599130;0.003324492457955080;0.0856294272647609;0.000108299728809142;0.1657685764392830
1440;508.5;2.650762463057110;0.003314510027946550;0.0845061305707790;0.000105666358681107;0.1629245789813230
1440;512;2.673781104685570;0.003305966721075120;0.0833652993839182;0.000103076091372150;0.1601281391105620
1440;515.5;2.697766289001680;0.003298984006322420;0.0822058389743888;0.000100526034856482;0.1573763442925710
1440;519;2.722969464097720;0.003293823975715120;0.0810265567507965;0.000098013297179537;0.1546663280668580
1440;522.5;2.749441641153670;0.003290496812889800;0.0798261493446256;0.000095534921008013;0.1519951859476360
1440;526;2.777482257132090;0.003289304991917480;0.0786031874576788;0.000093087851856212;0.1493599452109110
1440;529.5;2.807236183575450;0.003290356243855790;0.0773560979822932;0.000090668936759064;0.1467575873437780
1440;533;2.839217245632800;0.003294178621267710;0.0760831427725774;0.000088274845028431;0.1441849507329090
1440;536.5;2.873663306621160;0.003300958183988420;0.0747823932709693;0.000085902044445247;0.1416387274730870
1440;540;2.911083246251680;0.003311176590179160;0.0734516999619829;0.000083546751792873;0.1391154276559300
1440;543.5;2.952263519234310;0.003325599195683290;0.0720886553108308;0.000081204801860562;0.1366112181465630
1800;275;1.594860752232560;0.008113060915585330;0.1447925264354570;0.000736559969544644;0.8326600125415840
1800;279;1.612220818809100;0.007846195044191110;0.1438003290686880;0.000699833060166796;0.7941835502083360
1800;283;1.629652784983590;0.007597950970766760;0.1428122271892510;0.000665835268842779;0.7585278083440980
1800;287;1.646932100083690;0.007365591453745430;0.1418279117920570;0.000634298435828078;0.7254180449353300
1800;291;1.664257578430620;0.007148563538944010;0.1408470813970230;0.000604987066720100;0.6946128596291760
1800;295;1.681423044979130;0.006944655435264960;0.1398694413735410;0.000577692258449028;0.6658978279466060
1800;299;1.698617744198340;0.006753508010177430;0.1388947032974560;0.000552229302027742;0.6390832426345480
1800;303;1.715801060826420;0.006573892939623520;0.1379225843369130;0.000528434399586134;0.6140007749956220
1800;307;1.732930042906370;0.006404699241037180;0.1369528066636860;0.000506160961596424;0.5904995689030780
1800;311;1.750094491456850;0.006245418271220330;0.1359850968868290;0.000485278830861121;0.5684456707667370
1800;315;1.767114703672800;0.006094641293682100;0.1350191855057010;0.000465670678712623;0.5477181220044250
1800;319;1.784161514628630;0.005952298970296710;0.1340548063795380;0.000447232091620549;0.5282093157519610
1800;323;1.801175797827190;0.005817557866209860;0.1330916962109200;0.000429868447684603;0.5098215573742930
1800;327;1.818123809440900;0.005689754025730670;0.1321295940405660;0.000413494881760365;0.4924672189687430
1800;331;1.835012793205800;0.005568412798383320;0.1311682407509830;0.000398034778418726;0.4760671386928530
1800;335;1.851978939518870;0.005453475641113310;0.1302073785765650;0.000383418381390984;0.4605491207596760
1800;339;1.868816389020860;0.005343907235388300;0.1292467506177580;0.000369582934864210;0.4458482461062840
1800;343;1.885661449284450;0.005239725631761240;0.1282861003569640;0.000356471183358048;0.4319052037280650
1800;347;1.902493374210700;0.005140513920385270;0.1273251711738020;0.000344031061399050;0.4186660274190860
1800;351;1.919290472404320;0.005045889983959650;0.1263637058573760;0.000332215142465124;0.4060815323813740
1800;355;1.936104940258660;0.004955691022806310;0.1254014461131150;0.000320979926153522;0.3941065392094720
1800;359;1.952885000786980;0.004869509478647040;0.1244381320616820;0.000310285891558030;0.3827000229044200
1800;363;1.969668255554480;0.004787189501812460;0.1234735017273950;0.000300096754646132;0.3718242806111390
1800;367;1.986386173629790;0.004708331732315720;0.1225072905134180;0.000290379066780520;0.3614445019762920
1800;371;2.003106968062610;0.004632891108377840;0.1215392306608930;0.000281102322554716;0.3515289652106430
1800;375;2.019947569546050;0.004560929366159690;0.1205690506889620;0.000272238216589387;0.3420481701354760
1800;379;2.036652314477430;0.004491680923946700;0.1195964748124340;0.000263760878902944;0.3329751826855930
1800;383;2.053368294208370;0.004425310273611660;0.1186212223335990;0.000255646157263583;0.3242847810350580
1800;387;2.070199226039980;0.004361879327385260;0.1176430070043810;0.000247872085840466;0.3159540896969830
1800;391;2.086931845738490;0.004300782205633970;0.1166615363547030;0.000240417942090812;0.3079614244181350
1800;395;2.103749651827170;0.004242270161042600;0.1156765109825120;0.000233264927910226;0.3002871943106330
1800;399;2.120581924455770;0.004186063475485600;0.1146876238004800;0.000226395249127021;0.2929127593196810
1800;403;2.137437768061500;0.004132062768328000;0.1136945592338330;0.000219792623762633;0.2858211115098120
1800;407;2.154310338015860;0.004080141726196640;0.1126969923631720;0.000213441718606494;0.2789961768842840
1800;411;2.171324816486300;0.004030430284522920;0.1116945880054240;0.000207328376987309;0.2724231355709000
1800;415;2.188360809876370;0.003982599248916270;0.1106869997252360;0.000201439342169276;0.2660880862626450
1800;419;2.205378925094930;0.003936488796256610;0.1096738687681840;0.000195762256878142;0.2599780671099910
1800;423;2.222574046070580;0.003892359999276030;0.1086548229060450;0.000190285532738773;0.2540809039868750
1800;427;2.239758229469080;0.003849798420420060;0.1076294751831110;0.000184998442286693;0.2483853530165990
1800;431;2.257078842173900;0.003808981033982010;0.1065974225510100;0.000179890730080611;0.2428805989908950
1800;435;2.274482792917870;0.003769743907061390;0.1055582443777630;0.000174952982639486;0.2375567675827850
1800;439;2.292070510107000;0.003732180887241830;0.1045115008147480;0.000170176189658124;0.2324043510574320
1800;443;2.309756471980790;0.003696083376192730;0.1034567310028270;0.000165551956777014;0.2274145094757710
1800;447;2.327437599718980;0.003661229570334400;0.1023934510960920;0.000161072387507560;0.2225789257206280
1800;451;2.345546349366750;0.003628239703489290;0.1013211520782820;0.000156729977590487;0.2178896730963910
1800;455;2.363673223616490;0.003596413150572830;0.1002392973430000;0.000152517667656685;0.2133392999542120
1800;459;2.382118117903200;0.003566156063205840;0.0991473200040962;0.000148428750751639;0.2089207136301040
1800;463;2.400698193443330;0.003537138771698610;0.0980446198969374;0.000144456903138040;0.2046272351436210
1800;467;2.419580875774490;0.003509560702620000;0.0969305602244997;0.000140596120779784;0.2004525220857590
1800;471;2.438745251783700;0.003483339243911940;0.0958044637940376;0.000136840634843524;0.1963904590143450
1800;475;2.458182271571120;0.003458415059250640;0.0946656087801706;0.000133184984199411;0.1924352709504450
1800;479;2.478045432091880;0.003434957964738010;0.0935132239381750;0.000129623932319758;0.1885814158676210
1800;483;2.498211520228730;0.003412751149771110;0.0923464831765153;0.000126152475115124;0.1848236068406600
1800;487;2.518880449841620;0.003392024671341650;0.0911644993795059;0.000122765743433849;0.1811566807001590
1800;491;2.540109466291950;0.003372809151127440;0.0899663173485505;0.000119459110905715;0.1775757673521380
1800;495;2.561884255238210;0.003355039367132150;0.0887509057024663;0.000116228038753734;0.1740760740578690
1800;499;2.584253415607420;0.003338735848299740;0.0875171475424051;0.000113068105502372;0.1706529406229650
1800;503;2.607428496136000;0.003324127852115390;0.0862638296427343;0.000109975019131107;0.1673018723155920
1800;507;2.631360918084400;0.003311105954677110;0.0849896298731465;0.000106944534907679;0.1640184321058420
1800;511;2.656259874937150;0.003299886910138240;0.0836931024854249;0.000103972422264236;0.1607982063549800
1800;515;2.682215439512540;0.003290531583334050;0.0823726608055294;0.000101054463407726;0.1576368217195750
1800;519;2.709470436017400;0.003283284107696830;0.0810265567507965;0.000098186421429393;0.1545299192678380
1800;523;2.738180214620860;0.003278271992745380;0.0796528564330576;0.000095363967277376;0.1514730673739980
1800;527;2.768653524725240;0.003275797582582520;0.0782494108971654;0.000092582632231268;0.1484617175491670
1800;531;2.801111244509770;0.003276046034590010;0.0768138207604420;0.000089837778987602;0.1454911965652750
1800;535;2.836050957323220;0.003279510665952850;0.0753433931322992;0.000087124478757486;0.1425565556514010
1800;539;2.873960086435870;0.003286647029899170;0.0738350886610094;0.000084437454784208;0.1396525348446710
1800;543;2.915466644412620;0.003298040257874260;0.0722854558105960;0.000081770904077748;0.1367733407025710
1800;547;2.961451425511060;0.003314520764117950;0.0706905484145539;0.000079118397326571;0.1339125670230030
1800;551;3.013232488993490;0.003337345259490110;0.0690458210276588;0.000076472606855248;0.1310628504124120
1800;555;3.072519031240990;0.003368109729028330;0.0673459943520782;0.000073824993916052;0.1282154779743390
1800;559;3.141861202538920;0.003409196064022000;0.0655848796398956;0.000071165369541788;0.1253598092760070
2160;290;1.659499596090610;0.007201119183669730;0.1410919785003460;0.000612244893240265;0.7020373672077690
2160;294;1.676669674945410;0.006993955758691650;0.1401135681554740;0.000584461036968250;0.6728203670796640
2160;298;1.693891804060060;0.006799925581380150;0.1391381313162300;0.000558553348103405;0.6455487738528150
2160;302;1.711007636794790;0.006617300478703840;0.1381653838088130;0.000534352881166019;0.6200490267930370
2160;306;1.728104596165580;0.006445477454270110;0.1371950466080030;0.000511709523666293;0.5961668250708500
2160;310;1.745246586757690;0.006283813074558220;0.1362268452655210;0.000490488872965291;0.5737638488408490
2160;314;1.762241102319630;0.006130829472620390;0.1352605093584770;0.000470570750032471;0.5527163251954360
2160;318;1.779327294177270;0.005986667451621350;0.1342957719550620;0.000451847239956762;0.5329130027836060
2160;322;1.796295408567910;0.005849969311262030;0.1333323690947820;0.000434221600568573;0.5142541062565960
2160;326;1.813207417065220;0.005720385177045220;0.1323700392806580;0.000417606724668904;0.4966497355150530
2160;330;1.830113362079760;0.005597553297909950;0.1314085229808900;0.000401923851508986;0.4800185239742870
2160;334;1.846964882157450;0.005480846967901270;0.1304475621375660;0.000387101634859802;0.4642866919126870
2160;338;1.863855775825520;0.005370113957251010;0.1294868996800300;0.000373075758474343;0.4493877362717750
2160;342;1.880708380085800;0.005264720947538300;0.1285262790405750;0.000359787301816137;0.4352606018825070
2160;346;1.897456650641650;0.005164134993162710;0.1275654436700810;0.000347183252567178;0.4218504145961270
2160;350;1.914298648843220;0.005068565047631420;0.1266041365512630;0.000335214832751962;0.4091065665210510
2160;354;1.930961193082530;0.004976981871174110;0.1256420997070910;0.000323837917995753;0.3969833173203330
2160;358;1.947748973750990;0.004889900958965880;0.1246790737019250;0.000313011753708650;0.3854383154412110
2160;362;1.964475733972680;0.004806582648746850;0.1237147971328070;0.000302699283584053;0.3744330745728610
2160;366;1.981193786642620;0.004726925409289590;0.1227490061082170;0.000292866553413353;0.3639323148660090
2160;370;1.997895370892110;0.004650689494195980;0.1217814337115010;0.000283482129545805;0.3539033050776070
2160;374;2.014587950927980;0.004577692382510600;0.1208118094459630;0.000274517327259582;0.3443162028682450
2160;378;2.031310466364400;0.004507832917394060;0.1198398586584410;0.000265945589618924;0.3351433348121210
2160;382;2.047961140213380;0.004440711830709370;0.1188653019379260;0.000257742465036027;0.3263592146496260
2160;386;2.064736791037890;0.004376595435569630;0.1178878544855050;0.000249885335549721;0.3179402454662420
2160;390;2.081344503404340;0.004314708730117770;0.1169072254515810;0.000242353260329912;0.3098645610947330
2160;394;2.098046325029080;0.004255469222020840;0.1159231172359370;0.000235126961513305;0.3021120462485810
2160;398;2.114836254932510;0.004198721386927850;0.1149352247457560;0.000228188345611072;0.2946637580701190
2160;402;2.131594177252140;0.004144102595614120;0.1139432346062270;0.000221520803220171;0.2875023408303340
2160;406;2.148508415880280;0.004091864628274900;0.1129468243177270;0.000215108822421033;0.2806115584261860
2160;410;2.165376514130530;0.004041506521983620;0.1119456613529250;0.000208937853307826;0.2739761422425370
2160;414;2.182173805248760;0.003992894430795260;0.1109394021863390;0.000202994518621807;0.2675820908444200
2160;418;2.199192106293710;0.003946470046316000;0.1099276912479560;0.000197266232235554;0.2614161948880090
2160;422;2.216160391837220;0.003901649616376370;0.1089101597914680;0.000191741213648169;0.2554660748556140
2160;426;2.233256918155860;0.003858669952418530;0.1078864246664390;0.000186408514734622;0.2497202367742610
2160;430;2.250461067117240;0.003817410701046680;0.1068560869822640;0.000181257776852186;0.2441677669530860
2160;434;2.267718354595450;0.003777705119969510;0.1058187306501130;0.000176279368976982;0.2387985330524680
2160;438;2.285025203017540;0.003739480596331860;0.1047739207870720;0.000171464211102559;0.2336029635447200
2160;442;2.302516038005980;0.003702891574702990;0.1037212019643820;0.000166803774016092;0.2285720616860480
2160;446;2.320104635433770;0.003667732860830250;0.1026600962789810;0.000162290011781309;0.2236973275959860
2160;450;2.337911882748610;0.003634135675383810;0.1015901012242880;0.000157915366207468;0.2189707777854120
2160;454;2.355818834280600;0.003601856139786670;0.1005106873324280;0.000153672698008222;0.2143848635380730
2160;458;2.373915209151760;0.003570978498870850;0.0994212955555137;0.000149555176777136;0.2099323289413630
2160;462;2.392241284712550;0.003541510766372470;0.0983213343482292;0.000145556414557155;0.2056064081159550
2160;466;2.410769723394040;0.003513362701153180;0.0972101764074541;0.000141670357250727;0.2014006861690540
2160;470;2.429563024127160;0.003486577460446600;0.0960871550168835;0.000137891178616641;0.1973089590855470
2160;474;2.448625435678170;0.003461114103306450;0.0949515599351426;0.000134213333911338;0.1933253186025660
2160;478;2.467982091217410;0.003436966559694830;0.0938026327544274;0.000130631625381556;0.1894442582792670
2160;482;2.487706358051320;0.003414192124539220;0.0926395616426804;0.000127140914665251;0.1856602691423090
2160;486;2.507858915843160;0.003392832676180840;0.0914614753650931;0.000123736419249911;0.1819682781505550
2160;490;2.528399639771530;0.003372791030255610;0.0902674364594544;0.000120413401119661;0.1783632060149960
2160;494;2.549472213511180;0.003354221052823510;0.0890564334134321;0.000117167373804523;0.1748402804774180
2160;498;2.571121910416730;0.003337139719438780;0.0878273716588121;0.000113993898628101;0.1713947472172790
2160;502;2.593278814105550;0.003321419002464500;0.0865790631560948;0.000110888711240026;0.1680220696257220
2160;506;2.616275725646550;0.003307446804035880;0.0853102142900440;0.000107847576170701;0.1647177244411680
2160;510;2.640005772278230;0.003295043781419030;0.0840194117293116;0.000104866301068063;0.1614772357884060
2160;514;2.664628236109440;0.003284370820395760;0.0827051058163044;0.000101940763277890;0.1582962327796340
2160;518;2.690421245613530;0.003275724961416150;0.0813655909404267;0.000099066753088753;0.1551702264063850
2160;522;2.717351734150050;0.003269017598143100;0.0799989821995162;0.000096240055108491;0.1520947552880000
2160;526;2.745669263766720;0.003264500668675150;0.0786031874576788;0.000093456324620675;0.1490652175237140
2160;530;2.775648663394530;0.003262444891606100;0.0771758736442653;0.000090711060822103;0.1460768558370500
2160;534;2.807567938928390;0.003263112610628040;0.0757144257814869;0.000087999543714811;0.1431246910484440
2160;538;2.841797517746410;0.003266858493045370;0.0742158967375229;0.000085316716290267;0.1402033723452370
2160;542;2.878895996266670;0.003274232544597170;0.0726769450186842;0.000082657108464724;0.1373071011940570
2160;546;2.919272600133900;0.003285584746430080;0.0710937569480227;0.000080014645903270;0.1344293746580240
2160;550;2.963865781580270;0.003301827418023840;0.0694619481886089;0.000077382507151257;0.1315628165163380
2160;554;3.013760194645640;0.003323972815167600;0.0677764375352285;0.000074752807564536;0.1286987289619590
2160;558;3.070506075132920;0.003353460434926770;0.0660312828572438;0.000072116220945643;0.1258265430338830
2160;562;3.136262863391760;0.003392261187354410;0.0642194644252047;0.000069461395977094;0.1229329175481430
2160;566;3.214353481130380;0.003443389285362350;0.0623325935588675;0.000066774045247186;0.1200002484976770
2160;570;3.310018112851070;0.003511541243273190;0.0603605127547480;0.000064035429045083;0.1170040386589570
2160;574;3.432484547226390;0.003604956888181660;0.0582907337923800;0.000061219673216534;0.1139079721104960
2520;265;1.550491240173060;0.008871226312640470;0.1472930418287800;0.000842745753400374;0.9431743906606380
2520;269.5;1.570171048217630;0.008512224523960010;0.1461640692552770;0.000792385884486205;0.8905824070687350
2520;274;1.589750856967940;0.008182060108889720;0.1450412526822910;0.000746491969174702;0.8425924965488570
2520;278.5;1.609246610368470;0.007877683369696390;0.1439241233438040;0.000704546255159744;0.7986758123700800
2520;283;1.628824113924770;0.007597131568887020;0.1428122271892510;0.000666102171699943;0.7583756009997000
2520;287.5;1.648264648257200;0.007336959122934440;0.1417051235120080;0.000630775342914315;0.7212984608804440
2520;292;1.667631730334170;0.007095403411608080;0.1406023836616360;0.000598231980458353;0.6871023680651470
2520;296.5;1.686952530548820;0.006870752917448200;0.1395035898300270;0.000568181190319164;0.6554889060997480
2520;301;1.706281142254170;0.006661610974561020;0.1384083339025400;0.000540369610413546;0.6261979948768170
2520;305.5;1.725527068951230;0.006466192896736180;0.1373162163659310;0.000514575029768581;0.5990012973663070
2520;310;1.744702436356070;0.006283301894058170;0.1362268452655210;0.000490601937065060;0.5736977082625450
2520;314.5;1.763819375831300;0.006111875171648180;0.1351398352046030;0.000468277996491767;0.5501098127927930
2520;319;1.782958978277000;0.005951191295876720;0.1340548063795380;0.000447450449851237;0.5280801647042920
2520;323.5;1.802024159729450;0.005800032052099810;0.1329713836443470;0.000427984432386891;0.5074697332785510
2520;328;1.820997499733850;0.005657559732526100;0.1318891955989240;0.000409759487470350;0.4881541644400470
2520;332.5;1.840017153728740;0.005523490604996630;0.1308078736952110;0.000392668111789570;0.4700223692824480
2520;337;1.858924396851850;0.005396700087284060;0.1297270513558400;0.000376614557623110;0.4529753841053420
2520;341.5;1.877727968352220;0.005276656275777880;0.1286463630998450;0.000361512770032653;0.4369241546162920
2520;346;1.896657070280970;0.005163475321740410;0.1275654436700810;0.000347285247617142;0.4217883794604410
2520;350.5;1.915534365800720;0.005056179117076270;0.1264839271569760;0.000333862656058153;0.4074962405305670
2520;355;1.934324901921510;0.004954253678641590;0.1254014461131150;0.000321182121522460;0.3939825079721160
2520;359.5;1.953037553980100;0.004857342795851240;0.1243176306530440;0.000309186757018197;0.3811881100208180
2520;364;1.971849116588520;0.004765530305848660;0.1232321075324300;0.000297825192687877;0.3690596962544830
2520;368.5;1.990542646507960;0.004677954357717890;0.1221444992004010;0.000287050565486842;0.3575485156477480
2520;373;2.009312213109070;0.004594783320555010;0.1210544228185530;0.000276820515605908;0.3466105216941330
2520;377.5;2.028108185847640;0.004515616443112520;0.1199614892395730;0.000267096241280679;0.3362052969926990
2520;382;2.046752979193380;0.004439812997761390;0.1188653019379260;0.000257842405943299;0.3262960234784380
2520;386.5;2.065460599138620;0.004367617920364850;0.1177654558842930;0.000249026544362396;0.3168488153980050
2520;391;2.084211698869480;0.004298768787766890;0.1166615363547030;0.000240619017485870;0.3078327335788560
2520;395.5;2.102986331639980;0.004233026705963830;0.1155531176642530;0.000232592778027576;0.2992195577481570
2520;400;2.121731560667660;0.004170102424897880;0.1144397618142540;0.000224922670281713;0.2909829497558380
2520;404.5;2.140524020914960;0.004109982793421430;0.1133210170402170;0.000217585705938131;0.2830988591461960
2520;409;2.159327473517790;0.004052441924393480;0.1121964162465710;0.000210560679906322;0.2755450798527910
2520;413.5;2.178303932416490;0.003997636071802700;0.1110654753121070;0.000203828007576079;0.2683010838460710
2520;418;2.197286362617340;0.003945115009917920;0.1099276912479560;0.000197369533678510;0.2613478121135140
2520;422.5;2.216305350485040;0.003894812459872920;0.1087825401873210;0.000191168420382814;0.2546675644691340
2520;427;2.235392885840250;0.003846670963691870;0.1076294751831110;0.000185209132428927;0.2482440161532570
2520;431.5;2.254599418735630;0.003800666391931390;0.1064679237859920;0.000179477141876963;0.2420618576895630
2520;436;2.273960300802180;0.003756752674222620;0.1052972853710270;0.000173958999313419;0.2361069193252290
2520;440.5;2.293289739539490;0.003714527762869030;0.1041169281759330;0.000168642109902696;0.2303658977721460
2520;445;2.312899041670250;0.003674411473303290;0.1029261860077700;0.000163514771702784;0.2248264336928650
2520;449.5;2.332760802140260;0.003636262315948350;0.1017243545674490;0.000158565951892029;0.2194768302391800
2520;454;2.352605376671300;0.003599581746869680;0.1005106873324280;0.000153785432556921;0.2143062760264080
2520;458.5;2.372718893038450;0.003564739794020710;0.0992843909270887;0.000149163485106184;0.2093044166498440
2520;463;2.393131808637180;0.003531705663234230;0.0980446198969374;0.000144691043798732;0.2044616144613920
2520;467.5;2.413789864144270;0.003500328724927290;0.0967904707864934;0.000140359552513619;0.1997687552095700
2520;472;2.434747079231010;0.003470623729275990;0.0955209754006254;0.000136160904225709;0.1952171802859640
2520;476.5;2.456070926204490;0.003442624721431770;0.0942350931041838;0.000132087415589511;0.1907986677723470
2520;481;2.477701440403650;0.003416188675042130;0.0929317019837202;0.000128131752555891;0.1865053425931720
2520;485.5;2.499796818962420;0.003391481531225560;0.0916095886560908;0.000124286992308143;0.1823297838987350
2520;490;2.522354486473720;0.003368444118215040;0.0902674364594544;0.000120546424794272;0.1782647541798240
2520;494.5;2.545540420598570;0.003347245929686830;0.0889038116994041;0.000116903632500363;0.1743033320709250
2520;499;2.569308708652010;0.003327774661874810;0.0875171475424051;0.000113352414636065;0.1704388201045510
2520;503.5;2.593795164259760;0.003310157785904810;0.0861057250444036;0.000109886678830344;0.1666646013943960
2520;508;2.619133545599450;0.003294517657686000;0.0846676506662114;0.000106500514501555;0.1629742701792380
2520;512.5;2.645450172613510;0.003280963239244900;0.0832008294475149;0.000103188056882696;0.1593614503602720
2520;517;2.672833074680480;0.003269553830866370;0.0817029327717210;0.000099943441798636;0.1558197507916560
2520;521.5;2.701570204014580;0.003260590614223850;0.0801713593307330;0.000096760758382256;0.1523427212764270
2520;526;2.731721410837970;0.003254090715679730;0.0786031874576788;0.000093633963373448;0.1489237531473700
2520;530.5;2.763700029182070;0.003250488394274850;0.0769951163854403;0.000090556764331903;0.1455559343402140
2520;535;2.797719911603360;0.003249968077086660;0.0753433931322992;0.000087522564887145;0.1422320094502780
2520;539.5;2.834341928613450;0.003253101383457560;0.0736437204943299;0.000084524201757218;0.1389440123398290
2520;544;2.873932887156950;0.003260211757976990;0.0718911398507264;0.000081553866648420;0.1356832033024860
2520;548.5;2.917481194894960;0.003272293637788120;0.0700798798633622;0.000078602715731332;0.1324395048679120
2520;553;2.965769329349250;0.003290048445108710;0.0682031581818429;0.000075660535128978;0.1292010290124820
2520;557.5;3.020164357616040;0.003314747036465310;0.0662529171138098;0.000072715135554256;0.1259531482542170
2520;562;3.082603835009790;0.003348145551271440;0.0642194644252047;0.000069751458711074;0.1226770478440380
2520;566.5;3.156018399513390;0.003392834664280610;0.0620909743480028;0.000066750057648379;0.1193471135898480
2520;571;3.244773851111040;0.003452503611063660;0.0598527764963673;0.000063684539036561;0.1159262791704950
2520;575.5;3.356589026674020;0.003533513465391320;0.0574863118456193;0.000060516391899028;0.1123561312353570
2520;580;3.505121278892430;0.003646428756301030;0.0549675445756530;0.000057183537816773;0.1085339527437010
2520;584.5;3.719628994758210;0.003812392548500310;0.0522644404313671;0.000053567859464714;0.1042453957651840
2880;275;1.593719321240310;0.008111974386626590;0.1447925264354570;0.000736988784766245;0.8324177530602840
2880;279.5;1.613216918147400;0.007813100136389390;0.1436765987750110;0.000695851649494314;0.7893444922260540
2880;284;1.632649968908070;0.007536805733241460;0.1425658052570920;0.000658126848306906;0.7497953311051540
2880;288.5;1.652148522409520;0.007281350056124230;0.1414597079627670;0.000623441318103663;0.7133884141178680
2880;293;1.671475383974290;0.007043641449438060;0.1403578807534820;0.000591471819513028;0.6797926085732690
2880;297.5;1.690797064108680;0.006822634439571570;0.1392599080723940;0.000561935826028389;0.6487180811767960
2880;302;1.710010839968040;0.006616353924273240;0.1381653838088130;0.000534587885641265;0.6199129734580270
2880;306.5;1.729275213836270;0.006424027075208880;0.1370739102177040;0.000509211317838651;0.5931545589222230
2880;311;1.748444873223300;0.006243873573488000;0.1359850968868290;0.000485616541786982;0.5682479236844890
2880;315.5;1.767517230590430;0.006074813994830980;0.1348985597446400;0.000463635456807138;0.5450199743983360
2880;320;1.786599727735750;0.005916260477501980;0.1338139201024490;0.000443119963890883;0.5233181747653220
2880;324.5;1.805636371192690;0.005767144608898620;0.1327308037247700;0.000423937926455514;0.5030062119344350
2880;329;1.824553953082760;0.005626471457997090;0.1316488399220060;0.000405972341375863;0.4839633710796420
2880;333.5;1.843489967892090;0.005493977607391970;0.1305676606598630;0.000389118365930175;0.4660813269976310
2880;338;1.862399716966060;0.005368889328956900;0.1294868996800300;0.000373282291442968;0.4492631893540900
2880;342.5;1.881177839175540;0.005250346987551190;0.1284061916267320;0.000358380290980784;0.4334222494401490
2880;347;1.900067823320380;0.005138522713398480;0.1273251711738020;0.000344336805262352;0.4184802529445130
2880;351.5;1.918846671344950;0.005032328897005260;0.1262434721468710;0.000331083604766444;0.4043664496816210
2880;356;1.937612570281540;0.004931618267193860;0.1251607266351680;0.000318559517664341;0.3910174340844010
2880;360.5;1.956330903569860;0.004835918507623670;0.1240765640872450;0.000306708927174311;0.3783754646221730
2880;365;1.974996126554120;0.004744871281728670;0.1229906103847250;0.000295481397300234;0.3663881328717760
2880;369.5;1.993694854571810;0.004658365230525210;0.1219024868878160;0.000284831103982921;0.3550077813132940
2880;374;2.012407726526980;0.004576057832321500;0.1208118094459630;0.000274716609146710;0.3441913340188770
2880;378.5;2.031083179318080;0.004497559769643340;0.1197181873665050;0.000265099779603804;0.3338990463342990
2880;383;2.049699470106250;0.004422583981385580;0.1186212223335990;0.000255945969346305;0.3240948157101750
2880;387.5;2.068345678121640;0.004351101358185600;0.1175205072689650;0.000247223490832069;0.3147455984496710
2880;392;2.087033458009620;0.004282921170305440;0.1164156251251620;0.000238903187435436;0.3058209380751900
2880;396.5;2.105742482558620;0.004217806724704210;0.1153061476010910;0.000230958461815655;0.2972930659549590
2880;401;2.124435609917210;0.004155505258788220;0.1141916337682310;0.000223364705627390;0.2891362313403310
2880;405.5;2.143156792009290;0.004095940871582190;0.1130716285947460;0.000216099310467796;0.2813267662849460
2880;410;2.161984449194330;0.004039107062987000;0.1119456613529250;0.000209141426345527;0.2738428230315900
2880;414.5;2.180667103732540;0.003984393832019840;0.1108132438935090;0.000202471805402885;0.2666642153881420
2880;419;2.199582404195340;0.003932366670691700;0.1096738687681840;0.000196072611495360;0.2597722100676430
2880;423.5;2.218478869424050;0.003882441188849310;0.1085270071788000;0.000189927309464483;0.2531494175304380
2880;428;2.237556085581390;0.003834855563849560;0.1073721067287260;0.000184020648038378;0.2467798051386730
2880;432.5;2.256559722626410;0.003789062842634630;0.1062085889479500;0.000178338296973121;0.2406482450054000
2880;437;2.275794801679890;0.003745481236996540;0.1050358465590270;0.000172866987923729;0.2347407295892590
2880;441.5;2.295126998785000;0.003703788685552830;0.1038532404456330;0.000167594410733768;0.2290442619013490
2880;446;2.314506623909610;0.003663820533714490;0.1026600962789810;0.000162509005096166;0.2235465983269840
2880;450.5;2.334179193434260;0.003625882204957280;0.1014557007496600;0.000157599905343353;0.2182361940733490
2880;455;2.353873680286630;0.003589471854770710;0.1002392973430000;0.000152857028636676;0.2131023469953100
2880;459.5;2.373858258216510;0.003554930298231870;0.0990100815847336;0.000148270831941086;0.2081348831523590
2880;464;2.394030196804550;0.003522030648101280;0.0977671956697581;0.000143832379385779;0.2033242688822040
2880;468.5;2.414463771539940;0.003490817966942930;0.0965097223697519;0.000139533206836287;0.1986614397364610
2880;473;2.435148901934770;0.003461216042049500;0.0952366780943296;0.000135365323142949;0.1941378189841130
2880;477.5;2.456167447589610;0.003433284787126430;0.0939470049542668;0.000131321186274214;0.1897453016543090
2880;482;2.477553063219860;0.003407014824314410;0.0926395616426804;0.000127393582208250;0.1854760975009730
2880;486.5;2.499415847654150;0.003382502120185120;0.0913131129089946;0.000123575593995400;0.1813227003734590
2880;491;2.521587447385810;0.003359471075107360;0.0899663173485505;0.000119860701709839;0.1772780511908790
2880;495.5;2.544334097378250;0.003338232567068810;0.0885977131644142;0.000116242505949996;0.1733351493519280
2880;500;2.567637404682080;0.003318715675116270;0.0872057014726743;0.000112714874736259;0.1694872837522740
2880;504.5;2.591659447926600;0.003301088073910830;0.0857885266119208;0.000109271873009225;0.1657279483018140
2880;509;2.616468415605150;0.003285390973706230;0.0843442527728115;0.000105907583325328;0.1620505899095350
2880;513.5;2.642050279232880;0.003271567402207750;0.0828707360721956;0.000102616214710901;0.1584487917132180
2880;518;2.668634917419960;0.003259866015411950;0.0813655909404267;0.000099391986142129;0.1549161198706000
2880;522.5;2.696334422906490;0.003250384389740840;0.0798261493446256;0.000096229038771535;0.1514460130256090
2880;527;2.725453602629970;0.003243448287297430;0.0782494108971654;0.000093121349602700;0.1480316750672510
2880;531.5;2.756123796586730;0.003239168540822780;0.0766319812415671;0.000090062682658164;0.1446660309333880
2880;536;2.788574709634310;0.003237769307350840;0.0749699951824677;0.000087046457294259;0.1413415570633670
2880;540.5;2.823292715075410;0.003239759110043720;0.0732590197012402;0.000084065522219019;0.1380499612610940
2880;545;2.860654157502350;0.003245499107752570;0.0714939300673235;0.000081112037131330;0.1347820388025100
2880;549.5;2.901166022136700;0.003255473682803720;0.0696687493832634;0.000078177111685605;0.1315271348546830
2880;554;2.945701728997950;0.003270535163647230;0.0677764375352285;0.000075250396210722;0.1282725161681100
2880;558.5;2.995256420961750;0.003291595994572780;0.0658086087161920;0.000072319468658070;0.1250023808839560
2880;563;3.051243649032170;0.003319908304155600;0.0637551457830032;0.000069368841778591;0.1216961687813750
2880;567.5;3.115642826762080;0.003357123003503280;0.0616036616625938;0.000066378298529955;0.1183255807459910
2880;572;3.191433841281780;0.003405557428913010;0.0593387270469606;0.000063319953590470;0.1148490566250760
2880;576.5;3.283434083187840;0.003468621202120870;0.0569407281323615;0.000060152210113003;0.1111999528562400
2880;581;3.399488753347910;0.003550853943754320;0.0543841136547404;0.000056805613567139;0.1072579066207600
2880;585.5;3.554246864243140;0.003657861763592580;0.0516345814385921;0.000053139854471969;0.1027599209410660
2880;590;3.778008984208160;0.003784319232714110;0.0486443046361706;0.000048725553159384;0.0968466002429462
2880;594.5;4.150016559204580;0.003965436722783860;0.0453432351878057;0.000043326509033982;0.0889484910266070
3240;285;1.636604889294560;0.007478115481788010;0.1423196151911620;0.000650298996834775;0.7413712621191740
3240;289.5;1.655935124200120;0.007226255944016470;0.1412145032405600;0.000616239204368799;0.7056182541270130
3240;294;1.675298562820800;0.006992644439526410;0.1401135681554740;0.000584829704393044;0.6726081537426330
3240;298.5;1.694647850415520;0.006775316243209070;0.1390163965742810;0.000555796916481011;0.6420604101337480
3240;303;1.713786690521660;0.006571981380299510;0.1379225843369130;0.000528901677903143;0.6137295464317420
3240;307.5;1.732937031316660;0.006382187807391390;0.1368317354155650;0.000503933967392868;0.5873997755296280
3240;312;1.752073578505220;0.006204632269731260;0.1357434608914740;0.000480709410943117;0.5628815601235690
3240;316.5;1.771237629428520;0.006038375469533050;0.1346573779709720;0.000459064212741406;0.5400062297022450
3240;321;1.790235943637020;0.005881814327317900;0.1335731090344370;0.000438854012095761;0.5186250916524890
3240;325.5;1.809174442348300;0.005734485888811590;0.1324902807120920;0.000419950463241128;0.4986058171455250
3240;330;1.828120892908300;0.005595845715338680;0.1314085229808900;0.000402239164343101;0.4798303378028370
3240;334.5;1.847030911404680;0.005465067769336210;0.1303274682769020;0.000385618043499670;0.4621932330518640
3240;339;1.865872204792990;0.005341444486979280;0.1292467506177580;0.000369995512969122;0.4455997946261050
3240;343.5;1.884669243730620;0.005224501014202610;0.1281660047297900;0.000355289621202516;0.4299652448594580
3240;348;1.903432403523260;0.005113767585669110;0.1270848651744790;0.000341426605407917;0.4152132052555840
3240;352.5;1.922172147499760;0.005008817608722000;0.1260029654688240;0.000328339931994314;0.4012747181211370
3240;357;1.940853900239000;0.004909150784433000;0.1249199371940630;0.000315969588227140;0.3880875493748600
3240;361.5;1.959578196953280;0.004814645889180060;0.1238354090870370;0.000304261215103757;0.3755952760435670
3240;366;1.978234519790690;0.004724682711484110;0.1227490061082170;0.000293165497421768;0.3637466666677190
3240;370.5;1.996862711776150;0.004639050499203370;0.1216603484800590;0.000282637607994426;0.3524951116067630
3240;375;2.015535063462690;0.004557628219139680;0.1205690506889620;0.000272636739363313;0.3417981466546610
3240;379.5;2.034106159690790;0.004479822684528130;0.1194747204435610;0.000263125678235045;0.3316170167665430
3240;384;2.052631637139640;0.004405528186788130;0.1183769575814810;0.000254070440041629;0.3219163032575300
3240;388.5;2.071344579261240;0.004335016126116910;0.1172753529159280;0.000245439870882285;0.3126634985522540
3240;393;2.089890074777650;0.004267329224214940;0.1161694870126080;0.000237205512803683;0.3038289053990270
3240;397.5;2.108501988999020;0.004202769035158450;0.1150589288864330;0.000229341070610972;0.2953850205349300
3240;402;2.127045911164670;0.004140892895353720;0.1139432346062270;0.000221822541853926;0.2873067576047100
3240;406.5;2.145794537719800;0.004082068617686880;0.1128219457942240;0.000214627689751865;0.2795708226291310
3240;411;2.164449254796990;0.004025567073124070;0.1116945880054240;0.000207736011701030;0.2721557181692320
3240;415.5;2.183186482147910;0.003971585069327000;0.1105606689698900;0.000201128536534183;0.2650415227133520
3240;420;2.201902792835400;0.003919806007632920;0.1094196766786840;0.000194787847762369;0.2582099626014610
3240;424.5;2.220762237788230;0.003870402264571820;0.1082710772913700;0.000188697653267693;0.2516438824684610
3240;429;2.239729870591530;0.003823193012013640;0.1071143128396890;0.000182842894454582;0.2453274209824590
3240;433.5;2.258565935812810;0.003777667985204620;0.1059487986980810;0.000177209519795840;0.2392457406133850
3240;438;2.277660121702710;0.003734390108991430;0.1047739207870720;0.000171784494859134;0.2333850692555770
3240;442.5;2.296894618803350;0.003693062552246130;0.1035890324698990;0.000166555650183595;0.2277325223952730
3240;447;2.316063595044070;0.003653272657340200;0.1023934510960920;0.000161511625147295;0.2222760512046750
3240;451.5;2.335566823616410;0.003615575624233390;0.1011864541375760;0.000156641751108602;0.2170043051425180
3240;456;2.355149422341140;0.003579493067412510;0.0999672748531113;0.000151936078412014;0.2119066903801540
3240;460.5;2.374974232648280;0.003545203397607570;0.0987350974049413;0.000147385179161626;0.2069731164439080
3240;465;2.394962346089430;0.003512521565997430;0.0974890513369832;0.000142980283522586;0.2021942047407470
3240;469.5;2.415168244830090;0.003481467134953600;0.0962282053060047;0.000138713042019146;0.1975609740442770
3240;474;2.435676356652860;0.003452103747284810;0.0949515599351426;0.000134575611807920;0.1930649781227130
3240;478.5;2.456486441317850;0.003424372737079320;0.0936580396316611;0.000130560475371847;0.1886980636304010
3240;483;2.477495070755830;0.003398081493737670;0.0923464831765153;0.000126660544837387;0.1844525341515840
3240;487.5;2.499003613649540;0.003373598507769820;0.0910156328500488;0.000122869051284898;0.1803210074465580
3240;492;2.520919102539150;0.003350747387237440;0.0896641218033287;0.000119179477659092;0.1762963320303290
3240;496.5;2.543189801646310;0.003329420263807280;0.0882904593145571;0.000115585570590307;0.1723716190985090
3240;501;2.566147661616440;0.003310014134683100;0.0868930134797269;0.000112081275417305;0.1685401625590690
3240;505.5;2.589606050203040;0.003292246491004500;0.0854699907693687;0.000108660650207617;0.1647953256709870
3240;510;2.613792584506570;0.003276376580065850;0.0840194117293116;0.000105317933218023;0.1611306594896860
3240;514.5;2.638760497116900;0.003262436068764780;0.0825390818993967;0.000102047335544675;0.1575396070428590
3240;519;2.664606774582760;0.003250516249511430;0.0810265567507965;0.000098843154597048;0.1540156957331850
3240;523.5;2.691449361020980;0.003240732101311880;0.0794790990721385;0.000095699540729505;0.1505522005104570
3240;528;2.719602442932400;0.003233433374198400;0.0778936267259914;0.000092610540539742;0.1471422340546880
3240;532.5;2.749028217642870;0.003228544654266070;0.0762666479891679;0.000089569934962453;0.1437785216251960
3240;537;2.780133865691720;0.003226515830872450;0.0745941806894035;0.000086571120856958;0.1404532435380800
3240;541.5;2.813131146565920;0.003227556206775740;0.0728716499124686;0.000083606960969484;0.1371578293531210
3240;546;2.848393640224950;0.003232050166021770;0.0710937569480227;0.000080669534470952;0.1338825906666240
3240;550.5;2.886365636287750;0.003240440541778600;0.0692543089965764;0.000077749841442124;0.1306162726381470
3240;555;2.927738755052070;0.003253410800373670;0.0673459943520782;0.000074837341620345;0.1273453177318880
3240;559.5;2.973180379291350;0.003271552797102880;0.0653600802372618;0.000071919266926566;0.1240527154948180
3240;564;3.023750773176800;0.003295783247765500;0.0632859983069031;0.000068979538554652;0.1207161046081840
3240;568.5;3.080927639523070;0.003327264831702440;0.0611107625542943;0.000065996905762090;0.1173043653853680
3240;573;3.146849100136370;0.003367456558928680;0.0588181292348131;0.000062941529375242;0.1137711059227130
3240;577.5;3.224510669045350;0.003417820296018240;0.0563873448502813;0.000059767769887680;0.1100404567567540
3240;582;3.318698748873060;0.003479432526213510;0.0537912070094759;0.000056396464233643;0.1059712559168800
3240;586.5;3.437377603242010;0.003549506983526040;0.0509929168174061;0.000052656337256353;0.1012371146989960
3240;591;3.595107143902480;0.003593074857632620;0.0479406614926151;0.000047913561007367;0.0945694557357799
3240;595.5;3.821738059225030;0.003741643028183970;0.0445575601583368;0.000043623733949243;0.0887961331403666
3240;600;4.192160515497330;0.004402941809951610;0.0407210162641549;0.000042768463752848;0.0903631019416754
3240;604.5;4.980881908258230;0.005728713725607720;0.0362137278663485;0.000041650873018975;0.0922541472020804
