P (kPa);T (K);cp (kJ/kg K);Pr; K  (W/m K);Mμ;Viscosidade cinemática ν (cSt)
10;274;1.5280997396;0.011779947347645600;0.14703118413812700;0.0011334467003139300;1.2898902937754800
10;275.2;1.5334419576;0.011624715841330500;0.14674007900772400;0.0011124070999439300;1.2673497086356600
10;276.4;1.5387717474;0.011473298623164500;0.14644940675243800;0.0010919473792307700;1.2454217929133000
10;277.6;1.5440892745;0.011325556340251800;0.14615915904363800;0.0010720453912474500;1.2240832421286000
10;278.8;1.5494605259;0.011181867431354500;0.14586932762742200;0.0010526834705172200;1.2033157739120300
10;280;1.5547825825;0.011041347775160900;0.14557990432284900;0.0010338412398056100;1.1830979241542300
10;281.2;1.5601215004;0.010904359141492000;0.14529088102020000;0.0010155003608561600;1.1634104717232800
10;282.4;1.5654682503;0.010770721779929900;0.14500224967927800;0.0009976432855966250;1.1442350185628800
10;283.6;1.5707850367;0.010640069783600700;0.14471400232772400;0.0009802532157146790;1.1255539477280000
10;284.8;1.5761580077;0.010512873124535600;0.14442613105937800;0.0009633130588752390;1.1073492277659000
10;286;1.5815015523;0.010388475487113500;0.14413862803265800;0.0009468094431571940;1.0896070301057300
10;287.2;1.5868349193;0.010266904216448000;0.14385148546896800;0.0009307265706872680;1.0723106713052600
10;288.4;1.5921098735;0.010147753296978600;0.14356469565113800;0.0009150493554700040;1.0554442160006300
10;289.6;1.5974912095;0.010031997156451700;0.14327825092188500;0.0008997652051226770;1.0389945384375700
10;290.8;1.6028730912;0.009918866947576550;0.14299214368229700;0.0008848611007006080;1.0229479624361700
10;292;1.6081873062;0.009807865820323770;0.14270636639034800;0.0008703245498145420;1.0072913612399600
10;293.2;1.6135413895;0.009699580359129660;0.14242091155943300;0.0008561435644009460;0.9920121347693620
10;294.4;1.61884736;0.009593394528800600;0.14213577175692200;0.0008423058089235060;0.9770972244046270
10;295.6;1.6241543988;0.009489545490033540;0.14185093960274400;0.0008288010950182290;0.9625360074086610
10;296.8;1.6295222833;0.009388307826020980;0.14156640776798400;0.0008156188028816020;0.9483173126773710
10;298;1.6348722709;0.009289143751325940;0.14128216897350900;0.0008027479580369480;0.9344295068319830
10;299.2;1.6402243966;0.009192114788367710;0.14099821598860700;0.0007901795565108330;0.9208632011600380
10;300.4;1.6455288296;0.009096883073307930;0.14071454162964600;0.0007779041660749940;0.9076084657899430
10;301.6;1.6508959138;0.009003992985210850;0.14043113875875800;0.0007659119982661370;0.8946549105810220
10;302.8;1.656225655;0.008912843791508040;0.14014800028253400;0.0007541950762945050;0.8819942176064160
10;304;1.6615482766;0.008823540467726560;0.13986511915073900;0.0007427443164079410;0.8696167359511920
10;305.2;1.6668842499;0.008736146660819560;0.13958248835504500;0.0007315523495979940;0.8575147813958040
10;306.4;1.6721931965;0.008650391239228290;0.13930010092778000;0.0007206107375525120;0.8456793805973010
10;307.6;1.6775772738;0.008566751862502810;0.13901794994068600;0.0007099120262267230;0.8341026762573140
10;308.8;1.6829041644;0.008484506588515880;0.13873602850370500;0.0006994496613866920;0.8227778342495890
10;310;1.6882455339;0.008403969411107640;0.13845432976377100;0.0006892160700607240;0.8116967900816030
10;311.2;1.6935811106;0.008324993519529880;0.13817284690361200;0.0006792045848118890;0.8008525104626900
10;312.4;1.6989214112;0.008247588114421830;0.13789157314057700;0.0006694087744332620;0.7902382092147520
10;313.6;1.7042667004;0.008171719264104780;0.13761050172546700;0.0006598230122211120;0.7798480203102650
10;314.8;1.7096068272;0.008097290649285270;0.13732962594138100;0.0006504407202528010;0.7696749257115810
10;316;1.7149941986;0.008024509685723320;0.13704893910257400;0.0006412561279371110;0.7597128318310140
10;317.2;1.7202722613;0.007952607281408540;0.13676843455332800;0.0006322636671755850;0.7499558575590740
10;318.4;1.7255663656;0.007882138066166500;0.13648810566683100;0.0006234579641266570;0.7403983256914430
10;319.6;1.7309506881;0.007813399073763070;0.13620794584406800;0.0006148338281296490;0.7310347509207000
10;320.8;1.736309918;0.007745827587179020;0.13592794851272200;0.0006063862462173230;0.7218598343973310
10;322;1.7416015943;0.007679201362980410;0.13564810712608500;0.0005981098849001360;0.7128678709875420
10;323.2;1.7469636426;0.007614112976219950;0.13536841516197400;0.0005900010631702490;0.7040551011610060
10;324.4;1.7522901739;0.007550052268740020;0.13508886612166500;0.0005820542826334460;0.6954155770753290
10;325.6;1.7576667071;0.007487365433446890;0.13480945352882200;0.0005742656661715700;0.6869452625974700
10;326.8;1.7629972617;0.007425612233330570;0.13453017092844700;0.0005666309895735170;0.6786396874295250
10;328;1.7682923959;0.007364809473778390;0.13425101188582500;0.0005591457196175840;0.6704939900743360
10;329.2;1.7736383898;0.007305296460621050;0.13397196998548800;0.0005518063680685780;0.6625045410077570
10;330.4;1.778916751;0.007246557310219900;0.13369303883017300;0.0005446091096294620;0.6546672888506290
10;331.6;1.7842791512;0.007189181220543780;0.13341421203979600;0.0005375498262767830;0.6469778110888980
10;332.8;1.7895957974;0.007132615406418970;0.13313548325042900;0.0005306249603270130;0.6394323397245200
10;334;1.7950303464;0.007077492928286710;0.13285684611327300;0.0005238314721208140;0.6320277142181230
10;335.2;1.8002991672;0.007022663975864780;0.13257829429365400;0.0005171656068446070;0.6247598954788270
10;336.4;1.8056537125;0.006969097601183530;0.13229982147000500;0.0005106241368804260;0.6176254630433210
10;337.6;1.810929649;0.006916139303327620;0.13202142133286000;0.0005042043137735130;0.6106215607150150
10;338.8;1.8162811658;0.006864349838469930;0.13174308758385700;0.0004979023396942010;0.6037440465849310
10;340;1.8216758478;0.006813589052560600;0.13146481393473100;0.0004917160306521710;0.5969907183321740
10;341.2;1.8269253975;0.006763130043910110;0.13118659410632000;0.0004856421598689370;0.5903580959075050
10;342.4;1.8323184049;0.006714022777359440;0.13090842182757200;0.0004796776169231200;0.5838428243141550
10;343.6;1.8377222039;0.006665761277638410;0.13063029083454500;0.0004738204351474310;0.5774429264366730
10;344.8;1.8429914755;0.006617794880189320;0.13035219486942400;0.0004680673238564540;0.5711548004541820
10;346;1.8483948069;0.006571080383949090;0.13007412767952300;0.0004624161167700310;0.5649762009565510
10;347.2;1.8536745033;0.006524679444220130;0.12979608301629900;0.0004568643703653150;0.5589045328330860
10;348.4;1.8590781071;0.006479446660827470;0.12951805463436100;0.0004514093966263510;0.5529368891262520
10;349.6;1.8643690954;0.006434541609896930;0.12924003629047800;0.0004460492255626060;0.5470712295111690
10;350.8;1.8697283253;0.006390573764771830;0.12896202174259200;0.0004407813165415230;0.5413048032648010
10;352;1.8750768682;0.006347258520482010;0.12868400474882300;0.0004356038194770590;0.5356356954722280
10;353.2;1.8803805968;0.006304463452364710;0.12840597906647800;0.0004305143349533990;0.5300613058159290
10;354.4;1.8857651392;0.006262595850636070;0.12812793845105600;0.0004255108332510190;0.5245794771091850
10;355.6;1.8911739663;0.006221448297456090;0.12784987665524700;0.0004205913425352660;0.5191881132292520
10;356.8;1.8964465151;0.006180486114481190;0.12757178742793900;0.0004157542300835900;0.5138855270914510
10;358;1.9018123921;0.006140441607054970;0.12729366451321100;0.0004109970663375000;0.5086690373896550
10;359.2;1.9071685089;0.006100972181817070;0.12701550164932600;0.0004063186019597050;0.5035374121663900
320;298;1.6344834302;0.009288701955636970;0.14128216897350900;0.0008029007422196420;0.9343418637025980
320;300;1.6433992256;0.009128138774746060;0.14080906923239800;0.0007821135027317860;0.9119055412941570
320;302;1.6522862446;0.008973033889855900;0.14033673023853400;0.0007621235367316600;0.8903169443882100
320;304;1.6611349951;0.008823064763942340;0.13986511915073900;0.0007428890536239410;0.8695319064242530
320;306;1.6700782468;0.008678693051737070;0.13939420345773300;0.0007243729491623420;0.8495114268280740
320;308;1.6789344405;0.008538720321718080;0.13892395096196300;0.0007065390611240150;0.8302173205405950
320;310;1.6878060913;0.008403471725797800;0.13845432976377100;0.0006893546903799580;0.8116151931365090
320;312;1.6966944947;0.008272724684302820;0.13798530824586800;0.0006727872749838520;0.7936705535977360
320;314;1.7055281689;0.008145943389981290;0.13751685505811500;0.0006568079829460560;0.7763530590729840
320;316;1.7145267295;0.008023985520955480;0.13704893910257400;0.0006413890691218350;0.7596334246734300
320;318;1.7233575897;0.007905103330453810;0.13658152951882000;0.0006265043948869500;0.7434840498459490
320;320;1.732261971;0.007790255313743570;0.13611459566949500;0.0006121288061080290;0.7278782947114550
320;322;1.7411040149;0.007678659663778430;0.13564810712608500;0.0005982386116738020;0.7127910590520180
320;324;1.74995843;0.007570520053896580;0.13518203365490200;0.0005848129185207580;0.6982003908983750
320;326;1.75887989;0.007465912186641950;0.13471634520326100;0.0005718300659064340;0.6840832519432370
320;328;1.7677626002;0.007364252471426820;0.13425101188582500;0.0005592709937311510;0.6704195435598860
320;330;1.7766610253;0.007265635093165910;0.13378600397111600;0.0005471163444209730;0.6571886549049190
320;332;1.7854784216;0.007169560305275510;0.13332129186816200;0.0005353495345796810;0.6443731542252040
320;334;1.7944658433;0.007076911081283360;0.13285684611327300;0.0005239531808135870;0.6319545100012710
320;336;1.803264155;0.006986152875017660;0.13239263735693600;0.0005129116560854360;0.6199161686858730
320;338;1.812213767;0.006898518513604750;0.13192863635079500;0.0005022101459140560;0.6082424315512610
320;340;1.8210737431;0.006812979417321080;0.13146481393473100;0.0004918345974920670;0.5969184012960860
320;342;1.8299438804;0.006729827803242780;0.13100114102399100;0.0004817716710217780;0.5859299307220510
320;344;1.8388139871;0.006648932189887910;0.13053758859638600;0.0004720083602295930;0.5752631676127950
320;346;1.8477747667;0.006570526986770250;0.13007412767952300;0.0004625323289496630;0.5649049684403840
320;348;1.8566138961;0.006493779221593330;0.12961072933806000;0.0004533325226315820;0.5548436538309850
320;350;1.8654665682;0.006419099450443290;0.12914736466097400;0.0004443980887482650;0.5450676995427100
320;352;1.8743451714;0.006346446172234480;0.12868400474882300;0.0004357180960222280;0.5355653925985980
320;354;1.8832737241;0.006275826853007610;0.12822062070099500;0.0004272827705412320;0.5263263514852450
320;356;1.8921618442;0.006206876147797980;0.12775718360291500;0.0004190830811095640;0.5173410282248360
320;358;1.9011135679;0.006139869729948290;0.12729366451321100;0.0004111098520152690;0.5085996194039680
320;360;1.90995686;0.006074187578448330;0.12683003445081900;0.0004033543563055840;0.5000927985997950
320;362;1.9188771422;0.006010369720350500;0.12636626438199900;0.0003958085447081730;0.4918120056711240
320;364;1.9277827975;0.005948064490672150;0.12590232520727500;0.0003884644840839970;0.4837487555389230
320;366;1.9366978763;0.005887299371825510;0.12543818774824700;0.0003813151100939300;0.4758955780390310
320;368;1.9455997555;0.005827948365328720;0.12497382273429800;0.0003743529386618480;0.4682444171404540
320;370;1.95448907;0.005769971806951210;0.12450920078914400;0.0003675715506837430;0.4607884853487850
320;372;1.9635087557;0.005713738421367720;0.12404429241723700;0.0003609643386996120;0.4535207028982320
320;374;1.9723992515;0.005658440853249880;0.12357906798999100;0.0003545250011643960;0.4464343165950200
320;376;1.9812554435;0.005604318872731250;0.12311349773181100;0.0003482475220977510;0.4395228775343640
320;378;1.9902216695;0.005551746540744130;0.12264755170592200;0.0003421267747942370;0.4327810079535700
320;380;1.9991675503;0.005500304553650400;0.12218119979996200;0.0003361568216391330;0.4262022576016520
320;382;2.0081178233;0.005450026539527610;0.12171441171133200;0.0003303325962146580;0.4197812287798120
320;384;2.0170612154;0.005400850608941260;0.12124715693227700;0.0003246494337176610;0.4135129900954110
320;386;2.0260714851;0.005352932981734530;0.12077940473467900;0.0003191022942041430;0.4073920899751170
320;388;2.0350646692;0.005306013199397390;0.12031112415454600;0.0003136865488718700;0.4014135565542230
320;390;2.0440291465;0.005260036086482030;0.11984228397616400;0.0003083981162726140;0.3955730777700650
320;392;2.0529408479;0.005214908445678320;0.11937285271589800;0.0003032325546363370;0.3898658419239540
320;394;2.0619728473;0.005171041785907680;0.11890279860561800;0.0002981859537316850;0.3842876809458650
320;396;2.0709167191;0.005127879073470550;0.11843208957572400;0.0002932543970331470;0.3788343830552450
320;398;2.0799836431;0.005085919495338430;0.11796069323773200;0.0002884342823562140;0.3735021072422830
320;400;2.0889887414;0.005044678185022760;0.11748857686642000;0.0002837219985788760;0.3682869679055400
320;402;2.0980323296;0.005004373999340480;0.11701570738148000;0.0002791140800251680;0.3631852350132030
320;404;2.1070654965;0.004964865984613580;0.11654205132866000;0.0002746073472256160;0.3581935194156180
320;406;2.116139395;0.004926247491647180;0.11606757486036200;0.0002701984570914140;0.3533081886577230
320;408;2.1251922156;0.004888352520634470;0.11559224371566000;0.0002658844841339600;0.3485261256818380
320;410;2.1342880242;0.004851308760746560;0.11511602319971200;0.0002616626085707310;0.3438443251873910
320;412;2.1433265692;0.004814863752426510;0.11463887816251700;0.0002575298542979840;0.3392595496896450
320;414;2.1525121527;0.004779455229597600;0.11416077297699100;0.0002534834949631000;0.3347688627394440
320;416;2.1616171094;0.004744557260888300;0.11368167151631400;0.0002495211560311860;0.3303697676937620
320;418;2.1707442718;0.004710375552933400;0.11320153713051300;0.0002456400599492670;0.3260592112016040
320;420;2.1799591451;0.004677033216519090;0.11272033262222400;0.0002418378991353630;0.3218347377162980
320;422;2.1890960383;0.004644152757050300;0.11223802022160100;0.0002381122170748760;0.3176936712732200
320;424;2.198349243;0.004612135157742990;0.11175456156031300;0.0002344609911545300;0.3136338921514010
320;426;2.2075005994;0.004580501324267280;0.11126991764456800;0.0002308819328353460;0.3096529053967080
320;428;2.2167323496;0.004549614752066910;0.11078404882713600;0.0002273728458607360;0.3057483174728740
320;430;2.225981234;0.004519331064263730;0.11029691477827300;0.0002239319297178570;0.3019182466059550
320;432;2.2353008865;0.004489736407563200;0.10980847445551500;0.0002205569319976000;0.2981601835823440
320;434;2.2446669699;0.004460770470021630;0.10931868607226100;0.0002172462878405760;0.2944725277417820
320;436;2.2540024325;0.004432261758929510;0.10882750706506900;0.0002139979934896720;0.2908530680905730
320;438;2.2633742272;0.004404328052574450;0.10833489405960700;0.0002108102174338660;0.2872998078301050
320;440;2.272784071;0.004376962454794660;0.10784080283515200;0.0002076814736288360;0.2838112038751440
640;305;1.6651940578;0.008749854819359180;0.13962957639940000;0.0007336913774328300;0.8593417465381010
640;308;1.6784978202;0.008538252602914420;0.13892395096196300;0.0007066841384099820;0.8301327006839980
640;311;1.6917281989;0.008336715902701870;0.13821974601025200;0.0006811370498882040;0.8024786397160330
640;314;1.7050637438;0.008145450886088340;0.13751685505811500;0.0006569471628023200;0.7762711651517700
640;317;1.7184055879;0.007963300733275900;0.13681517293411900;0.0006340181704425640;0.7514085200173720
640;320;1.7317677719;0.007789735723303180;0.13611459566949500;0.0006122626518243100;0.7277983481405590
640;323;1.7450901675;0.007623949192984410;0.13541502038883900;0.0005916010843589080;0.7053566519572820
640;326;1.758353616;0.007465375122962530;0.13471634520326100;0.0005719600670590920;0.6840057881871850
640;329;1.7717111436;0.007314205177721210;0.13401846910570300;0.0005532722329920120;0.6636744540217320
640;332;1.7849176949;0.007168997427651490;0.13332129186816200;0.0005354756699320060;0.6442970819361860
640;335;1.7982688426;0.007030563644507660;0.13262471394052700;0.0005185134002821010;0.6258132954852250
640;338;1.8116161891;0.006897934836831050;0.13192863635079500;0.0005023332989200860;0.6081678857534810
640;341;1.8248625601;0.006770415148721580;0.13123296060639900;0.0004868868724227430;0.5913094051027570
640;344;1.8381765289;0.006648320900272290;0.13053758859638600;0.0004721286366725220;0.5751894639718180
640;347;1.8515172736;0.006531209577784380;0.12984242249422600;0.0004580179107733610;0.5597649678049880
640;350;1.8647860925;0.006418465212215980;0.12914736466097400;0.0004445163285320910;0.5449951466211340
640;353;1.8781098352;0.006310272756254470;0.12845231754855200;0.0004315877297124590;0.5308414551692460
640;356;1.8914348926;0.006206214738327680;0.12775718360291500;0.0004191994759653100;0.5172692293589580
640;359;1.9047639914;0.006106082680569550;0.12706186516682300;0.0004073209372667370;0.5042458724474080
640;362;1.9180998884;0.006009678107503460;0.12636626438199900;0.0003959233703997760;0.4917407350716610
640;365;1.9313985758;0.005916672455284160;0.12567028309039400;0.0003849800407364660;0.4797252963280800
640;368;1.94476796;0.005827224511698890;0.12497382273429800;0.0003744665369473370;0.4681735898988460
640;371;1.9581054022;0.005740847468347460;0.12427678425504100;0.0003643593758926010;0.4570604941769160
640;374;1.9715082424;0.005657676769558440;0.12357906798999100;0.0003546373315218230;0.4463634167844610
640;377;1.9848125778;0.005577089166273660;0.12288057356756700;0.0003452799137114860;0.4360604140517940
640;380;1.9982120816;0.005499500510060400;0.12218119979996200;0.0003362683955279500;0.4261315017933880
640;383;2.0115899099;0.005424450140250320;0.12148084457327000;0.0003275850515818130;0.4165577184348590
640;386;2.0250457895;0.005352083958049990;0.12077940473467900;0.0003192132829330280;0.4073213002073810
640;389;2.0384000499;0.005281807526556790;0.12007677597639200;0.0003111373643978730;0.3984053766495950
640;392;2.0518383861;0.005214007602488120;0.11937285271589800;0.0003033430731247830;0.3897947922800870
640;395;2.0653154042;0.005148452350002440;0.11866752797222200;0.0002958163736206020;0.3814744395889590
640;398;2.0787971971;0.005084962220686310;0.11796069323773200;0.0002885445821629060;0.3734307653040100
640;401;2.092299171;0.005023482491607560;0.11725223834505500;0.0002815154613548840;0.3656506207906350
640;404;2.1057868646;0.004963843639911920;0.11654205132866000;0.0002747175082158330;0.3581216435267810
640;407;2.1192630449;0.004905976026595680;0.11583001828057300;0.0002681400471775560;0.3508323917688170
640;410;2.1329080105;0.004850215065068110;0.11511602319971200;0.0002617728787149510;0.3437718987973950
640;413;2.1465235847;0.004796026378025050;0.11439994783423900;0.0002556064006748330;0.3369298404401330
640;416;2.160125331;0.004743383117746790;0.11368167151631400;0.0002496316828161290;0.3302966445559650
640;419;2.1738062739;0.004692419907188810;0.11296107098857700;0.0002438399339456040;0.3238627964123660
640;422;2.1874806212;0.004642889028891900;0.11223802022160100;0.0002382232179113900;0.3176197932921460
640;425;2.2012424308;0.004594929601644340;0.11151239022154900;0.0002327738079200620;0.3115592987470640
640;428;2.2149796574;0.004548248085936150;0.11078404882713600;0.0002274844088688490;0.3056734435976260
640;431;2.2288524611;0.004503119409452650;0.11005286049497600;0.0002223481279287550;0.2999547944720650
640;434;2.2427616757;0.004459287107738530;0.10931868607226100;0.0002173585418041370;0.2943964526467530
640;437;2.2566462172;0.004416581156044390;0.10858138255565300;0.0002125093798182740;0.2889916329567510
640;440;2.2707083148;0.004375349232434200;0.10784080283515200;0.0002077947091785740;0.2837339182527990
640;443;2.2847294334;0.004335119328193910;0.10709679542156600;0.0002032089143786250;0.2786172379054670
640;446;2.2987939144;0.004296015730064900;0.10634920415610700;0.0001987467650163280;0.2736359676130190
640;449;2.3130675707;0.004258301696157610;0.10559786790045100;0.0001944031318794940;0.2687845455345050
640;452;2.3273841979;0.004221622797444350;0.10484262020545500;0.0001901731549064300;0.2640577061960360
640;455;2.3417368107;0.004185929961100230;0.10408328895651500;0.0001860522308478260;0.2594504690256630
640;458;2.3561591194;0.004151250431690550;0.10331969599333700;0.0001820360641428830;0.2549582152387080
640;461;2.3706991723;0.004117630007259180;0.10255165670166200;0.0001781203553243920;0.2505762569625020
640;464;2.3854195636;0.004085138842124520;0.10177897957418900;0.0001743011037213230;0.2463002630137760
640;467;2.4001262298;0.004053408489363740;0.10100146573764800;0.0001705744446145060;0.2421260353679820
640;470;2.4151406428;0.004022951206522380;0.10021890844260100;0.0001669367702592760;0.2380496844552180
640;473;2.4301062997;0.003993136376987880;0.09943109251216610;0.0001633845863274200;0.2340674303798910
640;476;2.4453200865;0.003964422477602490;0.09863779374538780;0.0001599143968224950;0.2301754396979460
640;479;2.4606304538;0.003936532544844510;0.09783877827045460;0.0001565231114720850;0.2263704132306530
640;482;2.4761325243;0.003909586958836730;0.09703380184236700;0.0001532075050613860;0.2226488131881250
640;485;2.4917033056;0.003883362186186940;0.09622260907897030;0.0001499645807415160;0.2190073880584200
640;488;2.507688372;0.003858368683549600;0.09540493262847240;0.0001467915265811530;0.2154431160992430
640;491;2.5237335872;0.003834026372071740;0.09458049226065500;0.0001436855710321910;0.2119529982722370
640;494;2.5400090552;0.003810567356412430;0.09374899387292840;0.0001406439299955050;0.2085339808614400
640;497;2.5565909189;0.003788077586852850;0.09291012840115670;0.0001376640949414700;0.2051833841124870
640;500;2.573433198;0.003766455920728060;0.09206357062375350;0.0001347434939966800;0.2018984050769180
640;503;2.5905614212;0.003745711651324730;0.09120897784588550;0.0001318797262365020;0.1986764683409190
640;506;2.6080456477;0.003725915548210040;0.09034598844867680;0.0001290704107795300;0.1955150049060910
640;509;2.6258345665;0.003706962437550480;0.08947422028602130;0.0001263132026533840;0.1924114781170730
640;512;2.6440194084;0.003688950717277270;0.08859326890891740;0.0001236058259811440;0.1893634372797250
640;515;2.6626960776;0.003671981634831280;0.08770270559405740;0.0001209461068318750;0.1863685729810600
640;518;2.6818547971;0.003656005621953600;0.08680207514962280;0.0001183318631169770;0.1834245532653980
960;295;1.6204136061;0.009540235812989530;0.14199331768303100;0.0008359901011848880;0.9694964565691250
960;298.5;1.6358730168;0.009246885566629860;0.14116382090930800;0.0007979382780246650;0.9284695628319120
960;302;1.6514686493;0.008972150146050160;0.14033673023853400;0.0007624257446597430;0.8901398667426320
960;305.5;1.6669563391;0.008713207114565640;0.13951186895373800;0.0007292307426731570;0.8542740652865210
960;309;1.682513296;0.008469702129506840;0.13868906343318900;0.0006981549915299190;0.8206633946430280
960;312.5;1.6980539167;0.008239977533835960;0.13786814288693800;0.0006690190392764760;0.7891185498114850
960;316;1.7135832353;0.008023002686920860;0.13704893910257400;0.0006416636111001350;0.7594716006780030
960;319.5;1.7290746376;0.007817694364668960;0.13623128619921900;0.0006159448153597490;0.7315706547710050
960;323;1.7445855425;0.007623436969280010;0.13541502038883900;0.0005917324473258810;0.7052781025628270
960;326.5;1.7599927166;0.007438910771170860;0.13459997974398200;0.0005689098765330760;0.6804707217473670
960;330;1.7755691834;0.007264544640910520;0.13378600397111600;0.0005473706162862310;0.6570358030009470
960;333.5;1.7910183651;0.007098436669451130;0.13297293418874400;0.0005270185780789810;0.6348716335025230
960;337;1.8065289836;0.006940752924945130;0.13216061270951500;0.0005077660904165420;0.6138852894803820
960;340.5;1.8220295156;0.006790655442062250;0.13134888282557200;0.0004895337854477010;0.5939926485874990
960;344;1.8375466514;0.006647736763005170;0.13053758859638600;0.0004722489771868140;0.5751165668070370
960;347.5;1.8530739837;0.006511504217497430;0.12972657463835000;0.0004558453387803290;0.5571866041964400
960;351;1.8685934155;0.006381466710786910;0.12891568591539300;0.0004402622589500750;0.5401383519432540
960;354.5;1.8841205458;0.006257291041785990;0.12810476752990100;0.0004254445481435130;0.5239131759923100
960;358;1.8996367519;0.006138550046238010;0.12729366451321100;0.0004113410257985590;0.5084565727809860
960;361.5;1.9151576433;0.006024963882475830;0.12648222161493800;0.0003979050077976110;0.4937188461708360
960;365;1.9306055909;0.005915991119147560;0.12567028309039400;0.0003850938183329410;0.4796545854409680
960;368.5;1.9461835927;0.005811964584109590;0.12485769248533600;0.0003728674362986300;0.4662210498693040
960;372;1.961779856;0.005712264339273430;0.12404429241723700;0.0003611892465389500;0.4533791584173940
960;375.5;1.9772674353;0.005616288701744520;0.12322992435228400;0.0003500259092383280;0.4410933918651900
960;379;1.9928286856;0.005524338872314740;0.12241442837723100;0.0003393461716588730;0.4293303552156840
960;382.5;2.0084086952;0.005436037694271070;0.12159764296522900;0.0003291209464847080;0.4180589152163820
960;386;2.0240363546;0.005351266371688140;0.12077940473467900;0.0003193236946953500;0.4072507299554160
960;389.5;2.0395819042;0.005269497116194800;0.11995954820012300;0.0003099294477931500;0.3968790494567000
960;393;2.0552577323;0.005191110137041510;0.11913790551409200;0.0003009150528011510;0.3869190595837370
960;396.5;2.0708843934;0.005115484284038680;0.11831430619879500;0.0002922591796294550;0.3773479279757210
960;400;2.0865776863;0.005042760031531790;0.11748857686642000;0.0002839418361750500;0.3681442133182670
960;403.5;2.1022302577;0.004972538464600870;0.11666054092673600;0.0002759445712133320;0.3592881556298970
960;407;2.1179595588;0.004904962245208700;0.11583001828057300;0.0002682496293008110;0.3507606039482140
960;410.5;2.1338222972;0.004840035311067210;0.11499682499763900;0.0002608411648769770;0.3425446209008050
960;414;2.1496340575;0.004777211702298960;0.11416077297699100;0.0002537037309656350;0.3346235346113210
960;417.5;2.1654374412;0.004716491318192030;0.11332166958833700;0.0002468234180394770;0.3269824506689000
960;421;2.1813534577;0.004658029121813560;0.11247931729213700;0.0002401866298690110;0.3196066600611030
960;424.5;2.1973243917;0.004601603949946120;0.11163351323631500;0.0002337812374829120;0.3124831834171650
960;428;2.2132655281;0.004546942278055880;0.11078404882713600;0.0002275952292911990;0.3055989953735030
960;431.5;2.2293522453;0.004494323225411910;0.10993070927156700;0.0002216177999280840;0.2989424901709990
960;435;2.24551391;0.004443511969144840;0.10907327308813900;0.0002158385179971590;0.2925023845923110
960;438.5;2.2617052409;0.004394341714240610;0.10821151158301500;0.0002102477151764390;0.2862682534347260
960;442;2.2779599738;0.004346808121676870;0.10734518828758400;0.0002048363191804580;0.2802303195153980
960;445.5;2.294352696;0.004300978191373310;0.10647405835348100;0.0001995955563995700;0.2743790587917530
960;449;2.3107593606;0.004256550358003020;0.10559786790045100;0.0001945172872922380;0.2687056682438060
960;452.5;2.3273492712;0.004213773301288550;0.10471635331191300;0.0001895937920694910;0.2632017845927970
960;456;2.3439451593;0.004172264148440890;0.10382924047247000;0.0001848178980937480;0.2578596716638450
960;459.5;2.3607321915;0.004132295267633090;0.10293624394084300;0.0001801826379295900;0.2526717555052850
960;463;2.3776686338;0.004093731227123200;0.10203706605090200;0.0001756814712032390;0.2476309401858160
960;466.5;2.394712965;0.004056446338138190;0.10113139593248800;0.0001713082472491630;0.2427305662910430
960;470;2.4119330632;0.004020500113776620;0.10021890844260100;0.0001670569299578320;0.2379640296756490
960;473.5;2.4292210657;0.003985666918495720;0.09929926299621870;0.0001629220959552850;0.2333254957074760
960;477;2.4467841382;0.003952237688958570;0.09837210228452020;0.0001588983368501510;0.2288090589087300
960;480.5;2.4644348678;0.003919857783999670;0.09743705086650960;0.0001549805139035070;0.2244091095030150
960;484;2.4824258985;0.003888887517282200;0.09649371361797200;0.0001511639072956040;0.2201205589022560
960;487.5;2.500641859;0.003859089806883580;0.09554167401927390;0.0001474437049085210;0.2159381060071560
960;491;2.5190788279;0.003830419078445770;0.09458049226065500;0.0001438156352971330;0.2118571638873300
960;494.5;2.5377631081;0.003802869273090630;0.09360970314028360;0.0001402752930692280;0.2078728818021810
960;498;2.5568211369;0.003776586986673270;0.09262881372632960;0.0001368186328948610;0.2039808748738890
960;501.5;2.5762446821;0.003751512787819000;0.09163730074952780;0.0001334417138190640;0.2001768561610320
960;505;2.5960155183;0.003727574790886540;0.09063460768697780;0.0001301407007855180;0.1964566439614590
960;508.5;2.6162313051;0.003704869444723140;0.08962014149104510;0.0001269119145542710;0.1928162434474060
960;512;2.6368286773;0.003683262013615440;0.08859326890891740;0.0001237517722865580;0.1892517649567960
960;515.5;2.6580431372;0.003663034157193460;0.08755331232829090;0.0001206567226621550;0.1857593314547040
960;519;2.6798401499;0.003644086547725300;0.08649954507236250;0.0001176233696621640;0.1823352755573940
960;522.5;2.7022366203;0.003626392687282490;0.08543118605223870;0.0001146483716640140;0.1789759950760150
960;526;2.7254143769;0.003610141612246180;0.08434739366628960;0.0001117283442635980;0.1756778096870310
960;529.5;2.7494444282;0.003595369433661650;0.08324725881293760;0.0001088600470362540;0.1724372625485610
960;533;2.7744850513;0.003582217487765910;0.08212979685462200;0.0001060401440700990;0.1692507570004190
960;536.5;2.800536297;0.003570617006757530;0.08099393833456240;0.0001032653402758490;0.1661147833638490
960;540;2.8278760722;0.003560846526718320;0.07983851820225430;0.0001005322379713030;0.1630257055360770
960;543.5;2.8566929337;0.003553057680762670;0.07866226324538470;0.0000978374522894190;0.1599799638183520
1280;300;1.6422028403;0.009126865626356940;0.14080906923239800;0.0007825741268642550;0.9116369227480740
1280;303.7;1.6585904433;0.008844044788652330;0.13993581569162000;0.0007461749381993950;0.8723386417978050
1280;307.4;1.6749447734;0.008578632927256870;0.13906495897861100;0.0007122546695734970;0.8356762140345560
1280;311.1;1.6912819602;0.008329261604695890;0.13819629572895200;0.0006805920757099270;0.8014166836672370
1280;314.8;1.707754077;0.008095330274700360;0.13732962594138100;0.0006509887421474640;0.7693508227371780
1280;318.5;1.7241188186;0.007874473572650630;0.13646475264846000;0.0006232680002865360;0.7392922591287620
1280;322.2;1.7405492866;0.007666446921505870;0.13560148159795900;0.0005972721192850440;0.7110745367976950
1280;325.9;1.7569246676;0.007469722994616110;0.13473962094362900;0.0005728575979320740;0.6845458430168350
1280;329.6;1.7732817574;0.007283614086581570;0.13387898094412300;0.0005498972892812370;0.6595718153656580
1280;333.3;1.7896148745;0.007107316274206750;0.13301937366883600;0.0005282760960019020;0.6360306735707150
1280;337;1.8059510203;0.006940210567974600;0.13216061270951500;0.0005078889021307950;0.6138109457510430
1280;340.7;1.8223290956;0.006781800969104150;0.13130251289650900;0.0004886425351813810;0.5928140338106180
1280;344.4;1.8386995229;0.006631281982343240;0.13044489001853800;0.0004704503580470500;0.5729478638243060
1280;348.1;1.8550786503;0.006488180042930980;0.12958756054492900;0.0004532354593074580;0.5541309028500580
1280;351.8;1.8714604568;0.006351966442694010;0.12873034134921600;0.0004369265754016290;0.5362873502146450
1280;355.5;1.8878385938;0.006222174809778860;0.12787304943304800;0.0004214600070353420;0.5193496030900650
1280;359.2;1.9042179699;0.006098393508665850;0.12701550164932600;0.0004067761795164680;0.5032541555242330
1280;362.9;1.9205569168;0.005980116031280230;0.12615751442348200;0.0003928217736535070;0.4879443195957780
1280;366.6;1.9368946503;0.005867113891645840;0.12529890347178600;0.0003795471979080180;0.4733672030429630
1280;370.3;1.9533425241;0.005759390549658100;0.12443948351554100;0.0003669072763787610;0.4594746412776510
1280;374;1.9697289999;0.005656132096194520;0.12357906798999100;0.0003548607615121640;0.4462226752631970
1280;377.7;1.9861175692;0.005557254574710060;0.12271746874671100;0.0003433695090217120;0.4335705907974500
1280;381.4;2.002537269;0.005462572613512140;0.12185449574818800;0.0003323978243053630;0.4214801519276540
1280;385.1;2.0189448928;0.005371734074857700;0.12098995675325100;0.0003219136271287410;0.4099171308533640
1280;388.8;2.0354675481;0.005284851847820810;0.12012365699188900;0.0003118869329136630;0.3988494459823390
1280;392.5;2.0519151085;0.005201216788245870;0.11925539882795100;0.0003022898851408810;0.3882472448997400
1280;396.2;2.0684027168;0.005120940454842670;0.11838498140805600;0.0002930969078707300;0.3780831448971300
1280;399.9;2.0849611165;0.005043914101857940;0.11751220029497000;0.0002842841717835830;0.3683315909351580
1280;403.6;2.10154646;0.004969859437412120;0.11663684708351500;0.0002758296075047570;0.3589689093375620
1280;407.3;2.1181012439;0.004898488525484670;0.11575870899694600;0.0002677127495156580;0.3499731419065730
1280;411;2.1346683864;0.004829758540191100;0.11487756846152000;0.0002599143365286970;0.3413235561983100
1280;414.7;2.1513941749;0.004763864670204910;0.11399320265679000;0.0002524168732598130;0.3330014110916380
1280;418.4;2.1681198812;0.004700311237955830;0.11310538303888300;0.0002452034629509240;0.3249884520849140
1280;422.1;2.1848642684;0.004639028040804310;0.11221387483378300;0.0002382588792638150;0.3172683468130380
1280;425.8;2.2016337352;0.004579915081532940;0.11131843649728800;0.0002315684838973720;0.3098252792321140
1280;429.5;2.2184742041;0.004522964446004270;0.11041881913797400;0.0002251188642251690;0.3026448163249060
1280;433.2;2.2353934351;0.004468087936021260;0.10951476589909100;0.0002188973075775630;0.2957132285927040
1280;436.9;2.2523469188;0.004415101364986610;0.10860601129481900;0.0002128919593622760;0.2890177193713150
1280;440.6;2.2693955263;0.004364037019625480;0.10769228049581700;0.0002070917534498990;0.2825463505219510
1280;444.3;2.2865750392;0.004314871884357640;0.10677328855835200;0.0002014860885358710;0.2762876179162020
1280;448;2.303868878;0.004267489815661160;0.10584873959059900;0.0001960651591417990;0.2702309165174530
1280;451.7;2.3211132296;0.004221515653589460;0.10491832584890300;0.0001908197968399880;0.2643663415319310
1280;455.4;2.3386400936;0.004177483766617710;0.10398172675582600;0.0001857412676436440;0.2586844226950620
1280;459.1;2.3561525455;0.004134783272806200;0.10303860783076400;0.0001808211921269690;0.2531760222617430
1280;462.8;2.373905659;0.004093803224837640;0.10208861952260500;0.0001760519497610330;0.2478329115447370
1280;466.5;2.3917782331;0.004054263176537070;0.10113139593248800;0.0001714261334268830;0.2426470221903930
1280;470.2;2.4096483958;0.004015900215910560;0.10016655341299200;0.0001669367548321540;0.2376107418483050
1280;473.9;2.4279549833;0.003979389246581850;0.09919368902809160;0.0001625772727083370;0.2327169663145170
1280;477.6;2.4462239688;0.003943885517910030;0.09821237885588180;0.0001583413389760850;0.2279587478198820
1280;481.3;2.4648993126;0.003910057943153900;0.09722217611331900;0.0001542230711063280;0.2233296934196700
1280;485;2.4835625029;0.003877183258060840;0.09622260907897030;0.0001502167505500270;0.2188235417533860
1280;488.7;2.502663886;0.003845919537346650;0.09521317878590200;0.0001463169810973900;0.2144343991021400
1280;492.4;2.5220230509;0.003815928736108460;0.09419335645225030;0.0001425185767065660;0.2101565855302180
1280;496.1;2.5415163328;0.003786979283958940;0.09316258061152280;0.0001388166419654270;0.2059847616518320
1280;499.8;2.5614950767;0.003759546412936190;0.09212025389809330;0.0001352063383815740;0.2019135915904650
1280;503.5;2.581787824;0.003733324687128030;0.09106573943540810;0.0001316831577020370;0.1979381555967010
1280;507.2;2.6025610463;0.003708505851119980;0.08999835676479990;0.0001282426912234210;0.1940536169443690
1280;510.9;2.6236666154;0.003684825838066580;0.08891737724109460;0.0001248805954162740;0.1902551753843570
1280;514.6;2.6453670354;0.003662607599456240;0.08782201880686240;0.0001215928032567480;0.1865383963719950
1280;518.3;2.667584191;0.003641687137164140;0.08671144003953390;0.0001183752463744510;0.1828987994291550
1280;522;2.6904446962;0.003622185156717060;0.08558473334377890;0.0001152239818174840;0.1793320598299300
1280;525.7;2.7141005139;0.003604246369633910;0.08444091713437750;0.0001121350766015680;0.1758338407290720
1280;529.4;2.73846665;0.003587695604501910;0.08327892682075630;0.0001091046479237710;0.1723998653838460
1280;533.1;2.7638378014;0.003572858410697370;0.08209760436139040;0.0001061289183067840;0.1690260185075000
1280;536.8;2.7902095088;0.003559653889652900;0.08089568610163900;0.0001032039503770970;0.1657079407665760
1280;540.5;2.8178410573;0.003548337623028480;0.07967178853857680;0.0001003258874510370;0.1624414252953840
1280;544.2;2.846900672;0.003539029898466110;0.07842439156593490;0.0000974906744196630;0.1592219892623800
1280;547.9;2.8775734434;0.003531861417711570;0.07715181863434070;0.0000946942056911419;0.1560451314705790
1280;551.6;2.9102271106;0.003527166463815150;0.07585221310682120;0.0000919321317917092;0.1529060419525510
1280;555.3;2.9451825035;0.003525195059675120;0.07452350988307600;0.0000891998742212051;0.1497996524548830
1280;559;2.9830168542;0.003526470059036770;0.07316340108834670;0.0000864924859519517;0.1467204373760940
1280;562.7;3.0241532612;0.003531285914820730;0.07176929424469060;0.0000838045813123005;0.1436623337081010
1600;296;1.6241018739;0.009453891752298100;0.14175606264947400;0.0008251615819310110;0.9573004015715820
1600;300;1.6418111593;0.009126476373601610;0.14080906923239800;0.0007827274386739880;0.9115484797068730
1600;304;1.6594814388;0.008821332548944980;0.13986511915073900;0.0007434832949675930;0.8691844508881630
1600;308;1.6772124612;0.008536928162737880;0.13892395096196300;0.0007071160135526690;0.8298789468475950
1600;312;1.6949008986;0.008270872666016740;0.13798530824586800;0.0006733484625811780;0.7933400650607490
1600;316;1.712658248;0.008022074666742170;0.13704893910257400;0.0006419359050694990;0.7593098049194870
1600;320;1.7303149744;0.007788285281394140;0.13611459566949500;0.0006126626179100260;0.7275606968377690
1600;324;1.747929087;0.007568497159128480;0.13518203365490200;0.0005853354379643960;0.6978886916393160
1600;328;1.7656470362;0.007362171952248830;0.13425101188582500;0.0005597829090559570;0.6701125875256710
1600;332;1.7832723573;0.007167422680436310;0.13332129186816200;0.0005358519954688590;0.6440705216820630
1600;336;1.8009633582;0.006983960722550950;0.13239263735693600;0.0005134057697790720;0.6196175553607820
1600;340;1.8186733833;0.006810734081630020;0.13146481393473100;0.0004923214344152800;0.5966236068470950
1600;344;1.8363089341;0.006646620450285150;0.13053758859638600;0.0004724879293421350;0.5749708321065350
1600;348;1.8539988615;0.006491409553054710;0.12961072933806000;0.0004538062800753930;0.5545542908524840
1600;352;1.8716143437;0.006344007805513600;0.12868400474882300;0.0004361861904580070;0.5352780233694000
1600;356;1.8893092502;0.006204369868858590;0.12775718360291500;0.0004195463608730130;0.5170556207210810
1600;360;1.9069759666;0.006071601705100430;0.12683003445081900;0.0004038128780445800;0.4998084245097650
1600;364;1.9246667081;0.005945405249084770;0.12590232520727500;0.0003889194643542590;0.4834659932464170
1600;368;1.9423410305;0.005825202973566510;0.12497382273429800;0.0003748043584496340;0.4679623765757530
1600;372;1.9600996063;0.005710900674579370;0.12404429241723700;0.0003614125685020250;0.4532390301624810
1600;376;1.9776870677;0.005601388657132900;0.12311349773181100;0.0003486934616607270;0.4392419346113600
1600;380;1.9954311098;0.005497268754806550;0.12218119979996200;0.0003366003911631560;0.4259212166617760
1600;384;2.0131468683;0.005397706348296160;0.12124715693227700;0.0003250913080349530;0.4132320125716560
1600;388;2.0309620924;0.005302750717100200;0.12031112415454600;0.0003141269363307220;0.4011322449944740
1600;392;2.0486384258;0.005211514923537820;0.11937285271589800;0.0003036716462754120;0.3895838003910640
1600;396;2.0664024208;0.005124348692739400;0.11843208957572400;0.0002936927083001500;0.3785516533004290
1600;400;2.0842495779;0.005040998627600110;0.11748857686642000;0.0002841597095735140;0.3680031772552790
1600;404;2.1020872095;0.004961026455698450;0.11654205132866000;0.0002750448207936970;0.3579085431473080
1600;408;2.119959479;0.004884339763427610;0.11559224371566000;0.0002663219735687970;0.3482397053295870
1600;412;2.137822652;0.004810664174785170;0.11463887816251700;0.0002579676773984010;0.3389715131945900
1600;416;2.1558242489;0.004740156561923420;0.11368167151631400;0.0002499595787967470;0.3300798747683170
1600;420;2.1738577269;0.004672414334944360;0.11272033262222400;0.0002422771699658050;0.3215427188400810
1600;424;2.1919178802;0.004607281794202080;0.11175456156031300;0.0002349014812761220;0.3133396311461580
1600;428;2.2099475153;0.004544506602750630;0.11078404882713600;0.0002278148407990420;0.3054515699829960
1600;432;2.2281374763;0.004484354374159950;0.10980847445551500;0.0002210007766488760;0.2978607660308770
1600;436;2.2464327654;0.004426579696898450;0.10882750706506900;0.0002144438242973150;0.2905504907722650
1600;440;2.2647775589;0.004370957631228810;0.10784080283515200;0.0002081297468946950;0.2835053805647760
1600;444;2.2831153724;0.004317276540504870;0.10684800439074600;0.0002020451477519100;0.2767109392153480
1600;448;2.3017099032;0.004265933787029380;0.10584873959059900;0.0001961775086901770;0.2701536112699010
1600;452;2.3203337077;0.004216400526602100;0.10484262020545500;0.0001905150442742320;0.2638206031937640
1600;456;2.3390255277;0.004168665742040420;0.10382924047247000;0.0001850468892518990;0.2577001630007930
1600;460;2.3579068342;0.004122856939330750;0.10280817550995500;0.0001797625731762380;0.2517808715495040
1600;464;2.3769525518;0.004078845628381620;0.10177897957418900;0.0001746525169751000;0.2460523494294660
1600;468;2.3960700828;0.004036391622314810;0.10074118413733300;0.0001697074199060600;0.2405044166568060
1600;472;2.415454067;0.003995753833735330;0.09969429576214430;0.0001649188324211340;0.2351279135670120
1600;476;2.4350287442;0.003956727338753120;0.09863779374538780;0.0001602785412995380;0.2299138482793140
1600;480;2.4547327752;0.003919145921860830;0.09757112749717220;0.0001557788653346370;0.2248538275357310
1600;484;2.4746993626;0.003883157824530650;0.09649371361797200;0.0001514124603244640;0.2199397913784650
1600;488;2.4949962911;0.003848801272490900;0.09540493262847240;0.0001471724136063300;0.2151641615654150
1600;492;2.515486562;0.003815802711390850;0.09430412529942010;0.0001430522199733140;0.2105198218152800
1600;496;2.536326997;0.003784340394941370;0.09319058851902730;0.0001390455209374830;0.2059997474485120
1600;500;2.5574984131;0.003754324063574310;0.09206357062375350;0.0001351463120369880;0.2015973188650790
1600;504;2.5790974616;0.003725837183329970;0.09092226610395860;0.0001313488787766010;0.1973062411001160
1600;508;2.6011567819;0.003698864721272740;0.08976580957829440;0.0001276476637376280;0.1931203569198170
1600;512;2.6235616595;0.003673186463450840;0.08859326890891740;0.0001240373348681590;0.1890337595138480
1600;516;2.6466941915;0.003649280013888430;0.08740363730249150;0.0001205127316079950;0.1850407238097970
1600;520;2.6703589099;0.003626806897774530;0.08619582420800540;0.0001170687612957860;0.1811355592851160
1600;524;2.6946370605;0.003605820770075530;0.08496864477963460;0.0001137005456657820;0.1773128476161750
1600;528;2.7198197947;0.003586645311414090;0.08372080761852460;0.0001104032122617080;0.1735671355397160
1600;532;2.7458933769;0.003569187613038070;0.08245090043781070;0.0001071719444759600;0.1698930252545910
1600;536;2.7729772629;0.003553527126011490;0.08115737320541280;0.0001040019083545980;0.1662850752650090
1600;540;2.8012873719;0.003539857842861360;0.07983851820225430;0.0001008882586119600;0.1627378275402300
1600;544;2.8309897393;0.003528294194096940;0.07849244627989650;0.0000978260142183817;0.1592456283847310
1600;548;2.8622667402;0.003518958315154780;0.07711705839751470;0.0000948100713583223;0.1558026707515690
1600;552;2.8954971491;0.003512192842629340;0.07571001124412390;0.0000918350617917472;0.1524027894324480
1600;556;2.9310251952;0.003508266245219030;0.07426867537957560;0.0000888952736879049;0.1490393576585110
1600;560;2.9692589012;0.003507488956866050;0.07279008381518110;0.0000859845583187661;0.1457051643821050
1600;564;3.0108620601;0.003510423428616430;0.07127086823896660;0.0000830961102346413;0.1423920811580750
1600;568;3.0568004874;0.003517908712900550;0.06970717907543000;0.0000802222760788780;0.1390907744519130
1600;572;3.1079655296;0.003530592175504130;0.06809458410545740;0.0000773542060053338;0.1357901447984550
1600;576;3.1661649049;0.003550019726156360;0.06642793822012460;0.0000744814304153638;0.1324766216870870
1600;580;3.2335920262;0.003577928564459560;0.06470121365293100;0.0000715910722836490;0.1291327847932110
1920;296;1.6237287836;0.009453529541540690;0.14175606264947400;0.0008253195604396340;0.9572090238290620
1920;300.2;1.6422998391;0.009110288091565250;0.14076180164392500;0.0007808443590658730;0.9092640003494110
1920;304.4;1.6608716303;0.008791730494926880;0.13977088141529300;0.0007398692939243610;0.8650355283715320
1920;308.6;1.6794031057;0.008495260502303460;0.13878299976017100;0.0007020337953584890;0.8241442732402190
1920;312.8;1.6980065128;0.008219359231169820;0.13779786051812300;0.0006670234232612890;0.7862592749257280
1920;317;1.7165364084;0.007961439667016550;0.13681517293411900;0.0006345602339312220;0.7510875085968850
1920;321.2;1.7351161877;0.007720447030474110;0.13583465104589700;0.0006044000025536590;0.7183713397420860
1920;325.4;1.7536706078;0.007494568699300330;0.13485601309297300;0.0005763269625090000;0.6878829570273020
1920;329.6;1.772229107;0.007282634968760630;0.13387898094412300;0.0005501499464025500;0.6594203495661070
1920;333.8;1.7907563945;0.007083339578568470;0.13290327954039600;0.0005256991196400170;0.6328038993908250
1920;338;1.8092927734;0.006895791205137030;0.13192863635079500;0.0005028220659693370;0.6078721069595430
1920;342.2;1.8278017949;0.006718927554945240;0.13095478083788200;0.0004813846270876940;0.5844829815831730
1920;346.4;1.8463016345;0.006551962822541980;0.12998144393062100;0.0004612646018148270;0.5625067639814600
1920;350.6;1.8648450453;0.006394328709540540;0.12900835750185200;0.0004423540959747380;0.5418290559575000
1920;354.8;1.8833029653;0.006244884921267140;0.12803525384777100;0.0004245548596616540;0.5223454081086220
1920;359;1.9018539182;0.006103610409944460;0.12706186516682300;0.0004077790178933050;0.5039624303824420
1920;363.2;1.9204257919;0.005969680288066010;0.12608792303536800;0.0003919467192599740;0.4865951086075410
1920;367.4;1.9389083652;0.005842246185239290;0.12511315787745300;0.0003769862890115100;0.4701671732344870
1920;371.6;1.9574250304;0.005721214683014800;0.12413729842590300;0.0003628318446110310;0.4546083007752690
1920;375.8;1.9759595947;0.005606108920093540;0.12316007117189100;0.0003494245405789260;0.4398558074803440
1920;380;1.9945072712;0.005496516618875660;0.12218119979996200;0.0003367102265845330;0.4258518559811020
1920;384.2;2.0130995135;0.005392159162698670;0.12120040460535700;0.0003246396255309810;0.4125437864476770
1920;388.4;2.0317441675;0.005292718700239830;0.12021740189024400;0.0003131678196811090;0.3998835749277350
1920;392.6;2.0503381311;0.005197622909053560;0.11923190333524900;0.0003022537906575900;0.3878273464035850
1920;396.8;2.0689368994;0.005106736437473300;0.11824361534237300;0.0002918595434896530;0.3763343384371990
1920;401;2.0875851312;0.005019917730851650;0.11725223834505500;0.0002819509400847460;0.3653680502488120
1920;405.2;2.1062027041;0.004936729318068820;0.11625746608074200;0.0002724959188971550;0.3548940231940920
1920;409.4;2.1249866269;0.004857409468169500;0.11525898482087500;0.0002634652270683260;0.3448808437701110
1920;413.6;2.1436665559;0.004781130405990570;0.11425647255266700;0.0002548321209315310;0.3352998207583720
1920;417.8;2.1625180665;0.004708319684709510;0.11324959810644500;0.0002465714947375890;0.3261238971020830
1920;422;2.1813453036;0.004638367588855350;0.11223802022160100;0.0002386606074627790;0.3173286531581080
1920;426.2;2.200247065;0.004571317831865900;0.11122138654339500;0.0002310778256106240;0.3088906905531990
1920;430.4;2.2192070259;0.004506986204283910;0.11019933254188600;0.0002238037576877980;0.3007891790020930
1920;434.6;2.2383009078;0.004445374775544380;0.10917148034315800;0.0002168198847792930;0.2930040706579320
1920;438.8;2.2573022075;0.004385902180107240;0.10813743746173900;0.0002101093159497690;0.2855171435155330
1920;443;2.2765252671;0.004329059596709070;0.10709679542156600;0.0002036561670115450;0.2783111990912540
1920;447.2;2.2958905664;0.004274561176800880;0.10604912825115800;0.0001974455982745960;0.2713701392067320
1920;451.4;2.3152503989;0.004222023016293430;0.10499399083653300;0.0001914639756041370;0.2646792163788630
1920;455.6;2.3348731071;0.004171828495177200;0.10393091711305100;0.0001856982977855360;0.2582242734218550
1920;459.8;2.3544773743;0.004123371714546980;0.10285941807447100;0.0001801366280628810;0.2519923612965530
1920;464;2.3742948348;0.004076972116791910;0.10177897957418900;0.0001747677060634540;0.2459712262947710
1920;468.2;2.394234424;0.004032376358855810;0.10068905988958700;0.0001695807982006400;0.2401491168009170
1920;472.4;2.4143968157;0.003989673092303980;0.09958908701572420;0.0001645661136452770;0.2345153892370890
1920;476.6;2.4346519352;0.003948562110536240;0.09847845564887010;0.0001597141230148460;0.2290595639928470
1920;480.8;2.4552146258;0.003909321136080900;0.09735652381360630;0.0001550161490067330;0.2237721816290860
1920;485;2.4759863609;0.003871710218166390;0.09622260907897030;0.0001504636958744460;0.2186438607665890
1920;489.2;2.4970779677;0.003835833043564100;0.09507598429918500;0.0001460489447830470;0.2136660246241560
1920;493.4;2.5184096568;0.003801495036254660;0.09391587280239050;0.0001417643564567230;0.2088303428731780
1920;497.6;2.5401412127;0.003768870427810330;0.09274144293597540;0.0001376027757682230;0.2041288958131930
1920;501.8;2.562102733;0.003737640610864500;0.09155180185887920;0.0001335573816817100;0.1995541152800580
1920;506;2.5845754696;0.003708156185310560;0.09034598844867680;0.0001296216882884750;0.1950988009601730
1920;510.2;2.6074981579;0.003680258861897590;0.08912296516318670;0.0001257893821893840;0.1907558904998290
1920;514.4;2.6309002194;0.003653927475220010;0.08788160866117300;0.0001220544291585790;0.1865186320082420
1920;518.6;2.6549599213;0.003629343943856160;0.08662069894234020;0.0001184109434568810;0.1823804005558560
1920;522.8;2.6795435071;0.003606261081111360;0.08533890671044330;0.0001148532864485920;0.1783348638791120
1920;527;2.704922614;0.003584977954607790;0.08403477859112890;0.0001113757662102480;0.1743755338042670
1920;531.2;2.7312442296;0.003565614554417680;0.08270671974287620;0.0001079728720231870;0.1704961423206110
1920;535.4;2.7585062999;0.003548088915350200;0.08135297327790820;0.0001046390877285330;0.1666903693197540
1920;539.6;2.7866614727;0.003532263600004220;0.07997159575010570;0.0001013688815327970;0.1629518435807570
1920;543.8;2.8163649134;0.003518879833322930;0.07856042775451550;0.0000981565647292511;0.1592739358759220
1920;548;2.8475133278;0.003507697742275100;0.07711705839751470;0.0000949963355706117;0.1556498494659600
1920;552.2;2.8803772061;0.003498933656611300;0.07563878200830020;0.0000918820908421011;0.1520723387145480
1920;556.4;2.9153783442;0.003492958641822830;0.07412254492710970;0.0000888073358888746;0.1485335843021680
1920;560.6;2.9530015996;0.003490176780902590;0.07256487945732800;0.0000857650254655253;0.1450249546561430
1920;564.8;2.9936925779;0.003490893984736070;0.07096182100622830;0.0000827473722348201;0.1415367102167240
1920;569;3.0382413493;0.003495747844830070;0.06930880290460940;0.0000797455075232127;0.1380574489151460
1920;573.2;3.087533957;0.003505378227617070;0.06760052113695050;0.0000767490813936627;0.1345734262226340
1920;577.4;3.1430921376;0.003520987625978880;0.06583075781870030;0.0000737456216818724;0.1310674201407440
1920;581.6;3.2069258216;0.003544063186212850;0.06399214703319320;0.0000707195068191496;0.1275168363878350
1920;585.8;3.2819354537;0.003576653546876190;0.06207585838727300;0.0000676502759440725;0.1238904629018290
1920;590;3.3728788493;0.003622082511487100;0.06007116020997640;0.0000645094913172895;0.1201422362988870
1920;594.2;3.4880479254;0.003686001176382560;0.05796480168970310;0.0000612544127222479;0.1161982776190910
2240;300;1.6410381724;0.009125729697278360;0.14080906923239800;0.0007830320624967710;0.9113712888611400
2240;304.3;1.6600724342;0.008798894903065140;0.13979443825566600;0.0007409535541450440;0.8659620337402710
2240;308.6;1.6789839988;0.008494865148596630;0.13878299976017100;0.0007021763571050070;0.8240610816824560
2240;312.9;1.6980179097;0.008212632704223320;0.13777443584624600;0.0006663597781799670;0.7853096348957710
2240;317.2;1.7169471068;0.007949089484101710;0.13676843455332800;0.0006332079308317700;0.7493960787932100
2240;321.5;1.7359477184;0.007703312076486880;0.13576468917111200;0.0006024592552842330;0.7160444945350210
2240;325.8;1.7549243052;0.007473287866063370;0.13476289757552800;0.0005738834001223310;0.6850116699285890
2240;330.1;1.7739177864;0.007257812052529250;0.13376276158585000;0.0005472773262858860;0.6560831060293160
2240;334.4;1.7927951374;0.007055118956764150;0.13276398633944400;0.0005224610984578230;0.6290685482126470
2240;338.7;1.8117274458;0.006864790214466650;0.13176627968079200;0.0004992737011516200;0.6037974341050670
2240;343;1.8307583678;0.006685979645439070;0.13076935156158800;0.0004775732495179180;0.5801195629762720
2240;347.3;1.8496506579;0.006516913119333700;0.12977291344873700;0.0004572316391629490;0.5578990013938600
2240;351.6;1.8685677991;0.006357395272566980;0.12877667773716800;0.0004381346198141860;0.5370144756675230
2240;355.9;1.8875413547;0.006206804544571350;0.12778035716440500;0.0004201803047127890;0.5173578517234630
2240;360.2;1.9063832329;0.006063857055886630;0.12678366422380900;0.0004032756916809490;0.4988301166870130
2240;364.5;1.9254253114;0.005929032611863500;0.12578631057337600;0.0003873383886227450;0.4813437188856580
2240;368.8;1.9443377559;0.005800740742331750;0.12478800643691300;0.0003722927618319140;0.4648180123403410
2240;373.1;1.9632078919;0.005678785818818840;0.12378845999430400;0.0003580711722136470;0.4491809571336490
2240;377.4;1.9822221443;0.005563250331836450;0.12278737675743600;0.0003446116856600630;0.4343664259528630
2240;381.7;2.0011369806;0.005453034058908310;0.12178445892819200;0.0003318587427082330;0.4203151828525670
2240;386;2.0201769032;0.005348374764832150;0.12077940473467900;0.0003197608681537900;0.4069721247987530
2240;390.3;2.0390814186;0.005248239454375860;0.11977190774163100;0.0003082719728546630;0.3942880379618200
2240;394.6;2.0580777292;0.005152909379454080;0.11876165613056200;0.0002973493387084950;0.3822171441258340
2240;398.9;2.0772001702;0.005062165543107070;0.11774833194493900;0.0002869543134422930;0.3707180754700750
2240;403.2;2.0961947513;0.004975114044298540;0.11673161029513900;0.0002770511057882250;0.3597524134734550
2240;407.5;2.115281466;0.004892049263722860;0.11571115851751000;0.0002676072650050830;0.3492853824386580
2240;411.8;2.1343041334;0.004812374629478560;0.11468663528122400;0.0002585925057853290;0.3392843947304630
2240;416.1;2.1535387643;0.004736504666568820;0.11365768963594000;0.0002499793299616360;0.3297199211098140
2240;420.4;2.1727134313;0.004663628876379250;0.11262395999248600;0.0002417421204432440;0.3205643638021460
2240;424.7;2.1920041948;0.004593952628487980;0.11158507302785800;0.0002338574628446220;0.3117925309315500
2240;429;2.2113303052;0.004527131341716330;0.11054064250472100;0.0002263035992590600;0.3033809638459050
2240;433.3;2.230688229;0.004463001513805200;0.10949026799437900;0.0002190602996178250;0.2953078059301050
2240;437.6;2.2501011795;0.004401464688581170;0.10843353349067400;0.0002121088478475450;0.2875528233104400
2240;441.9;2.2696863667;0.004342611454560180;0.10737000590058400;0.0002054320034400490;0.2800973934414960
2240;446.2;2.2892299756;0.004285896557845330;0.10629923339526600;0.0001990134339331890;0.2729237684988910
2240;450.5;2.3089977035;0.004231706328056960;0.10522074360292400;0.0001928383410123210;0.2660159601304080
2240;454.8;2.3288160352;0.004179596706787040;0.10413404162211000;0.0001868925199981640;0.2593584823202340
2240;459.1;2.348779922;0.004129635682999070;0.10303860783076400;0.0001811629551339420;0.2529371937871700
2240;463.4;2.3688644938;0.004081675936642640;0.10193389546239600;0.0001756373694336660;0.2467387031540860
2240;467.7;2.3891274969;0.004035722935994760;0.10081932791617600;0.0001703043787277520;0.2407506068100200
2240;472;2.4095054058;0.003991576984277320;0.09969429576214430;0.0001651531702180540;0.2349610599544050
2240;476.3;2.4300866116;0.003949300540035930;0.09855815339609190;0.0001601736195646240;0.2293589597112610
2240;480.6;2.4509210467;0.003908890650251920;0.09741021529065310;0.0001553562405875260;0.2239338947475740
2240;484.9;2.4719088396;0.003870108791737030;0.09624975177943080;0.0001506920500475640;0.2186759704180080
2240;489.2;2.4932013213;0.003833118033293630;0.09507598429918500;0.0001461724999239030;0.2135757261779740
2240;493.5;2.514828894;0.003797889118508690;0.09388808000067660;0.0001417895739302700;0.2086242919463820
2240;497.8;2.5366299311;0.003764110170358740;0.09268514562103260;0.0001375356708511560;0.2038132360618550
2240;502.1;2.5588789241;0.003732124397088710;0.09146622048858320;0.0001334034642192230;0.1991343724325820
2240;506.4;2.5814786895;0.003701719523596200;0.09023026850387290;0.0001293859786236290;0.1945798859815420
2240;510.7;2.6046034039;0.003673080453303770;0.08897616890644730;0.0001254765413910180;0.1901422760416530
2240;515;2.6281255286;0.003645961882933400;0.08770270559405740;0.0001216687399993200;0.1858143073701690
2240;519.3;2.6521779418;0.003620488481017900;0.08640855470639640;0.0001179563301721410;0.1815888846227210
2240;523.6;2.6769175978;0.003596807663507110;0.08509227011575490;0.0001143331903469090;0.1774589946435870
2240;527.9;2.7023444712;0.003574852850017180;0.08375226637705850;0.0001107934356044830;0.1734178976498590
2240;532.2;2.7286135049;0.003554757872725660;0.08238679857277590;0.0001073311116841770;0.1694586680426080
2240;536.5;2.7557426927;0.003536473612750650;0.08099393833456240;0.0001039403738513010;0.1655744867538550
2240;540.8;2.7839128494;0.003520155793308940;0.07957154511968930;0.0001006153032415410;0.1617583704184480
2240;545.1;2.8133325173;0.003505981663295050;0.07811723154692670;0.0000973498794438982;0.1580031440094080
2240;549.4;2.8441336261;0.003494016113458880;0.07662832122548390;0.0000941378374965081;0.1543012282988940
2240;553.7;2.8766201984;0.003484519157216200;0.07510179700041040;0.0000909726110303587;0.1506445644275930
2240;558;2.9111837673;0.003477825782694330;0.07353423682649300;0.0000878471732410034;0.1470243715250080
2240;562.3;2.947990802;0.003473964670282260;0.07192173347546280;0.0000847538469076182;0.1434308470969200
2240;566.6;2.9877345317;0.003473538263931250;0.07025979283104580;0.0000816839904044911;0.1398526478926480
2240;570.9;3.0309566229;0.003476890048765050;0.06854320339899290;0.0000786277111345313;0.1362763967722160
2240;575.2;3.0785432396;0.003484646507212850;0.06676586647364920;0.0000755732258084296;0.1326855503019230
2240;579.5;3.1317722268;0.003497695507296470;0.06492057152164430;0.0000725060364861628;0.1290588675091000
2240;583.8;3.1922960156;0.003517045255484150;0.06299869366903360;0.0000694074909044242;0.1253676523101610
2240;588.1;3.2623818483;0.003543873352029600;0.06098977775447800;0.0000662522225102615;0.1215706909442850
2240;592.4;3.3463033813;0.003580576802494790;0.05888095261618240;0.0000630031856125221;0.1176041578767380
2240;596.7;3.4501058308;0.003629403203395530;0.05665608310854760;0.0000596004237589599;0.1133583395717930
2240;601;3.5850527151;0.003693031397768120;0.05429450153470860;0.0000559298048946116;0.1086121100707940
2240;605.3;3.7740878178;0.003768678235295430;0.05176903390733910;0.0000516948308489991;0.1027640593867900
2560;298;1.6317951935;0.009285991360863350;0.14128216897350900;0.0008039887638806720;0.9337091648259190
2560;302.5;1.651698542;0.008932271873541310;0.14021876050087600;0.0007582933923468270;0.8844344774862200
2560;307;1.6714934849;0.008604792129439540;0.13915899631072100;0.0007163858232447210;0.8391822191876110
2560;311.5;1.6913745114;0.008301844305159510;0.13810250912420100;0.0006778543256689480;0.7975191152549800
2560;316;1.711304236;0.008020809097809620;0.13704893910257400;0.0006423424628172970;0.7590698579263440
2560;320.5;1.731041507;0.007758491791155010;0.13599793297043900;0.0006095398881532260;0.7235074235417080
2560;325;1.7509547836;0.007514725764689710;0.13494914317323500;0.0005791730389910710;0.6905430163874340
2560;329.5;1.7707248751;0.007286486341950960;0.13390222706382100;0.0005510041465992500;0.6599257084981140
2560;334;1.7905871619;0.007073313428999430;0.13285684611327300;0.0005248212059839280;0.6314311993001530
2560;338.5;1.8103553582;0.006873182788855160;0.13181266514127200;0.0005004390642435320;0.6048637110788750
2560;343;1.8301702629;0.006685491778638380;0.13076935156158800;0.0004776918533230120;0.5800474316946720
2560;347.5;1.8499184305;0.006508801697896990;0.12972657463835000;0.0004564333947638110;0.5568274484393130
2560;352;1.8696525911;0.006342399892749510;0.12868400474882300;0.0004365331943528590;0.5350653067226390
2560;356.5;1.8894388775;0.006185675901952410;0.12764131264849900;0.0004178742171292740;0.5146366390025400
2560;361;1.9093108009;0.006037979006416710;0.12659816873423500;0.0004003523599693520;0.4954308296221360
2560;365.5;1.9289858129;0.005897745986603180;0.12555424230119200;0.0003838737556630350;0.4773479765384160
2560;370;1.9487748598;0.005765354293724710;0.12450920078914400;0.0003683543287546010;0.4602985808119720
2560;374.5;1.9685937571;0.005639977499728110;0.12346270901363700;0.0003537179259949240;0.4442014394690240
2560;379;1.9883791504;0.005520933204387520;0.12241442837723100;0.0003398958806173670;0.4289832874091930
2560;383.5;2.0081990919;0.005407958771042650;0.12136401605580100;0.0003268259595265330;0.4145776478436570
2560;388;2.0280502983;0.005300628116356850;0.12031112415454600;0.0003144520271140570;0.4009245633672120
2560;392.5;2.0478304194;0.005198300081950690;0.11925539882795100;0.0003027229909426050;0.3879694002937670
2560;397;2.0676081573;0.005100811056529290;0.11819647935746100;0.0002915919569285030;0.3756618873658510
2560;401.5;2.0875297114;0.005008203200665220;0.11713399718007600;0.0002810167713492840;0.3639569217012100
2560;406;2.1074423128;0.004919797518462420;0.11606757486036200;0.0002709582906753020;0.3528124434495040
2560;410.5;2.1273796216;0.004835410835512640;0.11499682499763900;0.0002613811319786450;0.3421904906167880
2560;415;2.1472994787;0.004754705014815180;0.11392134905912800;0.0002522528483015060;0.3320562162910040
2560;419.5;2.1673523155;0.004677779857222560;0.11284073612879300;0.0002435432941707570;0.3223771263804570
2560;424;2.187432979;0.004604192353602170;0.11175456156031300;0.0002352252630179120;0.3131239858775800
2560;428.5;2.2075252597;0.004533712973113830;0.11066238552117100;0.0002272732738452770;0.3042692793253590
2560;433;2.2276128842;0.004466133657825400;0.10956375141306600;0.0002196640005718870;0.2957878312306630
2560;437.5;2.2479309698;0.004401754270416230;0.10845818415182400;0.0002123758610293970;0.2876563107810140
2560;442;2.2682681821;0.004339990083082540;0.10734518828758400;0.0002053888761054480;0.2798530880959960
2560;446.5;2.2887165106;0.004280875682658210;0.10622424594317200;0.0001986846292479220;0.2723582237494840
2560;451;2.3092361183;0.004224196379925780;0.10509481454521800;0.0001922458823654130;0.2651529849021320
2560;455.5;2.3298411173;0.004169853548178540;0.10395632431859400;0.0001860567420673350;0.2582201080949280
2560;460;2.3506010902;0.004117850669565400;0.10280817550995500;0.0001801023219660390;0.2515433689036670
2560;464.5;2.3714651763;0.004067981978391040;0.10164973530051300;0.0001743686963859560;0.2451075455801630
2560;469;2.3925745049;0.004020384047492320;0.10048033436133800;0.0001688430318583680;0.2388986335326510
2560;473.5;2.4137988851;0.003974733430603420;0.09929926299621870;0.0001635132498809670;0.2329034015343610
2560;478;2.435242257;0.003931105914693800;0.09810576680719960;0.0001583678827216710;0.2271092077922560
2560;482.5;2.4567765296;0.003889206733682390;0.09689904180573850;0.0001533962903561040;0.2215043306117830
2560;487;2.4786909561;0.003849412561632420;0.09567822887763360;0.0001485885020095950;0.2160777678359930
2560;491.5;2.5008768657;0.003811462246262410;0.09444240749162330;0.0001439349835793480;0.2108189202762500
2560;496;2.5233250493;0.003775264518376010;0.09319058851902730;0.0001394267941740670;0.2057178364406640
2560;500.5;2.546071836;0.003740801586137800;0.09192170600376390;0.0001350554445317100;0.2007650259912100
2560;505;2.5692283897;0.003708163879325390;0.09063460768697780;0.0001308128073724210;0.1959513438553700
2560;509.5;2.5927853221;0.003677265831841040;0.08932804404627070;0.0001266911538689180;0.1912680606952950
2560;514;2.6168237522;0.003648153725755030;0.08800065555336120;0.0001226830500742120;0.1867067251621030
2560;518.5;2.6413621536;0.003620784363840420;0.08665095778212760;0.0001187813010121850;0.1822590944744280
2560;523;2.6665267737;0.003595264981383670;0.08527732390627160;0.0001149789979109310;0.1779172232470420
2560;527.5;2.6923140658;0.003571520191907730;0.08387796400515740;0.0001112692779423440;0.1736731107662810
2560;532;2.7188891695;0.003549701894137240;0.08245090043781070;0.0001076454754920480;0.1695189493533520
2560;536.5;2.746363424;0.003529879958645910;0.08099393833456240;0.0001041008910905480;0.1654467821282670
2560;541;2.7748547857;0.003512127117824200;0.07950462997329790;0.0001006288215007740;0.1614485652840170
2560;545.5;2.8044651126;0.003496486386226090;0.07798023142353810;0.0000972223959366770;0.1575159251821130
2560;550;2.8354280001;0.003483154987367500;0.07641764931359060;0.0000938745460359194;0.1536401265537930
2560;554.5;2.8680753093;0.003472424538695210;0.07481337483923590;0.0000905777466076347;0.1498116676687350
2560;559;2.9025004493;0.003464271644612180;0.07316340108834670;0.0000873239815935752;0.1460202358727740
2560;563.5;2.9391512592;0.003459062220367500;0.07146311825105390;0.0000841043385293722;0.1422540434479040
2560;568;2.9786159099;0.003457264639850780;0.06970717907543000;0.0000809087753016419;0.1384994258914740
2560;572.5;3.0212746948;0.003459014897968890;0.06788932361605910;0.0000777255316117018;0.1347398100727920
2560;577;3.0680370098;0.003464926523419300;0.06600214724065040;0.0000745403624022258;0.1309543059074680
2560;581.5;3.1199877887;0.003475582394262970;0.06403678785746700;0.0000713352575516221;0.1271152793435270
2560;586;3.1786990174;0.003491717833765530;0.06198249534978120;0.0000680861519793032;0.1231838852668610
2560;590.5;3.246237991;0.003513891174204780;0.05982602444185210;0.0000647586960212359;0.1191015712164260
2560;595;3.3261406376;0.003542764810020380;0.05755075428341150;0.0000612989074357013;0.1147709777120690
2560;599.5;3.4234797646;0.003577064359003200;0.05513536883746160;0.0000576088589237767;0.1100056538739910
2560;604;3.5477406192;0.003608948135596650;0.05255179896007970;0.0000534584506693585;0.1043472715822350
2560;608.5;3.7164454869;0.003563607431077440;0.04976185353254290;0.0000477154075465734;0.0954872776495539
2560;613;3.9692044794;0.003780216396864620;0.04671135853672260;0.0000444872629712476;0.0916332922243205
2560;617.5;4.4213505551;0.004459900938860060;0.04331912462548010;0.0000436968302291163;0.0931455968555060
2880;298;1.6314244464;0.009285660887252240;0.14128216897350900;0.0008041428540675880;0.9336199261149370
2880;302.6;1.6517705661;0.008924474715094950;0.14019517196755600;0.0007574709787577460;0.8833007490036810
2880;307.2;1.6719763066;0.008590494272236350;0.13911197442467200;0.0007147473410892950;0.8371733639223850
2880;311.8;1.6922876294;0.008282122429355820;0.13803218430755000;0.0006755349561970320;0.7947781376592440
2880;316.4;1.7125428556;0.007996000711018160;0.13695541765959700;0.0006394558906295050;0.7557172232769240
2880;321;1.7327944414;0.007730180800121920;0.13588129762855900;0.0006061809600301980;0.7196436830074760
2880;325.6;1.7531075557;0.007482993775147690;0.13480945352882200;0.0005754229387264160;0.6862545105097660
2880;330.2;1.7733001739;0.007251945258797320;0.13373951993639700;0.0005469303459010090;0.6552841590414470
2880;334.8;1.7935107157;0.007036123776850210;0.13267113581094700;0.0005204822725573520;0.6264991493034100
2880;339.4;1.8137503062;0.006834206332055110;0.13160394363945900;0.0004958833097681550;0.5996926546879200
2880;344;1.8339179485;0.006644625020445650;0.13053758859638600;0.0004729619054062570;0.5746831045889940
2880;348.6;1.8541118803;0.006466669240231160;0.12947171771521000;0.0004515643221541030;0.5513073825660240
2880;353.2;1.8743425681;0.006299410245968630;0.12840597906647800;0.0004315550177209240;0.5294217115934790
2880;357.8;1.8944818176;0.006141561864730100;0.12734002093739500;0.0004128129439909860;0.5088975380377270
2880;362.4;1.9146411357;0.005992735691228630;0.12627349100801500;0.0003952300210818410;0.4896199930179590
2880;367;1.9348890427;0.005852429260821480;0.12520603551902000;0.0003787087784960160;0.4714852745174880
2880;371.6;1.9550585398;0.005719506336323910;0.12413729842590300;0.0003631625603326150;0.4544011622673740
2880;376.2;1.9752281461;0.005593645312864810;0.12306692053419900;0.0003485130082747770;0.4382841276288610
2880;380.8;1.9954670134;0.005474517104937400;0.12199453861010700;0.0003346891649188020;0.4230584059833310
2880;385.4;2.0155902146;0.005361149948664370;0.12091978446053800;0.0003216274278160260;0.4086561235323900
2880;390;2.0358125541;0.005253698747212500;0.11984228397616400;0.0003092697586147670;0.3950152016171930
2880;394.6;2.0560581809;0.005151563026950280;0.11876165613056200;0.0002975636401805180;0.3820794413122470
2880;399.2;2.0763486847;0.005054442379229450;0.11767751192791200;0.0002864616178217490;0.3697980755907300
2880;403.8;2.096567672;0.004961726005206420;0.11658945329098000;0.0002759199858221470;0.3581241995427480
2880;408.4;2.1168491609;0.004873443326169490;0.11549707188027900;0.0002658991696503670;0.3470153637258760
2880;413;2.1371906064;0.004789303305433630;0.11439994783423900;0.0002563627439958300;0.3364323983433910
2880;417.6;2.1575250485;0.004708908537951110;0.11329764841907400;0.0002472779003656380;0.3263401124267720
2880;422.2;2.1779523522;0.004632238706328320;0.11218972657560800;0.0002386138490964870;0.3167052766050060
2880;426.8;2.1983925776;0.004558905860884310;0.11107571934865600;0.0002303427300063030;0.3074978865185200
2880;431.4;2.2189215271;0.004488868232460200;0.10995514618267900;0.0002224387643540240;0.2986901097861700
2880;436;2.2394718877;0.004421805694778380;0.10882750706506900;0.0002148783796413710;0.2902565110588820
2880;440.6;2.2601080122;0.004357675157978450;0.10769228049581700;0.0002076396229208250;0.2821733193247710
2880;445.2;2.2807893133;0.004296235973088850;0.10654892125904900;0.0002007021454075110;0.2744184506684220
2880;449.8;2.3017436535;0.004237765930148190;0.10539685796819700;0.0001940473315363390;0.2669717314195880
2880;454.4;2.3226774811;0.004181573731547420;0.10423549035205000;0.0001876577320352760;0.2598141671056000
2880;459;2.3437127876;0.004127758836134330;0.10306418624354000;0.0001815171669987800;0.2529281180452500
2880;463.6;2.3649204184;0.004076325284967570;0.10188227822672100;0.0001756106901526600;0.2462972878411840
2880;468.2;2.3862639715;0.004027093191024820;0.10068905988958700;0.0001699242968680190;0.2399063505973230
2880;472.8;2.4077213812;0.003979916775971050;0.09948378162105700;0.0001644447627967640;0.2337407497582030
2880;477.4;2.4292993506;0.003934715489892920;0.09826564587900500;0.0001591600305972340;0.2277872738666200
2880;482;2.4512283176;0.003891761246385120;0.09703380184236700;0.0001540584313941050;0.2220329778453260
2880;486.6;2.4733266525;0.003850671079449910;0.09578733934324700;0.0001491293262915020;0.2164661207938860
2880;491.2;2.4956916785;0.003811512507127080;0.09452528195391810;0.0001443625017927890;0.2110753232169890
2880;495.8;2.5182987857;0.003774166525940710;0.09324657907747170;0.0001397483568736790;0.2058498544843070
2880;500.4;2.5412947679;0.003738775253108810;0.09195009685822820;0.0001352777926419440;0.2007794927572160
2880;505;2.5645786518;0.003705113943594900;0.09063460768697780;0.0001309421914108080;0.1958545135483840
2880;509.6;2.5882363904;0.003673238075581010;0.08929877802414800;0.0001267332739590830;0.1910654955622730
2880;514.2;2.6123884458;0.003643249916345180;0.08794115419767610;0.0001226431709204510;0.1864034442911900
2880;518.8;2.6369649178;0.003614982176406300;0.08656014574706780;0.0001186642195904740;0.1818595027833270
2880;523.4;2.662129955;0.003588596898055460;0.08515400577445160;0.0001147890621967200;0.1774251160484530
2880;528;2.6879449988;0.003564108516328720;0.08372080761852460;0.0001110104721500810;0.1730917824484120
2880;532.6;2.7144695359;0.003541527693001220;0.08225841697562400;0.0001073213229491130;0.1688510195980460
2880;537.2;2.7418345977;0.003520956537886960;0.08076445833594890;0.0001037145522370430;0.1646943244566140
2880;541.8;2.7701190286;0.003502421940986740;0.07923627425647130;0.0001001830111311760;0.1606129519428580
2880;546.4;2.7994813386;0.003486045467878080;0.07767087551757620;0.0000967194172186841;0.1565978542045940
2880;551;2.830109074;0.003471970829370940;0.07606487955174810;0.0000933162065637686;0.1526394578636790
2880;555.6;2.8621986824;0.003460333058887520;0.07441443360438600;0.0000899653564374332;0.1487273873765660
2880;560.2;2.8960227377;0.003451332222093980;0.07271511775727550;0.0000866581693845697;0.1448501158132370
2880;564.8;2.9318748135;0.003445153940684430;0.07096182100622830;0.0000833850054424736;0.1409945160768310
2880;569.4;2.9701609087;0.003442055868540430;0.06914858069957710;0.0000801348092972975;0.1371450429329760
2880;574;3.0114570232;0.003442396330231360;0.06726837125583930;0.0000768944708724325;0.1332825800166560
2880;578.6;3.0562920625;0.003446325921331280;0.06531282123496410;0.0000736478269150338;0.1293825784184220
2880;583.2;3.1057544607;0.003454368315615020;0.06327182685984630;0.0000703739451215364;0.1254117668349540
2880;587.8;3.1611835484;0.003466839015237350;0.06113301190346660;0.0000670439749979754;0.1213219574167720
2880;592.4;3.2239365202;0.003483134204857640;0.05888095261618240;0.0000636148568019181;0.1170373958429800
2880;597;3.2969253183;0.003502244605572270;0.05649603033925780;0.0000600143765448723;0.1124243261375210
2880;601.6;3.383998562;0.003518448131907650;0.05395266876742720;0.0000560962610231200;0.1071990502043610
2880;606.2;3.4917296446;0.003505744442313570;0.05121650105317540;0.0000514220693466555;0.1004832809918030
2880;610.8;3.6316695695;0.003402248361603280;0.04823955501426990;0.0000451921475430043;0.0905830058284494
2880;615.4;3.8266076929;0.003791117432840320;0.04495146276393270;0.0000445345558758724;0.0919485351761143
2880;620;4.1306518574;0.004377842878816600;0.04124180949396250;0.0000437098473162365;0.0935105429568184
2880;624.6;4.7182857917;0.005449852549552710;0.03691961148909220;0.0000426439702223788;0.0953722337882609
