P (kPa);T (K);cp (kJ/kg K);Pr;Condutividade térmica (W/m K);Viscosidade absoluta μ(cP);Viscosidade cinemática ν (cSt);;;Nome no Hysys: Refrig-40
10;134;1.274532418861640000;0.0157358317595505000;0.206534365697237000;0.00254994693197365000;2.179543812131370000;;;
10;135;1.275078050330970000;0.0152415883088876000;0.206125743843010000;0.00246391483776456000;2.108554537970300000;;;
10;136;1.275663310300270000;0.0147720501445803000;0.205716637492403000;0.00238217753859906000;2.041075631017960000;;;
10;137;1.276263799962060000;0.0143253796341803000;0.205307044339368000;0.00230446193946766000;1.976885372226170000;;;
10;138;1.276854398456670000;0.0138998511983326000;0.204896962058585000;0.00223051061033047000;1.915774440481890000;;;
10;139;1.277545862048100000;0.0134953337725635000;0.204486388305223000;0.00216008845091552000;1.857551717196280000;;;
10;140;1.278240982064780000;0.0131095238523806000;0.204075320714709000;0.00209297802380749000;1.802040377118010000;;;
10;141;1.278950631548670000;0.0127414207196787000;0.203663756902491000;0.00202898028120349000;1.749078600312770000;;;
10;142;1.279667348262350000;0.0123898861276494000;0.203251694463792000;0.00196790623209829000;1.698512470244050000;;;
10;143;1.280383429774280000;0.0120538783959956000;0.202839130973366000;0.00190958283420882000;1.650201112242360000;;;
10;144;1.281203760066230000;0.0117334886344645000;0.202426063985250000;0.00185385338001781000;1.604017106238380000;;;
10;145;1.281999284199480000;0.0114266182451217000;0.202012491032507000;0.00180056232809514000;1.559833427666800000;;;
10;146;1.282828042676130000;0.0111330530234581000;0.201598409626971000;0.00174957648972172000;1.517541825277980000;;;
10;147;1.283605808424330000;0.0108513024067511000;0.201183817258982000;0.00170076079906619000;1.477031893765920000;;;
10;148;1.284506433236960000;0.0105821949452881000;0.200768711397124000;0.00165400000182539000;1.438209918161420000;;;
10;149;1.285417122243080000;0.0103240982022864000;0.200353089487949000;0.00160917801327833000;1.400981005381870000;;;
10;150;1.286319806670860000;0.0100762919826615000;0.199936948955708000;0.00156619144426787000;1.365260866492600000;;;
10;151;1.287235194663610000;0.0098383934536192600;0.199520287202067000;0.00152494205846044000;1.330969298738010000;;;
10;152;1.288184456391670000;0.0096100427593000300;0.199103101605825000;0.00148533799678101000;1.298031280248200000;;;
10;153;1.289179294439170000;0.0093908291873304500;0.198685389522627000;0.00144729329975540000;1.266376583757520000;;;
10;154;1.290161746426660000;0.0091798610091630400;0.198267148284666000;0.00141072611165023000;1.235938232611440000;;;
10;155;1.291192967573400000;0.0089771600849579800;0.197848375200390000;0.00137556243050229000;1.206655810044210000;;;
10;156;1.292173899823420000;0.0087816452220090600;0.197429067554197000;0.00134173274046933000;1.178472542079110000;;;
10;157;1.293267261981410000;0.0085940351291318500;0.197009222606123000;0.00130916805026517000;1.151331835996320000;;;
10;158;1.294363659574950000;0.0084132386607933400;0.196588837591537000;0.00127780844005515000;1.125184806832760000;;;
10;159;1.295443616748420000;0.0082387900497851500;0.196167909720814000;0.00124759287227926000;1.099981342275730000;;;
10;160;1.296559494943750000;0.0080707313121168200;0.195746436179016000;0.00121846849131578000;1.075678304053920000;;;
10;161;1.297712868299050000;0.0079087620025677400;0.195324414125559000;0.00119038220421965000;1.052232129894360000;;;
10;162;1.298853101617410000;0.0077522945215035800;0.194901840693884000;0.00116328510896317000;1.029602749609770000;;;
10;163;1.300064894116790000;0.0076015735831442300;0.194478712991109000;0.00113713111849038000;1.007752387664810000;;;
10;164;1.301265885960400000;0.0074558609624373800;0.194055028097686000;0.00111187676874383000;0.986645407144066000;;;
10;165;1.302467402866970000;0.0073150033339301500;0.193630783067049000;0.00108748197503384000;0.966248995171638000;;;
10;166;1.303670328848410000;0.0071787842854820900;0.193205974925256000;0.00106390702155495000;0.946530502444443000;;;
10;167;1.304993489295090000;0.0070476423061971100;0.192780600670619000;0.00104111532221838000;0.927459903308998000;;;
10;168;1.306202495587940000;0.0069201125281026800;0.192354657273339000;0.00101907313615794000;0.909009558690408000;;;
10;169;1.307567224426320000;0.0067974454823783800;0.191928141675126000;0.00099774685018068600;0.891151804096702000;;;
10;170;1.308851331021080000;0.0066782238253278100;0.191501050788813000;0.00097710629896785800;0.873861918459246000;;;
10;171;1.310185692141240000;0.0065629584364841800;0.191073381497968000;0.00095712132151300100;0.857115059366283000;;;
10;172;1.311538848504660000;0.0064513271267081300;0.190645130656493000;0.00093776414200869800;0.840888396855765000;;;
10;173;1.312911839303360000;0.0063431894698065200;0.190216295088221000;0.00091900915497070400;0.825160933447933000;;;
10;174;1.314272374028610000;0.0062382487850693200;0.189786871586505000;0.00090083132270940400;0.809912075191191000;;;
10;175;1.315665652226410000;0.0061365829550195600;0.189356856913794000;0.00088320619952864700;0.795121655838495000;;;
10;176;1.317070436035930000;0.0060379623432183900;0.188926247801209000;0.00086611128657824300;0.780771160763354000;;;
10;177;1.318577781162390000;0.0059426811236511700;0.188495040948108000;0.00084952585865408400;0.766843581366797000;;;
10;178;1.320042602514380000;0.0058499606325826000;0.188063233021643000;0.00083342954804432900;0.753322144867955000;;;
10;179;1.321442189605980000;0.0057596047839319900;0.187630820656308000;0.00081780298885976000;0.740190898826300000;;;
10;180;1.323016423755070000;0.0056725502140728100;0.187197800453482000;0.00080262716620133700;0.727434126564065000;;;
10;181;1.324538645393310000;0.0055877118646157000;0.186764168980959000;0.00078788517536240900;0.715037945072693000;;;
10;182;1.326066465864250000;0.0055052478163203100;0.186329922772474000;0.00077356032059052500;0.702988589410104000;;;
10;183;1.327565798258480000;0.0054249262188305000;0.185895058327218000;0.00075963615302026600;0.691272447816761000;;;
10;184;1.329211617283290000;0.0053473808405532700;0.185459572109341000;0.00074609862696026700;0.679878027456182000;;;
10;185;1.330760774491850000;0.0052715338709758700;0.185023460547456000;0.00073293221283406200;0.668792421779670000;;;
10;186;1.332341857079840000;0.0051978328298357700;0.184586720034116000;0.00072012367415064800;0.658004751837116000;;;
10;187;1.334038551688880000;0.0051265212063510800;0.184149346925301000;0.00070765985807014700;0.647504158380495000;;;
10;188;1.335639470404990000;0.0050567063772943700;0.183711337539882000;0.00069552773237340600;0.637279835706342000;;;
10;189;1.337298782792250000;0.0049889208930571500;0.183272688159078000;0.00068371627556144600;0.627322766058268000;;;
10;190;1.339053722948640000;0.0049232222379643200;0.182833395025906000;0.00067221308660562200;0.617622616909401000;;;
10;191;1.340701765643990000;0.0048588080019337000;0.182393454344615000;0.00066100813632050500;0.608171183203060000;;;
10;192;1.342435188216660000;0.0047963210934623900;0.181952862280115000;0.00065009049154120100;0.598959383829245000;;;
10;193;1.344158645960840000;0.0047353546232560900;0.181511614957388000;0.00063944971647951400;0.589978548316872000;;;
10;194;1.345896881277900000;0.0046759498899170600;0.181069708460897000;0.00062907708244419800;0.581221537254413000;;;
10;195;1.347662825345970000;0.0046180956680599400;0.180627138833973000;0.00061896298665735500;0.572680364725056000;;;
10;196;1.349469615366140000;0.0045617844074512900;0.180183902078196000;0.00060909864558234600;0.564347761146039000;;;
10;197;1.351293606503760000;0.0045068828298403000;0.179739994152766000;0.00059947526546699700;0.556216408593561000;;;
10;198;1.353098364237090000;0.0044532333521552800;0.179295410973854000;0.00059008592807466500;0.548280692472598000;;;
10;199;1.354958721467630000;0.0044010307674565100;0.178850148413946000;0.00058092176053995300;0.540533149645922000;;;
10;200;1.356825917152490000;0.0043500767945429400;0.178404202301176000;0.00057197608821328900;0.532968324791969000;;;
10;201;1.358713039382410000;0.0043003678489368000;0.177957568418634000;0.00056324108440905000;0.525579658393703000;;;
10;202;1.360633379539950000;0.0042519112462121100;0.177510242503677000;0.00055471062798299000;0.518362149056607000;;;
10;203;1.362524636259630000;0.0042044750637734200;0.177062220247210000;0.00054637814976278700;0.511310349251942000;;;
10;204;1.364488379338740000;0.0041583328728687400;0.176613497292964000;0.00053823669201313500;0.504418417741368000;;;
10;205;1.366424063290010000;0.0041131460325036700;0.176164069236753000;0.00053028087101029500;0.497681958555697000;;;
670;232;1.425186315506820000;0.0032103287357849000;0.163745435936064000;0.00036884768862815800;0.360418034346374000;;;
670;233;1.427656186744110000;0.0031859139448784700;0.163274255599138000;0.00036435784230323300;0.356595019918016000;;;
670;234;1.430223668129470000;0.0031621626857486400;0.162802217625736000;0.00035994866341886700;0.352840105757230000;;;
670;235;1.432776966065100000;0.0031388147728985200;0.162329315737309000;0.00035561826186395000;0.349151738468551000;;;
670;236;1.435316353803850000;0.0031158596980723600;0.161855543574432000;0.00035136446665338300;0.345528079505015000;;;
670;237;1.437941689625280000;0.0030935059141508200;0.161380894695299000;0.00034718567225139400;0.341967836445923000;;;
670;238;1.440625631908990000;0.0030716774054998200;0.160905362574193000;0.00034307967017633100;0.338469114668138000;;;
670;239;1.443254636865740000;0.0030501214989659900;0.160428940599918000;0.00033904464831154200;0.335030399919858000;;;
670;240;1.445914747253740000;0.0030290151958245800;0.159951622074189000;0.00033507915648534800;0.331650527298946000;;;
670;241;1.448664242916360000;0.0030084661590989000;0.159473400209982000;0.00033118117614494500;0.328327761759770000;;;
670;242;1.451388839926950000;0.0029882284162600200;0.158994268129846000;0.00032734934772681800;0.325061012206578000;;;
670;243;1.454088751182860000;0.0029682940979745000;0.158514218864173000;0.00032358191335763400;0.321848785111592000;;;
670;244;1.456923920178450000;0.0029489801603692000;0.158033245349424000;0.00031987731051675500;0.318689772626529000;;;
670;245;1.459779457898150000;0.0029300413307973600;0.157551340426308000;0.00031623402882808300;0.315582711171545000;;;
670;246;1.462597572897600000;0.0029113553207755500;0.157068496837918000;0.00031265073350925500;0.312526505172210000;;;
670;247;1.465480898900920000;0.0028931180411571200;0.156584707227818000;0.00030912585881526000;0.309519821358956000;;;
670;248;1.468386390556750000;0.0028752350086262800;0.156099964138082000;0.00030565802340686700;0.306561503342483000;;;
670;249;1.471255805593130000;0.0028575876754661500;0.155614260007281000;0.00030224614226369700;0.303650685502803000;;;
670;250;1.474192662464100000;0.0028403680590195600;0.155127587168421000;0.00029888864249905000;0.300786006258651000;;;
670;251;1.477197991413540000;0.0028235698117582600;0.154639937846821000;0.00029558438525809100;0.297966533161513000;;;
670;252;1.480228306997620000;0.0028071011060460800;0.154151304157942000;0.00029233213170872100;0.295191227288160000;;;
670;253;1.483284304298680000;0.0027909561465986500;0.153661678105155000;0.00028913068368711600;0.292459084570800000;;;
670;254;1.486396528862190000;0.0027751849826577600;0.153171051577452000;0.00028597887162790400;0.289769123840546000;;;
670;255;1.489461233768430000;0.0027595884680672700;0.152679416347091000;0.00028287567820525100;0.287120512495859000;;;
670;256;1.492583548242020000;0.0027443552821056100;0.152186764067184000;0.00027981988031842800;0.284512203749190000;;;
670;257;1.495764452722450000;0.0027294794923505400;0.151693086269218000;0.00027681040778151200;0.281943300079950000;;;
670;258;1.498944658144030000;0.0027148483169982200;0.151198374360501000;0.00027384643584755400;0.279413148917325000;;;
670;259;1.502185153249510000;0.0027005642284529300;0.150702619621553000;0.00027092672484729000;0.276920669801306000;;;
670;260;1.505486959724110000;0.0026866228890298600;0.150205813203409000;0.00026805039606027200;0.274465145025847000;;;
670;261;1.508714481712010000;0.0026727779949236000;0.149707946124858000;0.00026521658598628600;0.272045868195598000;;;
670;262;1.512065615987400000;0.0026593738126341100;0.149209009269601000;0.00026242414857211000;0.269661838324223000;;;
670;263;1.515465599487280000;0.0026462737431615000;0.148708993383330000;0.00025967247603338700;0.267312602149633000;;;
670;264;1.518900120284200000;0.0026334447710094400;0.148207889070722000;0.00025696047112209800;0.264997199158021000;;;
670;265;1.522370067941200000;0.0026208830335095400;0.147705686792349000;0.00025428726997402700;0.262714903794393000;;;
670;266;1.525860992834660000;0.0026085604878454700;0.147202376861504000;0.00025165221851861400;0.260465203150740000;;;
670;267;1.529327539567860000;0.0025963944679351400;0.146697949440924000;0.00024905439451739100;0.258247303285024000;;;
670;268;1.532847394938110000;0.0025845129838837500;0.146192394539431000;0.00024649299276623100;0.256060526787130000;;;
670;269;1.536514421923660000;0.0025730686045563900;0.145685702008465000;0.00024396732020349600;0.253904308738256000;;;
670;270;1.540152124090180000;0.0025617591316904200;0.145177861538519000;0.00024147660915981800;0.251778003018243000;;;
670;271;1.543869786322750000;0.0025507626299757100;0.144668862655468000;0.00023902011157404200;0.249680979955131000;;;
670;272;1.547551988826770000;0.0025398836245917000;0.144158694716789000;0.00023659709702629700;0.247612624403293000;;;
670;273;1.551277302018360000;0.0025292490264034300;0.143647346907662000;0.00023420694149197300;0.245572428924324000;;;
670;274;1.555140612007010000;0.0025190069856507200;0.143134808236965000;0.00023184886244682900;0.243559716514371000;;;
670;275;1.558940055820050000;0.0025088260763526900;0.142621067533132000;0.00022952226541908900;0.241574003731033000;;;
670;276;1.562895829282950000;0.0024990582562393500;0.142106113439894000;0.00022722656839962600;0.239614817359151000;;;
670;277;1.566813258270630000;0.0024893855803373500;0.141589934411886000;0.00022496104062516100;0.237681524167099000;;;
670;278;1.570826983422420000;0.0024800198111869900;0.141072518710115000;0.00022272512816966900;0.235773674019414000;;;
670;279;1.574891205296040000;0.0024708834421693400;0.140553854397289000;0.00022051821128689300;0.233890744262544000;;;
670;280;1.579007238736730000;0.0024619752142041600;0.140033929332994000;0.00021833976102685300;0.232032305447762000;;;
670;281;1.583144747423410000;0.0024532431319444400;0.139512731168724000;0.00021618910722820100;0.230197775192128000;;;
670;282;1.587400197558030000;0.0024448334715765400;0.138990247342745000;0.00021406574690427000;0.228386745679930000;;;
670;283;1.591616341293480000;0.0024365005461977800;0.138466465074794000;0.00021196918442709200;0.226598814531885000;;;
670;284;1.595929568828520000;0.0024284505540891300;0.137941371360615000;0.00020989886161354400;0.224833509966125000;;;
670;285;1.600277784670820000;0.0024205845787543900;0.137414952966299000;0.00020785423582500400;0.223090373921554000;;;
670;286;1.604702416583870000;0.0024129624874810900;0.136887196422451000;0.00020583484300284700;0.221369029979415000;;;
670;287;1.609221198954300000;0.0024056057196436800;0.136358088018157000;0.00020384009151091900;0.219668962017191000;;;
670;288;1.613755766656210000;0.0023983955695556900;0.135827613794751000;0.00020186967190435600;0.217989955270014000;;;
670;289;1.618387972901140000;0.0023914489021097000;0.135295759539366000;0.00019992294865520400;0.216331441215779000;;;
670;290;1.623031253144370000;0.0023846347844406400;0.134762510778270000;0.00019799949644705600;0.214693075439344000;;;
670;291;1.627783936352710000;0.0023780961259280200;0.134227852769974000;0.00019609895977911000;0.213074587395837000;;;
670;292;1.632591635368350000;0.0023717484630389800;0.133691770498098000;0.00019422079859442800;0.211475504214004000;;;
670;293;1.637456280406230000;0.0023655921129552700;0.133154248663987000;0.00019236461102208400;0.209895500727966000;;;
670;294;1.642420370077790000;0.0023596856280149000;0.132615271679071000;0.00019052999849336600;0.208334253544215000;;;
670;295;1.647453728781810000;0.0023539817362733100;0.132074823656953000;0.00018871651280906000;0.206791383061293000;;;
670;296;1.652550436645200000;0.0023484686510293100;0.131532888405211000;0.00018692371388438000;0.205266516281887000;;;
670;297;1.657688346670450000;0.0023431139995627900;0.130989449416907000;0.00018515133640183200;0.203759470285146000;;;
670;298;1.662934866457430000;0.0023380085555058700;0.130444489861788000;0.00018339884469748500;0.202269763379571000;;;
670;299;1.668341548760740000;0.0023332223728497100;0.129897992577159000;0.00018166598002335000;0.200797216746248000;;;
670;300;1.673764291579240000;0.0023285491161823400;0.129349940058426000;0.00017995227291956300;0.199341417599054000;;;
670;301;1.679279121903330000;0.0023240934977180900;0.128800314449281000;0.00017825742570796500;0.197902141255935000;;;
670;302;1.684823367741960000;0.0023197656838148300;0.128249097531517000;0.00017658103581063300;0.196479045379334000;;;
670;303;1.690498117303370000;0.0023157026354932800;0.127696270714458000;0.00017492275655878000;0.195071848003335000;;;
1340;259;1.499218241069950000;0.0026966616523704000;0.150702619621553000;0.00027107059140047100;0.276847218134905000;;;
1340;260;1.502462965687450000;0.0026826676102181000;0.150205813203409000;0.00026819447743451400;0.274391427630622000;;;
1340;261;1.505631910343120000;0.0026687681795055700;0.149707946124858000;0.00026536087611619800;0.271971857195699000;;;
1340;262;1.508923092328070000;0.0026553091452828600;0.149209009269601000;0.00026256874779541500;0.269587615110532000;;;
1340;263;1.512261641852780000;0.0026421516528005900;0.148708993383330000;0.00025981728411275000;0.267238041956281000;;;
1340;264;1.515633186835130000;0.0026292647003758600;0.148207889070722000;0.00025710559417386200;0.264922389301500000;;;
1340;265;1.519038567225510000;0.0026166433926541100;0.147705686792349000;0.00025443271668115600;0.262639831409564000;;;
1340;266;1.522463267786610000;0.0026042596420078600;0.147202376861504000;0.00025179800221083400;0.260389859841255000;;;
1340;267;1.525861686163810000;0.0025920294313625900;0.146697949440924000;0.00024920043927926200;0.258171588115759000;;;
1340;268;1.529311813257960000;0.0025800834062576100;0.146192394539431000;0.00024663941519467500;0.255984537934087000;;;
1340;269;1.532907400928590000;0.0025685731410334600;0.145685702008465000;0.00024411414608923300;0.253828050243045000;;;
1340;270;1.536471725514000000;0.0025571950274843400;0.145177861538519000;0.00024162377963897500;0.251701390567300000;;;
1340;271;1.540114111037450000;0.0025461274271484300;0.144668862655468000;0.00023916757623455100;0.249603937370053000;;;
1340;272;1.543718957123660000;0.0025351764036607400;0.144158694716789000;0.00023674498492231700;0.247535262483506000;;;
1340;273;1.547364839548750000;0.0025244672029677000;0.143647346907662000;0.00023435521267723100;0.245494681699435000;;;
1340;274;1.551146668622150000;0.0025141491323771000;0.143134808236965000;0.00023199756749088500;0.243481612429479000;;;
1340;275;1.554862298142290000;0.0025038901893279600;0.142621067533132000;0.00022967145850430100;0.241495574783508000;;;
1340;276;1.558732072551270000;0.0024940411416786300;0.142106113439894000;0.00022737614734715000;0.239535930570347000;;;
1340;277;1.562561029160600000;0.0024842861351522600;0.141589934411886000;0.00022511115045888800;0.237602306423834000;;;
1340;278;1.566483864715620000;0.0024748346592257700;0.141072518710115000;0.00022287568141115200;0.235694006571737000;;;
1340;279;1.570454639687340000;0.0024656107908013200;0.140553854397289000;0.00022066928348829500;0.233810679976879000;;;
1340;280;1.574474574816530000;0.0024566115457454700;0.140033929332994000;0.00021849128153474600;0.231951741732260000;;;
1340;281;1.578513198595330000;0.0024477873374743100;0.139512731168724000;0.00021634123621845400;0.230116853969380000;;;
1340;282;1.582666984297800000;0.0024392821704495600;0.138990247342745000;0.00021421842723278700;0.228305377478729000;;;
1340;283;1.586778389681950000;0.0024308507052832000;0.138466465074794000;0.00021212244033182200;0.226516995611713000;;;
1340;284;1.590983850491770000;0.0024226986931275400;0.137941371360615000;0.00021005265390989700;0.224751168107088000;;;
1340;285;1.595221076128590000;0.0024147286096748800;0.137414952966299000;0.00020800867245945400;0.223007593577414000;;;
1340;286;1.599531418747600000;0.0024069980033777800;0.136887196422451000;0.00020598983215647200;0.221285680759389000;;;
1340;287;1.603932503970900000;0.0023995307070102000;0.136358088018157000;0.00020399575327435600;0.219585140224658000;;;
1340;288;1.608345727104470000;0.0023922053673390300;0.135827613794751000;0.00020202593340278200;0.217905548664150000;;;
1340;289;1.612852900876000000;0.0023851413790936300;0.135295759539366000;0.00020007994177148700;0.216246557551905000;;;
1340;290;1.617367191997550000;0.0023782059250142200;0.134762510778270000;0.00019815722934681600;0.214607688236182000;;;
1340;291;1.621986899579640000;0.0023715414125861700;0.134227852769974000;0.00019625738755905600;0.212988611380435000;;;
1340;292;1.626657393076950000;0.0023650639074943200;0.133691770498098000;0.00019437994901678000;0.211388931777420000;;;
1340;293;1.631380425429650000;0.0023587736564253100;0.133154248663987000;0.00019252452039627700;0.209808332481821000;;;
1340;294;1.636198367639320000;0.0023527285380429600;0.132615271679071000;0.00019069065244810800;0.208246433666701000;;;
1340;295;1.641080802840030000;0.0023468818338557300;0.132074823656953000;0.00018887796616338600;0.206702930034180000;;;
1340;296;1.646021592409510000;0.0023412216354498900;0.131532888405211000;0.00018708602944674000;0.205177456352519000;;;
1340;297;1.650998333238230000;0.0023357139609136100;0.130989449416907000;0.00018531447281074200;0.203669713972517000;;;
1340;298;1.656078302374580000;0.0023304511373712200;0.130444489861788000;0.00018356288427082700;0.202179355779390000;;;
1340;299;1.661312891247820000;0.0023255018754800300;0.129897992577159000;0.00018183090431109700;0.200706090496671000;;;
1340;300;1.666557509679780000;0.0023206599217282000;0.129349940058426000;0.00018011812975431700;0.199249576956726000;;;
1340;301;1.671888029489780000;0.0023160301109884100;0.128800314449281000;0.00017842427322142300;0.197809600344310000;;;
1340;302;1.677241381703370000;0.0023115208756841700;0.128249097531517000;0.00017674883857843300;0.196385712986489000;;;
1340;303;1.682718514794460000;0.0023072707501008300;0.127696270714458000;0.00017509159596571900;0.194977760756481000;;;
1340;304;1.688355204266570000;0.0023033252283592400;0.127141815023987000;0.00017345221514056200;0.193585477142738000;;;
1340;305;1.694064005543240000;0.0022995596901842300;0.126585711091144000;0.00017183022461135200;0.192208436292140000;;;
1340;306;1.699732432921230000;0.0022958220461986900;0.126027939140284000;0.00017022545167181600;0.190846544551468000;;;
1340;307;1.705660180172660000;0.0022925139801226200;0.125468478976767000;0.00016863748445475400;0.189499439775888000;;;
1340;308;1.711652782857720000;0.0022893696121986600;0.124907309974159000;0.00016706600933332400;0.188166868282054000;;;
1340;309;1.717721775850400000;0.0022864024425829500;0.124344411060920000;0.00016551071842264800;0.186848581692158000;;;
1340;310;1.723845777561100000;0.0022835827236325400;0.123779760706558000;0.00016397135217326400;0.185544385213699000;;;
1340;311;1.730177485988550000;0.0022811095061303900;0.123213336907209000;0.00016244756181213000;0.184253982269897000;;;
1340;312;1.736555179591330000;0.0022787661553534300;0.122645117170631000;0.00016093905072084200;0.182977134057906000;;;
1340;313;1.743065741627900000;0.0022766652884046200;0.122075078500566000;0.00015944556029306500;0.181713644143418000;;;
1340;314;1.749730088257620000;0.0022748311800305400;0.121503197380455000;0.00015796679941058900;0.180463278434158000;;;
1340;315;1.756502867059560000;0.0022732017403575500;0.120929449756449000;0.00015650246908337100;0.179225792976005000;;;
1340;316;1.763413687453610000;0.0022718127116044200;0.120353811019702000;0.00015505228280235200;0.178000957231491000;;;
1340;317;1.770475819243500000;0.0022706786650201400;0.119776255987897000;0.00015361598621771600;0.176788576928029000;;;
1340;318;1.777602778376510000;0.0022696866270932600;0.119196758885956000;0.00015219333190027900;0.175588465432296000;;;
1340;319;1.784958344443560000;0.0022690430980621100;0.118615293325910000;0.00015078403004954800;0.174400386882618000;;;
1340;320;1.792414870212800000;0.0022685832551203900;0.118031832285858000;0.00014938786926214600;0.173224195655438000;;;
1340;321;1.800061832449830000;0.0022684169785687500;0.117446348087993000;0.00014800452143975100;0.172059610769690000;;;
1340;322;1.807880602510960000;0.0022685176934275500;0.116858812375612000;0.00014663373407448200;0.170906438320652000;;;
1340;323;1.815861209763760000;0.0022688712737731100;0.116269196089073000;0.00014527533140350000;0.169764574013993000;;;
1340;324;1.823994033201980000;0.0022694624751451700;0.115677469440640000;0.00014392902133261200;0.168633778196009000;;;
1340;325;1.832303317171870000;0.0022703193477470500;0.115083601888135000;0.00014259458329111600;0.167513894829700000;;;
1340;326;1.840855652436100000;0.0022715210721749600;0.114487562107339000;0.00014127175560159100;0.166404720019139000;;;
1340;327;1.849634435422210000;0.0022730438331474200;0.113889317963075000;0.00013996031156191200;0.165306091314383000;;;
1340;328;1.858539745530150000;0.0022747616577771400;0.113288836478868000;0.00013865998943315700;0.164217805451408000;;;
1340;329;1.867698393174370000;0.0022768279339906400;0.112686083805131000;0.00013737058634154900;0.163139729411351000;;;
1340;330;1.877087028311140000;0.0022792112745428800;0.112081025185760000;0.00013609189793163100;0.162071729638092000;;;
2010;277;1.558425828297990000;0.0024793499013573600;0.141589934411886000;0.00022525999219398200;0.237523792669820000;;;
2010;278;1.562261824107260000;0.0024698182265620700;0.141072518710115000;0.00022302502218305400;0.235615136914540000;;;
2010;279;1.566143371114600000;0.0024605107535234600;0.140553854397289000;0.00022081903647657500;0.233731336532446000;;;
2010;280;1.570071604396910000;0.0024514270349585400;0.140033929332994000;0.00021864159520943400;0.231872055102630000;;;
2010;281;1.574015926776880000;0.0024425140052331900;0.139512731168724000;0.00021649196427492400;0.230036641662478000;;;
2010;282;1.578072826364420000;0.0024339192642438300;0.138990247342745000;0.00021436972673110400;0.228224778569237000;;;
2010;283;1.582084479505520000;0.0024253945036537900;0.138466465074794000;0.00021227425443029500;0.226435921117476000;;;
2010;284;1.586187375653860000;0.0024171474736241100;0.137941371360615000;0.00021020507564884100;0.224669688233250000;;;
2010;285;1.590319041643510000;0.0024090788163501000;0.137414952966299000;0.00020816166037900200;0.222925634139949000;;;
2010;286;1.594520765248780000;0.0024012469788199000;0.136887196422451000;0.00020614342190598700;0.221203249402706000;;;
2010;287;1.598810075718860000;0.0023936758038345800;0.136358088018157000;0.00020414998685785300;0.219502250640643000;;;
2010;288;1.603108144077320000;0.0023862428810908900;0.135827613794751000;0.00020218079339858600;0.217822149893961000;;;
2010;289;1.607496755268850000;0.0023790678222293800;0.135295759539366000;0.00020023542003999600;0.216162607523983000;;;
2010;290;1.611888824644580000;0.0023720175073107000;0.134762510778270000;0.00019831332658174400;0.214523153474009000;;;
2010;291;1.616382635599180000;0.0023652353535796300;0.134227852769974000;0.00019641417558840400;0.212903534399249000;;;
2010;292;1.620923332960410000;0.0023586364433155100;0.133691770498098000;0.00019453744397168800;0.211303293992756000;;;
2010;293;1.625512511026840000;0.0023522209699054500;0.133154248663987000;0.00019268274701963400;0.209722123573586000;;;
2010;294;1.630192431989370000;0.0023460468847711200;0.132615271679071000;0.00019084964381541700;0.208159651384266000;;;
2010;295;1.634932459729080000;0.0023400672995506900;0.132074823656953000;0.00018903776366687000;0.206615580117090000;;;
2010;296;1.639726259756840000;0.0023342694912182800;0.131532888405211000;0.00018724662526392300;0.205089489620553000;;;
2010;297;1.644551213485680000;0.0023286193540885900;0.130989449416907000;0.00018547587000778700;0.203581091704737000;;;
2010;298;1.649474495569860000;0.0023232100686121200;0.130444489861788000;0.00018372515189280300;0.202090110417558000;;;
2010;299;1.654547326646150000;0.0023181089793070600;0.129897992577159000;0.00018199401016679000;0.200616141811508000;;;
2010;300;1.659624674159640000;0.0023131106507543900;0.129349940058426000;0.00018028216179365300;0.199158975651172000;;;
2010;301;1.664782286356350000;0.0023083180047477200;0.128800314449281000;0.00017858916886433200;0.197718229303265000;;;
2010;302;1.669956734514890000;0.0023036411945407900;0.128249097531517000;0.00017691470571068700;0.196293642234208000;;;
2010;303;1.675248861198830000;0.0022992176181257300;0.127696270714458000;0.00017525844798099400;0.194884954007949000;;;
2010;304;1.680694220689030000;0.0022950921128056000;0.127141815023987000;0.00017362002753226100;0.193491854026507000;;;
2010;305;1.686204918912860000;0.0022911415923820900;0.126585711091144000;0.00017199913511649000;0.192114095675125000;;;
2010;306;1.691667826625080000;0.0022872099223219200;0.126027939140284000;0.00017039536270339300;0.190751320535141000;;;
2010;307;1.697383062025030000;0.0022837026858290300;0.125468478976767000;0.00016880850813032400;0.189403398948026000;;;
2010;308;1.703155343176750000;0.0022803516308183100;0.124907309974159000;0.00016723817304264700;0.188069980488494000;;;
2010;309;1.708995840282710000;0.0022771701005501600;0.124344411060920000;0.00016568406333370900;0.186750830095552000;;;
2010;310;1.714882720847400000;0.0022741274097344700;0.123779760706558000;0.00016414588774564100;0.185445714857419000;;;
2010;311;1.720968546477950000;0.0022714229947813200;0.123213336907209000;0.00016262331306841100;0.184154353323796000;;;
2010;312;1.727090821853970000;0.0022688399475340800;0.122645117170631000;0.00016111610210980200;0.182876571560955000;;;
2010;313;1.733336111744060000;0.0022664897169194700;0.122075078500566000;0.00015962392304587500;0.181612087530845000;;;
2010;314;1.739724857267670000;0.0022643963833955300;0.121503197380455000;0.00015814650205746000;0.180360683909341000;;;
2010;315;1.746211057689020000;0.0022624973548473100;0.120929449756449000;0.00015668355723230800;0.179122133321133000;;;
2010;316;1.752823792494260000;0.0022608287505065800;0.120353811019702000;0.00015523486008778000;0.177896268752020000;;;
2010;317;1.759575729510030000;0.0022594030221331700;0.119776255987897000;0.00015380004976211400;0.176682770863868000;;;
2010;318;1.766379513138670000;0.0022581070094498800;0.119196758885956000;0.00015237893937402900;0.175481518967393000;;;
2010;319;1.773398570516730000;0.0022571469115302800;0.118615293325910000;0.00015097121845137400;0.174292249974288000;;;
2010;320;1.780504187480440000;0.0022563562733678100;0.118031832285858000;0.00014957665761638000;0.173114793563216000;;;
2010;321;1.787785220366000000;0.0022558460272186400;0.117446348087993000;0.00014819502629706100;0.171948977909176000;;;
2010;322;1.795222107932230000;0.0022555877824086100;0.116858812375612000;0.00014682601573173200;0.170794540153031000;;;
2010;323;1.802803897923760000;0.0022555656054020300;0.116269196089073000;0.00014546939906680200;0.169651312000021000;;;
2010;324;1.810519913027700000;0.0022557641075734000;0.115677469440640000;0.00014412494540463100;0.168519120491619000;;;
2010;325;1.818393349003150000;0.0022562101524688900;0.115083601888135000;0.00014279242228038300;0.167397790913631000;;;
2010;326;1.826489781523790000;0.0022569824555122900;0.114487562107339000;0.00014147159303298400;0.166287143752235000;;;
2010;327;1.834791280445510000;0.0022580551388226300;0.113889317963075000;0.00014016218761464900;0.165186960302083000;;;
2010;328;1.843196251246280000;0.0022593013008409200;0.113288836478868000;0.00013886400618186900;0.164097104632788000;;;
2010;329;1.851830351014720000;0.0022608733785302600;0.112686083805131000;0.00013757683951245800;0.163017430490791000;;;
2010;330;1.860668533417770000;0.0022627370805709000;0.112081025185760000;0.00013630041415833300;0.161947716089505000;;;
2010;331;1.869736694961330000;0.0022649213530164700;0.111473624923044000;0.00013503451799750500;0.160887812758291000;;;
2010;332;1.879002426432410000;0.0022673841923309500;0.110863846340797000;0.00013377892926482200;0.159837561269046000;;;
2010;333;1.888551687049850000;0.0022702271598923300;0.110251651745587000;0.00013253346251106100;0.158796846874111000;;;
2010;334;1.898260781974070000;0.0022732979958055300;0.109637002385945000;0.00013129785968127300;0.157765469190240000;;;
2010;335;1.908292791537780000;0.0022767897556474200;0.109019858409421000;0.00013007191448262000;0.156743290980510000;;;
2010;336;1.918575993902790000;0.0022806136036905500;0.108400178817344000;0.00012885542362615900;0.155730180287296000;;;
2010;337;1.929106829211230000;0.0022847619981217600;0.107777921417138000;0.00012764814024898500;0.154725954217843000;;;
2010;338;1.940034118155630000;0.0022894082901056800;0.107153042772027000;0.00012644987123502100;0.153730496682895000;;;
2010;339;1.951103847954380000;0.0022942495453258000;0.106525498147949000;0.00012526041396913400;0.152743682464419000;;;
2010;340;1.962593151847480000;0.0022996093963553400;0.105895241457485000;0.00012407955874895200;0.151765380242240000;;;
2010;341;1.974435431727560000;0.0023054047862262000;0.105262225200601000;0.00012290705175096900;0.150795407294418000;;;
2010;342;1.986666365701930000;0.0023116743633002900;0.104626400401968000;0.00012174272022175500;0.149833683021743000;;;
2010;343;1.999205452881040000;0.0023183206592141700;0.103987716544618000;0.00012058634155008000;0.148880069171946000;;;
2010;344;2.012284699454710000;0.0023256091837810200;0.103346121499673000;0.00011943771640907300;0.147934459819516000;;;
2010;345;2.025633907467400000;0.0023332225240146100;0.102701561451840000;0.00011829659621491100;0.146996692069566000;;;
2010;346;2.039547507511970000;0.0023414965921707600;0.102053980820385000;0.00011716277626692600;0.146066661598061000;;;
2010;347;2.053852073147490000;0.0023502276929683500;0.101403322175204000;0.00011603605685677900;0.145144275354740000;;;
2010;348;2.068712224256900000;0.0023596000651898000;0.100749526147647000;0.00011491621970340700;0.144229422606778000;;;
2680;291;1.610960964589610000;0.0023591656064801200;0.134227852769974000;0.00019656946421868800;0.212819452530426000;;;
2680;292;1.615378734054910000;0.0023524531863404300;0.133691770498098000;0.00019469343310362900;0.211218695292474000;;;
2680;293;1.619841241317760000;0.0023459198598016500;0.133154248663987000;0.00019283938968222500;0.209636921400012000;;;
2680;294;1.624390656177770000;0.0023396251398133800;0.132615271679071000;0.00019100702307264500;0.208073899309456000;;;
2680;295;1.628996142628370000;0.0023335205254778400;0.132074823656953000;0.00018919585125910100;0.206529209492169000;;;
2680;296;1.633651190352520000;0.0023275946587883100;0.131532888405211000;0.00018740551858007300;0.205002567898009000;;;
2680;297;1.638332955788760000;0.0023218118329047300;0.130989449416907000;0.00018563555873502400;0.203493567579944000;;;
2680;298;1.643108523712110000;0.0023162646865537000;0.130444489861788000;0.00018388558093519500;0.202001881886834000;;;
2680;299;1.648029037668630000;0.0023110228262390900;0.129897992577159000;0.00018215530131260400;0.200527299888096000;;;
2680;300;1.652949029678830000;0.0023058781362368400;0.129349940058426000;0.00018044428070611700;0.199069438334428000;;;
2680;301;1.657944145873960000;0.0023009350870988300;0.128800314449281000;0.00017875219951362800;0.197628043686078000;;;
2680;302;1.662950627872200000;0.0022961021463747400;0.128249097531517000;0.00017707863551519100;0.196202747344626000;;;
2680;303;1.668069239966480000;0.0022915176431281700;0.127696270714458000;0.00017542332793675400;0.194793357625106000;;;
2680;304;1.673335347347340000;0.0022872257694058700;0.127141815023987000;0.00017378586793907900;0.193399517256041000;;;
2680;305;1.678660645570870000;0.0022831030159676900;0.126585711091144000;0.00017216595833896000;0.192020991234859000;;;
2680;306;1.683931643989350000;0.0022789935175086000;0.126027939140284000;0.00017056325139495500;0.190657486865018000;;;
2680;307;1.689448451954360000;0.0022753015545529300;0.125468478976767000;0.00016897741090175700;0.189308722686346000;;;
2680;308;1.695015247539760000;0.0022717594724079500;0.124907309974159000;0.00016740814869875400;0.187974469602751000;;;
2680;309;1.700642884183870000;0.0022683804822649000;0.124344411060920000;0.00016585518203292500;0.186654503502920000;;;
2680;310;1.706309132286610000;0.0022651323681348600;0.123779760706558000;0.00016431813977381700;0.185348499544815000;;;
2680;311;1.712166467135730000;0.0022622156138064300;0.123213336907209000;0.00016279674899075300;0.184056241952530000;;;
2680;312;1.718051687939900000;0.0022594118495596700;0.122645117170631000;0.00016129074169953100;0.182777519614808000;;;
2680;313;1.724051103265570000;0.0022568332664537900;0.122075078500566000;0.00015979984447282200;0.181512114358916000;;;
2680;314;1.730184749619960000;0.0022545025671276300;0.121503197380455000;0.00015832371107687800;0.180259724193258000;;;
2680;315;1.736406057604200000;0.0022523573311722300;0.120929449756449000;0.00015686211846632900;0.179020186015016000;;;
2680;316;1.742743659224030000;0.0022504323166803300;0.120353811019702000;0.00015541477045165200;0.177793252685211000;;;
2680;317;1.749209710618300000;0.0022487409360537400;0.119776255987897000;0.00015398140564405500;0.176578715834096000;;;
2680;318;1.755716088492500000;0.0022471675403323600;0.119196758885956000;0.00015256173206872500;0.175376331192605000;;;
2680;319;1.762425965666860000;0.0022459198740576700;0.118615293325910000;0.00015115553778569200;0.174185945659337000;;;
2680;320;1.769209685557870000;0.0022448299412912400;0.118031832285858000;0.00014976257099633300;0.173007359954309000;;;
2680;321;1.776155606148320000;0.0022440069264420900;0.117446348087993000;0.00014838250527289500;0.171840287820433000;;;
2680;322;1.783243373786250000;0.0022434236426060200;0.116858812375612000;0.00014701516707373100;0.170684619116517000;;;
2680;323;1.790461207256900000;0.0022430624660376200;0.116269196089073000;0.00014566027381477200;0.169540117209724000;;;
2680;324;1.797797540002860000;0.0022429074218566700;0.115677469440640000;0.00014431761584766500;0.168406629772469000;;;
2680;325;1.805274699682450000;0.0022429837812091700;0.115083601888135000;0.00014298691083613200;0.167283919544637000;;;
2680;326;1.812957441376250000;0.0022433705164732300;0.114487562107339000;0.00014166798153823800;0.166171871823153000;;;
2680;327;1.820826767348680000;0.0022440399281101900;0.113889317963075000;0.00014036051176165300;0.165070209113858000;;;
2680;328;1.828779601270080000;0.0022448643255947400;0.113288836478868000;0.00013906436145882400;0.163978860599817000;;;
2680;329;1.836940715951520000;0.0022459948857151400;0.112686083805131000;0.00013777927927657300;0.162897625100759000;;;
2680;330;1.845283666366230000;0.0022473963058158300;0.112081025185760000;0.00013650501900911300;0.161826307464501000;;;
2680;331;1.853832984151440000;0.0022490961541718300;0.111473624923044000;0.00013524136383881000;0.160764747542050000;;;
2680;332;1.862554605509310000;0.0022510506465361200;0.110863846340797000;0.00013398808939332600;0.159712776717613000;;;
2680;333;1.871533061675490000;0.0022533601150036700;0.110251651745587000;0.00013274500982332000;0.158670272965671000;;;
2680;334;1.880642342389180000;0.0022558696697377700;0.109637002385945000;0.00013151186846575800;0.157637030551064000;;;
2680;335;1.890044243884450000;0.0022587721089386200;0.109019858409421000;0.00013028849260668000;0.156612944997028000;;;
2680;336;1.899664562412780000;0.0022619754709943800;0.108400178817344000;0.00012907465369823400;0.155597846140266000;;;
2680;337;1.909497363371200000;0.0022654704653274800;0.107777921417138000;0.00012787014136214200;0.154591586793511000;;;
2680;338;1.919689409161020000;0.0022694284283174200;0.107153042772027000;0.00012667474242816600;0.153594017805818000;;;
2680;339;1.929982985349740000;0.0022735417238984300;0.106525498147949000;0.00012548823825746800;0.152604984935780000;;;
2680;340;1.940653126815880000;0.0022781328994077300;0.105895241457485000;0.00012431043452409300;0.151624365270214000;;;
2680;341;1.951629633016480000;0.0022831159181350400;0.105262225200601000;0.00012314112158788800;0.150652019399587000;;;
2680;342;1.962944615781390000;0.0022885258013453300;0.104626400401968000;0.00012198011848973000;0.149687845360099000;;;
2680;343;1.974513177211200000;0.0022942598578657400;0.103987716544618000;0.00012082717225336600;0.148731655477172000;;;
2680;344;1.986563754768300000;0.0023005806902680700;0.103346121499673000;0.00011968208468797700;0.147783331846730000;;;
2680;345;1.998820074020410000;0.0023071655136737500;0.102701561451840000;0.00011854468736925000;0.146842796693322000;;;
2680;346;2.011572284185010000;0.0023143459723880100;0.102053980820385000;0.00011741473141916600;0.145909876330822000;;;
2680;347;2.024640101787400000;0.0023219111617024000;0.101403322175204000;0.00011629202907936600;0.144984476430746000;;;
2680;348;2.038182065424120000;0.0023300395416585100;0.100749526147647000;0.00011517635431578900;0.144066459323779000;;;
2680;349;2.052173355400920000;0.0023386991145170200;0.100092531335663000;0.00011406751470991100;0.143155733878392000;;;
2680;350;2.066692303260670000;0.0023479751917791000;0.099432274202819100;0.00011296529857011300;0.142252190085482000;;;
2680;351;2.081685175936310000;0.0023578023599508700;0.098768688970707900;0.00011186948470228900;0.141355711532145000;;;
2680;352;2.097252220845870000;0.0023682898070546300;0.098101707504191000;0.00011077984403951400;0.140466177844219000;;;
2680;353;2.113362391662830000;0.0023793985299777300;0.097431259188888400;0.00010969618641955400;0.139583524670980000;;;
2680;354;2.130080391852370000;0.0023911963839609200;0.096757270800257500;0.00010861826480563100;0.138707622961154000;;;
2680;355;2.147574984683950000;0.0024038676044656400;0.096079666363539500;0.00010754585943045400;0.137838386295452000;;;
2680;356;2.165667888331540000;0.0024172064690677600;0.095398367003775900;0.00010647872238512200;0.136975701098593000;;;
2680;357;2.184603829014380000;0.0024314816966389100;0.094713290785015200;0.00010541665720512100;0.136119529692579000;;;
2680;358;2.204332234291430000;0.0024466293518000700;0.094024352537733400;0.00010435937792143300;0.135269729921227000;;;
2680;359;2.224950818087350000;0.0024627525372051300;0.093331463673387500;0.00010330668754300500;0.134426286368397000;;;
2680;360;2.246448095170970000;0.0024798305531733900;0.092634531984900300;0.00010225829084984500;0.133589069360294000;;;
2680;361;2.269086646623110000;0.0024981460174866100;0.091933461431739200;0.00010121394477872700;0.132758031165355000;;;
2680;362;2.292856091715490000;0.0025176782378164600;0.091228151908099200;0.00010017337484246100;0.131933098923288000;;;
3350;303;1.661162025870210000;0.0022841487198862400;0.127696270714458000;0.00017558628763734200;0.194702945366462000;;;
3350;304;1.666259952991180000;0.0022797024642922900;0.127141815023987000;0.00017394975406116100;0.193308399334432000;;;
3350;305;1.671411476348880000;0.0022754198562929400;0.126585711091144000;0.00017233077827666400;0.191929126256323000;;;
3350;306;1.676502662415360000;0.0022711445231588700;0.126027939140284000;0.00017072902427192300;0.190564844782036000;;;
3350;307;1.681833869428420000;0.0022672823687223500;0.125468478976767000;0.00016914421536243300;0.189215338287192000;;;
3350;308;1.687208667891160000;0.0022635642581148500;0.124907309974159000;0.00016757602531059200;0.187880333529645000;;;
3350;309;1.692637636849830000;0.0022600020436736800;0.124344411060920000;0.00016602408985781700;0.186559512983447000;;;
3350;310;1.698098194982340000;0.0022565645631748000;0.123779760706558000;0.00016448814472214900;0.185252669762776000;;;
3350;311;1.703742773042050000;0.0022534527224852400;0.123213336907209000;0.00016296792796032500;0.183959598674424000;;;
3350;312;1.709407523339010000;0.0022504461175667000;0.122645117170631000;0.00016146309408773000;0.182679999088830000;;;
3350;313;1.715178550369100000;0.0022476564997720800;0.122075078500566000;0.00015997334131361300;0.181413618140815000;;;
3350;314;1.721075545158460000;0.0022451083087270900;0.121503197380455000;0.00015849846843919400;0.180160315969332000;;;
3350;315;1.727051436707640000;0.0022427375050166400;0.120929449756449000;0.00015703817886677400;0.178919843759610000;;;
3350;316;1.733134478321540000;0.0022405775505758500;0.120353811019702000;0.00015559210809662500;0.177691873885573000;;;
3350;317;1.739336389628790000;0.0022386428764162300;0.119776255987897000;0.00015416009452222100;0.176476308983750000;;;
3350;318;1.745568366509930000;0.0022368171911084500;0.119196758885956000;0.00015274186019628400;0.175272918405076000;;;
3350;319;1.751993407613850000;0.0022353068923430000;0.118615293325910000;0.00015133708925869000;0.174081426856056000;;;
3350;320;1.758481017618430000;0.0022339437227037700;0.118031832285858000;0.00014994558836428200;0.172901698868024000;;;
3350;321;1.765119155872510000;0.0022328375003247100;0.117446348087993000;0.00014856708648512400;0.171733509122850000;;;
3350;322;1.771886791325810000;0.0022319588722664500;0.116858812375612000;0.00014720131351569400;0.170576632468755000;;;
3350;323;1.778771438524050000;0.0022312909200581900;0.116269196089073000;0.00014584808137648000;0.169430938172332000;;;
3350;324;1.785760777631790000;0.0022308154984627800;0.115677469440640000;0.00014450708901410500;0.168296164041857000;;;
3350;325;1.792876414190470000;0.0022305586513903000;0.115083601888135000;0.00014317814758059800;0.167172177723489000;;;
3350;326;1.800182438894670000;0.0022305974975533200;0.114487562107339000;0.00014186099365262900;0.166058759759261000;;;
3350;327;1.807658885993380000;0.0022309047811953400;0.113889317963075000;0.00014055540342240800;0.164955736533615000;;;
3350;328;1.815201513284910000;0.0022313506781804300;0.113288836478868000;0.00013926118960199300;0.163862977276545000;;;
3350;329;1.822934383140480000;0.0022320852494277400;0.112686083805131000;0.00013797805768735000;0.162780225113219000;;;
3350;330;1.830829880657290000;0.0022330734494149200;0.112081025185760000;0.00013670585354204000;0.161707388324404000;;;
3350;331;1.838911423687550000;0.0022343411374121000;0.111473624923044000;0.00013544431922802800;0.160644253014558000;;;
3350;332;1.847143576991050000;0.0022358429919614500;0.110863846340797000;0.00013419322514535800;0.159590638696534000;;;
3350;333;1.855609745070750000;0.0022376788931752200;0.110251651745587000;0.00013295241346094500;0.158546450608201000;;;
3350;334;1.864182157555790000;0.0022396918647229600;0.109637002385945000;0.00013172162458542600;0.157511473479529000;;;
3350;335;1.873021300939360000;0.0022420737542510200;0.109019858409421000;0.00013050068523478000;0.156485595470747000;;;
3350;336;1.882051103026690000;0.0022447300808104500;0.108400178817344000;0.00012928933851222500;0.155468605391646000;;;
3350;337;1.891263721479080000;0.0022476507183889400;0.107777921417138000;0.00012808743685425600;0.154460424083965000;;;
3350;338;1.900804360955980000;0.0022510049083311400;0.107153042772027000;0.00012689471372063800;0.153460830313035000;;;
3350;339;1.910412215155490000;0.0022544818802848800;0.106525498147949000;0.00012571098711454000;0.152469705695270000;;;
3350;340;1.920360830889790000;0.0022584035995077200;0.105895241457485000;0.00012453607188369500;0.151486929649611000;;;
3350;341;1.930577135284560000;0.0022626811821512700;0.105262225200601000;0.00012336976948484500;0.150512367034989000;;;
3350;342;1.941090478061850000;0.0022673462417211900;0.104626400401968000;0.00012221185896140400;0.149545857061752000;;;
3350;343;1.951812486617800000;0.0022722931810568000;0.103987716544618000;0.00012106213114122400;0.148587255056357000;;;
3350;344;1.962969017311680000;0.0022777825460197500;0.103346121499673000;0.00011992038064522100;0.147636423057568000;;;
3350;345;1.974278920883700000;0.0022834857928172900;0.102701561451840000;0.00011878643589552000;0.146693267186334000;;;
3350;346;1.986029324152150000;0.0022897333609301500;0.102053980820385000;0.00011766009779332900;0.145757662597766000;;;
3350;347;1.998034603879750000;0.0022963075460391000;0.101403322175204000;0.00011654113169622000;0.144829443279084000;;;
3350;348;2.010448877143110000;0.0023033834796425400;0.100749526147647000;0.00011542934354047000;0.143908496564322000;;;
3350;349;2.023241597237270000;0.0023109235585404100;0.100092531335663000;0.00011432455175564600;0.142994729156745000;;;
3350;350;2.036485245214070000;0.0023190073087972600;0.099432274202819100;0.00011322653633193000;0.142088003858203000;;;
3350;351;2.050118858920540000;0.0023275622808765200;0.098768688970707900;0.00011213509596262600;0.141188211144978000;;;
3350;352;2.064235429633610000;0.0023366907381538400;0.098101707504191000;0.00011105000332389800;0.140295213517601000;;;
3350;353;2.078795117988830000;0.0023463453412954400;0.097431259188888400;0.00010997109773644600;0.139408962910710000;;;
3350;354;2.093853257704010000;0.0023565840856853700;0.096757270800257500;0.00010889810148026600;0.138529269036762000;;;
3350;355;2.109568630155110000;0.0023675830953518800;0.096079666363539500;0.00010783085728414500;0.137656100582924000;;;
3350;356;2.125749645441730000;0.0023791227005328900;0.095398367003775900;0.00010676912072836700;0.136789322618011000;;;
3350;357;2.142628685926230000;0.0023914589703596800;0.094713290785015200;0.00010571264650188100;0.135928806262627000;;;
3350;358;2.160139096866210000;0.0024045138582435400;0.094024352537733400;0.00010466125029510500;0.135074509341247000;;;
3350;359;2.178361263973280000;0.0024183721693680400;0.093331463673387500;0.00010361468412379600;0.134226317233702000;;;
3350;360;2.197263161938950000;0.0024329942149791100;0.092634531984900300;0.00010257272971694300;0.133384163782321000;;;
3350;361;2.217085586491900000;0.0024486405206814700;0.091933461431739200;0.00010153509645266300;0.132547899898624000;;;
3350;362;2.237791119767630000;0.0024652649067535200;0.091228151908099200;0.00010050158811532400;0.131717511502751000;;;
3350;363;2.259458026435140000;0.0024829464744167000;0.090518498992523100;0.00009947190224975330;0.130892859309520000;;;
3350;364;2.282106106708630000;0.0025017017358135900;0.089804393677097300;0.00009844582023826350;0.130073928701263000;;;
3350;365;2.305855924966740000;0.0025216558762071200;0.089085722074131600;0.00009742305758224170;0.129260635055023000;;;
3350;366;2.330871518244270000;0.0025429797175602100;0.088362365097973900;0.00009640329828606590;0.128452869675530000;;;
3350;367;2.357106036820540000;0.0025656148262307600;0.087634198119314000;0.00009538628914761640;0.127650627211312000;;;
3350;368;2.384890587730450000;0.0025899123903823300;0.086901090588989500;0.00009437171349162100;0.126853840177898000;;;
3350;369;2.414284033566940000;0.0026159250251161300;0.086162905627911600;0.00009335923111572190;0.126062433768814000;;;
3350;370;2.445366111788550000;0.0026437286371190600;0.085419499579277900;0.00009234853469076100;0.125276404723572000;;;
3350;371;2.478347503412800000;0.0026735386233088800;0.084670721518709000;0.00009133926696396550;0.124495713033054000;;;
3350;372;2.513613842406050000;0.0027057568379003300;0.083916412717334500;0.00009033106187251620;0.123720340673634000;;;
3350;373;2.551209979443300000;0.0027404152839064500;0.083156406052141700;0.00008932353194610270;0.122950278565256000;;;
3350;374;2.591484242862090000;0.0027778696542582000;0.082390525357060300;0.00008831623839433400;0.122185489735467000;;;
4020;313;1.706689380173970000;0.0022389259192819800;0.122075078500566000;0.00016014458197744200;0.181316669864873000;;;
4020;314;1.712366369398600000;0.0022361771677151100;0.121503197380455000;0.00015867087828989600;0.180062452402488000;;;
4020;315;1.718114387405790000;0.0022335983874594600;0.120929449756449000;0.00015721178167898600;0.178821025207896000;;;
4020;316;1.723961366431760000;0.0022312235801052800;0.120353811019702000;0.00015576698314215000;0.177592121652474000;;;
4020;317;1.729918652494630000;0.0022290664304306600;0.119776255987897000;0.00015433629263450000;0.176375609550255000;;;
4020;318;1.735896833746340000;0.0022270089011066000;0.119196758885956000;0.00015291936586415300;0.175171179807146000;;;
4020;319;1.742058800355280000;0.0022252590288363100;0.118615293325910000;0.00015151598348902900;0.173978664924578000;;;
4020;320;1.748273305159710000;0.0022236466032025500;0.118031832285858000;0.00015012588830225500;0.172797853313290000;;;
4020;321;1.754627990743100000;0.0022222821387381100;0.117446348087993000;0.00014874886471258800;0.171628580493386000;;;
4020;322;1.761101243605090000;0.0022211347739514600;0.116858812375612000;0.00014738458265965800;0.170470549163200000;;;
4020;323;1.767679976598880000;0.0022201878016577500;0.116269196089073000;0.00014603290996268900;0.169323689760925000;;;
4020;324;1.774351228012030000;0.0022194221263154100;0.115677469440640000;0.00014469352580231700;0.168187714035736000;;;
4020;325;1.781136000137990000;0.0022188629734201100;0.115083601888135000;0.00014336622417245000;0.167062465967514000;;;
4020;326;1.788097845570260000;0.0022185879309975500;0.114487562107339000;0.00014205079669992500;0.165947786567853000;;;
4020;327;1.795216012705240000;0.0022185681348584000;0.113889317963075000;0.00014074696857949700;0.164843438854535000;;;
4020;328;1.802385198878740000;0.0022186728014176900;0.113288836478868000;0.00013945457405902200;0.163749312955038000;;;
4020;329;1.809728930408200000;0.0022190520928785800;0.112686083805131000;0.00013817333961151000;0.162665172531106000;;;
4020;330;1.817218612424630000;0.0022196692125323600;0.112081025185760000;0.00013690306670475700;0.161590868917942000;;;
4020;331;1.824876750776920000;0.0022205495600046200;0.111473624923044000;0.00013564352149787700;0.160526211788895000;;;
4020;332;1.832666764608030000;0.0022216475151317800;0.110863846340797000;0.00013439453014452500;0.159471081752337000;;;
4020;333;1.840671168476750000;0.0022230611086798300;0.110251651745587000;0.00013315586366583700;0.158425294391128000;;;
4020;334;1.848760611785180000;0.0022246319281423400;0.109637002385945000;0.00013192728926547000;0.157388660680635000;;;
4020;335;1.857094745296410000;0.0022265513304728000;0.109019858409421000;0.00013070863045854400;0.156361058929510000;;;
4020;336;1.865595868009800000;0.0022287235150196000;0.108400178817344000;0.00012949965836935200;0.155342305392996000;;;
4020;337;1.874254590413260000;0.0022311362772621900;0.107777921417138000;0.00012830019549727700;0.154332278326296000;;;
4020;338;1.883214940663740000;0.0022339586106249800;0.107153042772027000;0.00012711000607868400;0.153330786695103000;;;
4020;339;1.892213490959950000;0.0022368770075006500;0.106525498147949000;0.00012592893912769600;0.152337742342073000;;;
4020;340;1.901522756868830000;0.0022402117173367900;0.105895241457485000;0.00012475672976635900;0.151352920547305000;;;
4020;341;1.911067344577930000;0.0022438719955669600;0.105262225200601000;0.00012359321610974200;0.150376222070400000;;;
4020;342;1.920874442530570000;0.0022478880517782600;0.104626400401968000;0.00012243821363686500;0.149407521806109000;;;
4020;343;1.930852890999090000;0.0022521514695750100;0.103987716544618000;0.00012129152341198300;0.148446678619542000;;;
4020;344;1.941226687227680000;0.0022569208576387200;0.103346121499673000;0.00012015290058771000;0.147493496604957000;;;
4020;345;1.951710695238600000;0.0022618636791900400;0.102701561451840000;0.00011902221584927200;0.146547923209197000;;;
4020;346;1.962589924621270000;0.0022673079987257400;0.102053980820385000;0.00011789921272550800;0.145609751869322000;;;
4020;347;1.973674511689460000;0.0022730331862693100;0.101403322175204000;0.00011678375291217400;0.144678923772830000;;;
4020;348;1.985115331679510000;0.0022792106213605600;0.100749526147647000;0.00011567559145215100;0.143755250980545000;;;
4020;349;1.996877479548120000;0.0022857983121295600;0.100092531335663000;0.00011457455028017400;0.142838630993941000;;;
4020;350;2.009029051582290000;0.0022928722246506700;0.099432274202819100;0.00011348043950580700;0.141928949920363000;;;
4020;351;2.021503714620620000;0.0023003545493147500;0.098768688970707900;0.00011239306727975100;0.141026094958555000;;;
4020;352;2.034389176343550000;0.0023083423788660100;0.098101707504191000;0.00011131219704877200;0.140129900918003000;;;
4020;353;2.047639097250030000;0.0023167816369289000;0.097431259188888400;0.00011023766466211100;0.139240297601722000;;;
4020;354;2.061302053745310000;0.0023257246710832300;0.096757270800257500;0.00010916923669579000;0.138357132211655000;;;
4020;355;2.075529823937550000;0.0023353407769136200;0.096079666363539500;0.00010810673983250900;0.137480332885523000;;;
4020;356;2.090121233594950000;0.0023454002579708600;0.095398367003775900;0.00010704994092415200;0.136609757475639000;;;
4020;357;2.105299943910800000;0.0023561524950846100;0.094713290785015200;0.00010599865213801700;0.135745327461561000;;;
4020;358;2.120988103705680000;0.0023675066499882900;0.094024352537733400;0.00010495263009962500;0.134886899983480000;;;
4020;359;2.137254231288050000;0.0023795365559383100;0.093331463673387500;0.00010391165748036000;0.134034372506368000;;;
4020;360;2.154052205865370000;0.0023921890325346700;0.092634531984900300;0.00010287555280455000;0.133187696885521000;;;
4020;361;2.171608521490910000;0.0024057112671694200;0.091933461431739200;0.00010184403026949800;0.132346698927360000;;;
4020;362;2.189867691323250000;0.0024200390546615800;0.091228151908099200;0.00010081690842646000;0.131511349005142000;;;
4020;363;2.208888098897710000;0.0024352327848256900;0.090518498992523100;0.00009979392640569050;0.130681525027680000;;;
4020;364;2.228666333277490000;0.0024512846628820700;0.089804393677097300;0.00009877482761466530;0.129857121637255000;;;
4020;365;2.249296941375710000;0.0024682952147045800;0.089085722074131600;0.00009775937425122370;0.129038070741747000;;;
4020;366;2.270914179685440000;0.0024864073229655100;0.088362365097973900;0.00009674730715036860;0.128224290222394000;;;
4020;367;2.293434954581610000;0.0025055252604792500;0.087634198119314000;0.00009573835814752380;0.127415701411237000;;;
4020;368;2.317151067166580000;0.0025259623992723900;0.086901090588989500;0.00009473222976004210;0.126612203464945000;;;
4020;369;2.342072972369400000;0.0025477248467822800;0.086162905627911600;0.00009372866607017230;0.125813769660940000;;;
4020;370;2.368223319589390000;0.0025708302553535500;0.085419499579277900;0.00009272733365096770;0.125020290302160000;;;
4020;371;2.395746212687820000;0.0025954286659891300;0.084670721518709000;0.00009172792035976640;0.124231706728061000;;;
4020;372;2.424949282731960000;0.0026218461327559300;0.083916412717334500;0.00009073011288294770;0.123447984220463000;;;
4020;373;2.455779987055960000;0.0026500163964492400;0.083156406052141700;0.00008973354317955230;0.122669041972380000;;;
4020;374;2.488471477478470000;0.0026801829842435900;0.082390525357060300;0.00008873788031062290;0.121894881098294000;;;
4020;375;2.523209555079180000;0.0027125344033989900;0.081618584707281000;0.00008774269997891110;0.121125409914467000;;;
4020;376;2.560309051272400000;0.0027473982698366900;0.080840387628144000;0.00008674762954578170;0.120360646684105000;;;
4020;377;2.600000688485630000;0.0027850079845602200;0.080055726218568700;0.00008575222218819540;0.119600551326879000;;;
4020;378;2.642530185509230000;0.0028256116251830200;0.079264380177372500;0.00008475602485840660;0.118845124279435000;;;
4020;379;2.688370631505310000;0.0028696974587707000;0.078466115718887300;0.00008375854513483360;0.118094366720721000;;;
4020;380;2.737945281602230000;0.0029176967010367100;0.077660684361963700;0.00008275925895442130;0.117348298384864000;;;
4020;381;2.791807789546110000;0.0029701757874310200;0.076847821573664500;0.00008175761232904460;0.116606968502489000;;;
4020;382;2.850547156547070000;0.0030277328394336700;0.076027245245571100;0.00008075298336777110;0.115870411531210000;;;
4020;383;2.914981022448500000;0.0030912036590305100;0.075198653976531600;0.00007974472304837470;0.115138716592340000;;;
4020;384;2.986121693467140000;0.0031616226349020100;0.074361725130668700;0.00007873212731344140;0.114412001720607000;;;
4690;300;1.634320317649980000;0.0022859031685998300;0.129349940058426000;0.00018092012602702000;0.198807542668705000;;;
4690;301.3;1.640219812260210000;0.0022789409613193500;0.128635117299934000;0.00017872716552239300;0.196934342771207000;;;
4690;302.6;1.646290658204090000;0.0022723869029625300;0.127917595834820000;0.00017656558274502700;0.195088270700776000;;;
4690;303.9;1.652395840262150000;0.0022660452082078800;0.127197334441205000;0.00017443454115787400;0.193268603479286000;;;
4690;305.2;1.658663210823370000;0.0022600868169277100;0.126474290782529000;0.00017233328346143400;0.191474700062020000;;;
4690;306.5;1.665022020458450000;0.0022544107999255500;0.125748421363986000;0.00017026117115166000;0.189706046557206000;;;
4690;307.8;1.671501163624450000;0.0022490516654670200;0.125019681486722000;0.00016821748556499500;0.187962035728553000;;;
4690;309.1;1.678038084487240000;0.0022439208005067800;0.124288025199640000;0.00016620152282455800;0.186242072074639000;;;
4690;310.4;1.684795685950180000;0.0022392314995579800;0.123553405248678000;0.00016421259813142300;0.184545576832048000;;;
4690;311.7;1.691619951294600000;0.0022347746579383700;0.122815773023377000;0.00016225014190551800;0.182872096594832000;;;
4690;313;1.698557331521680000;0.0022306081505334100;0.122075078500566000;0.00016031349665214000;0.181221075553983000;;;
4690;314.3;1.705705141492500000;0.0022268550845626300;0.121331270184971000;0.00015840202937503600;0.179591981473228000;;;
4690;315.6;1.712934476773800000;0.0022233427457003800;0.120584295046532000;0.00015651516229742200;0.177984341008381000;;;
4690;316.9;1.720284333684240000;0.0022201185444668000;0.119834098454209000;0.00015465228568807200;0.176397641205768000;;;
4690;318.2;1.727861611975070000;0.0022173161185326100;0.119080624106031000;0.00015281280943177500;0.174831387954143000;;;
4690;319.5;1.735554622235640000;0.0022147883591785100;0.118323813955110000;0.00015099623048671800;0.173285183742800000;;;
4690;320.8;1.743420403482850000;0.0022126045336793200;0.117563608131347000;0.00014920197780608100;0.171758550702701000;;;
4690;322.1;1.751440476191640000;0.0022107371821539900;0.116799944858501000;0.00014742949274170500;0.170251022283514000;;;
4690;323.4;1.759681296261300000;0.0022092662219727900;0.116032760366299000;0.00014567823086156300;0.168762145618713000;;;
4690;324.7;1.768015077035500000;0.0022080284380338200;0.115261988797186000;0.00014394772555630900;0.167291555757108000;;;
4690;326;1.776644745189070000;0.0022072744804587800;0.114487562107339000;0.00014223748155266500;0.165838853032415000;;;
4690;327.3;1.785485796988390000;0.0022068935444984800;0.113709409961488000;0.00014054693866286200;0.164403560225648000;;;
4690;328.6;1.794428440167810000;0.0022067478168188000;0.112927459621053000;0.00013887565499928600;0.162985336443753000;;;
4690;329.9;1.803635136746980000;0.0022070344164366900;0.112141635825091000;0.00013722312497630500;0.161583765220793000;;;
4690;331.2;1.813090764944950000;0.0022077313302194200;0.111351860663446000;0.00013558890498920000;0.160198501912460000;;;
4690;332.5;1.822780792387480000;0.0022088175251765900;0.110558053441489000;0.00013397253636358200;0.158829183753779000;;;
4690;333.8;1.832716897268260000;0.0022103033780367500;0.109760130535734000;0.00013237352024117700;0.157475399884715000;;;
4690;335.1;1.842945625462940000;0.0022122421488074800;0.108958005239573000;0.00013079142884664400;0.156136823569670000;;;
4690;336.4;1.853437729383120000;0.0022145951485225000;0.108151587598269000;0.00012922580424638800;0.154813092636558000;;;
4690;337.7;1.864156309600700000;0.0022173159568890800;0.107340784232293000;0.00012767622139703100;0.153503884934887000;;;
4690;339;1.875235991396950000;0.0022205621018859900;0.106525498147949000;0.00012614224831278300;0.152208871303724000;;;
4690;340.3;1.886633526345050000;0.0022242783149797500;0.105705628534167000;0.00012462342794010700;0.150927693843287000;;;
4690;341.6;1.898409200520190000;0.0022285332793367900;0.104881070544184000;0.00012311937595758500;0.149660084648017000;;;
4690;342.9;1.910547893235050000;0.0022333051265105400;0.104051715060704000;0.00012162962754825600;0.148405680954114000;;;
4690;344.2;1.923018910738950000;0.0022385552563149800;0.103217448442982000;0.00012015376472125800;0.147164179763322000;;;
4690;345.5;1.935835869770720000;0.0022442976254238600;0.102378152254084000;0.00011869138679940700;0.145935303216456000;;;
4690;346.8;1.949235865735670000;0.0022508035914183200;0.101533702966371000;0.00011724205741538500;0.144718734242525000;;;
4690;348.1;1.962937948507730000;0.0022577453891916500;0.100683971643028000;0.00011580537882787500;0.143514208530650000;;;
4690;349.4;1.977191942506120000;0.0022654075589710700;0.099828823593200100;0.00011438088872877600;0.142321387903061000;;;
4690;350.7;1.991917776983380000;0.0022736956700824300;0.098968117997984900;0.00011296820780876200;0.141140043975130000;;;
4690;352;2.007208553264750000;0.0022827127874415600;0.098101707504191000;0.00011156689314891100;0.139969877373448000;;;
4690;353.3;2.023109334699870000;0.0022925064400114400;0.097229437782375000;0.00011017650329207400;0.138810599232300000;;;
4690;354.6;2.039609195791700000;0.0023030615460496100;0.096351147045209700;0.00010879663718689000;0.137661981790280000;;;
4690;355.9;2.056718310063690000;0.0023143860588118700;0.095466665521708600;0.00010742682587284200;0.136523723301831000;;;
4690;357.2;2.074578615483820000;0.0023266373320125100;0.094575814882219200;0.00010606665853400700;0.135395608705135000;;;
4690;358.5;2.093268979335330000;0.0023398993596712900;0.093678407608386500;0.00010471566155224400;0.134277358026198000;;;
4690;359.8;2.112687877782170000;0.0023540554248994200;0.092774246301456000;0.00010337339466640100;0.133168750525047000;;;
4690;361.1;2.133078941151440000;0.0023693727545176300;0.091863122921319300;0.00010203934622184500;0.132069492458074000;;;
4690;362.4;2.154329878662760000;0.0023857236546900500;0.090944817947563800;0.00010071308280032800;0.130979412154407000;;;
4690;363.7;2.176666466748200000;0.0024033541534432400;0.090019099452446400;0.00009939408718023150;0.129898253706187000;;;
4690;365;2.200214395934990000;0.0024223982276705600;0.089085722074131600;0.00009808184859704220;0.128825796299893000;;;
4690;366.3;2.224892873220570000;0.0024427616553983700;0.088144425876645100;0.00009677581615734130;0.127761796818234000;;;
4690;367.6;2.250979213677300000;0.0024647448542078200;0.087194935080760200;0.00009547545630250260;0.126706069194341000;;;
4690;368.9;2.278590251640750000;0.0024884693822923200;0.086236956647346100;0.00009418017394064810;0.125658384890963000;;;
4690;370.2;2.307803752441460000;0.0025140145867828900;0.085270178691486300;0.00009288938577259640;0.124618574944565000;;;
4690;371.5;2.338845415417230000;0.0025416193719350600;0.084294268701775100;0.00009160243976077900;0.123586428511549000;;;
4690;372.8;2.371909670450540000;0.0025714877839258200;0.083308871534476300;0.00009031867786215440;0.122561783210046000;;;
4690;374.1;2.407273350490580000;0.0026039106235956000;0.082313607146449300;0.00008903736506343740;0.121544437081334000;;;
4690;375.4;2.445178739948720000;0.0026391406856617000;0.081308068023669900;0.00008775776874222140;0.120534265034780000;;;
4690;376.7;2.485884919314570000;0.0026774460581467300;0.080291816253421800;0.00008647906637143960;0.119531103770995000;;;
4690;378;2.529876030857760000;0.0027193351066116500;0.079264380177372500;0.00008520038495604090;0.118534817334476000;;;
4690;379.3;2.577516206667960000;0.0027651835110299500;0.078225250549155300;0.00008392078094606360;0.117545283929847000;;;
4690;380.6;2.629446139935680000;0.0028156614006962100;0.077173876102965600;0.00008263926793744770;0.116562452204407000;;;
4690;381.9;2.686373562066580000;0.0028715034171378100;0.076109658417957800;0.00008135471079317470;0.115586213396327000;;;
4690;383.2;2.749056644431290000;0.0029334936802147200;0.075031945935440100;0.00008006591630685010;0.114616553209734000;;;
4690;384.5;2.818631002653110000;0.0030028105833409500;0.073940026950012200;0.00007877153669601390;0.113653445584889000;;;
4690;385.8;2.896389074885480000;0.0030807906570991600;0.072833121349084700;0.00007747011674821390;0.112696956899944000;;;
4690;387.1;2.984085167357900000;0.0031692478261786400;0.071710370813799600;0.00007616000350865350;0.111747161986143000;;;
4690;388.4;3.084157953846630000;0.0032707061799494700;0.070570827112688700;0.00007483937068584220;0.110804236525574000;;;
4690;389.7;3.199667495069290000;0.0033883237844974100;0.069413438009550500;0.00007350613878908800;0.109868413000040000;;;
4690;391;3.335187803978750000;0.0035268289279603200;0.068237030157360500;0.00007215795513223610;0.108940043837890000;;;
4690;392.3;3.497080365216520000;0.0036927904613480500;0.067040288143343400;0.00007079212106309020;0.108019614171811000;;;
5360;294;1.603015641367600000;0.0023162576425459500;0.132615271679071000;0.00019162079808709500;0.207740428439644000;;;
5360;295.5;1.609210948642040000;0.0023064959788453000;0.131804042958996000;0.00018891587540901200;0.205426919151780000;;;
5360;297;1.615504321855940000;0.0022971302361128900;0.130989449416907000;0.00018625751772776100;0.203153461085302000;;;
5360;298.5;1.621949240404510000;0.0022882281355967200;0.130171434521572000;0.00018364442702840800;0.200918963571952000;;;
5360;300;1.628533783286540000;0.0022797631168070300;0.129349940058426000;0.00018107528718949200;0.198722305555678000;;;
5360;301.5;1.635171601955940000;0.0022716069852703600;0.128524906057037000;0.00017854888993372400;0.196562473742354000;;;
5360;303;1.641916715367900000;0.0022638297334231600;0.127696270714458000;0.00017606411566732200;0.194438543101518000;;;
5360;304.5;1.648940136765980000;0.0022566581646480500;0.126863970314166000;0.00017361977431795700;0.192349501921444000;;;
5360;306;1.655873287488720000;0.0022495795961716000;0.126027939140284000;0.00017121471949554000;0.190294377299774000;;;
5360;307.5;1.663145711755500000;0.0022431741524941600;0.125188109386729000;0.00016884794230056300;0.188272340359188000;;;
5360;309;1.670488449264390000;0.0022370681661965300;0.124344411060920000;0.00016651831609571000;0.186282423079184000;;;
5360;310.5;1.677948931685300000;0.0022313213258875300;0.123496771881646000;0.00016422489121943400;0.184323846808754000;;;
5360;312;1.685583622440570000;0.0022260026169086000;0.122645117170631000;0.00016196666136183500;0.182395762338661000;;;
5360;313.5;1.693407664750700000;0.0022211250031769900;0.121789369737335000;0.00015974264193766100;0.180497337318361000;;;
5360;315;1.701377693698510000;0.0022166263522654100;0.120929449756449000;0.00015755196867098500;0.178627868356540000;;;
5360;316.5;1.709517852033530000;0.0022125314222113800;0.120065274637500000;0.00015539363484032100;0.176786484361902000;;;
5360;318;1.717844373718640000;0.0022088560697991400;0.119196758885956000;0.00015326678504391200;0.174972479089949000;;;
5360;319.5;1.726390911468870000;0.0022056388557584700;0.118323813955110000;0.00015117062994665400;0.173185216428631000;;;
5360;321;1.735115545883800000;0.0022028192511548400;0.117446348087993000;0.00014910423525384600;0.171423889139401000;;;
5360;322.5;1.744061396597460000;0.0022004481504182400;0.116564266148478000;0.00014706685461399400;0.169687900040836000;;;
5360;324;1.753212918868620000;0.0021984995969018300;0.115677469440640000;0.00014505760663684000;0.167976491918855000;;;
5360;325.5;1.762572069748500000;0.0021969725436718300;0.114785855515367000;0.00014307577959358400;0.166289098916826000;;;
5360;327;1.772260556659260000;0.0021960134540779100;0.113889317963075000;0.00014112060079592200;0.164625081215562000;;;
5360;328.5;1.782137297089880000;0.0021954419884863700;0.112987746191298000;0.00013919131964629200;0.162983821132345000;;;
5360;330;1.792223360049780000;0.0021952802035279900;0.112081025185760000;0.00013728716033172700;0.161364668183242000;;;
5360;331.5;1.802677234891710000;0.0021957185057133300;0.111169035253391000;0.00013540743913750700;0.159767077151206000;;;
5360;333;1.813377133412580000;0.0021966032091878000;0.110251651745587000;0.00013355144254348100;0.158190466042757000;;;
5360;334.5;1.824295884344810000;0.0021978988283379700;0.109328744759800000;0.00013171850140829900;0.156634303953864000;;;
5360;336;1.835697982506010000;0.0021999199199563300;0.108400178817344000;0.00012990792329659400;0.155098031698304000;;;
5360;337.5;1.847370884466460000;0.0022024059976758500;0.107465812515027000;0.00012811902147984800;0.153581096469500000;;;
5360;339;1.859351072268070000;0.0022053982304984400;0.106525498147949000;0.00012635114939960100;0.152082993966262000;;;
5360;340.5;1.871813528137420000;0.0022091001552615000;0.105579081300467000;0.00012460363245975300;0.150603187537650000;;;
5360;342;1.884618466152690000;0.0022133433588965500;0.104626400401968000;0.00012287587787871400;0.149141241499448000;;;
5360;343.5;1.897833280804160000;0.0022182032756510200;0.103667286243622000;0.00012116718378234800;0.147696591318236000;;;
5360;345;1.911544623082020000;0.0022237780606991500;0.102701561451840000;0.00011947692792434900;0.146268772716942000;;;
5360;346.5;1.925773019836010000;0.0022300882720620600;0.101729039913533000;0.00011780450577639800;0.144857348664881000;;;
5360;348;1.940413292237910000;0.0022370085743334500;0.100749526147647000;0.00011614925271532600;0.143461814946053000;;;
5360;349.5;1.955679760517430000;0.0022447842770584400;0.099762814616644300;0.00011451056671327800;0.142081752075372000;;;
5360;351;1.971499176610800000;0.0022533276127542500;0.098768688970707900;0.00011288780475974200;0.140716699477431000;;;
5360;352.5;1.987964510269880000;0.0022627426612616900;0.097766921216401300;0.00011128034849401300;0.139366238264040000;;;
5360;354;2.005044776218440000;0.0022729906995211900;0.096757270800257500;0.00010968751383938100;0.138029880238480000;;;
5360;355.5;2.022927187061350000;0.0022842825724342700;0.095739483596331000;0.00010810870271146500;0.136707260016307000;;;
5360;357;2.041599409251160000;0.0022966011300654900;0.094713290785015200;0.00010654325704809600;0.135397954762331000;;;
5360;358.5;2.061055540123940000;0.0023099368240225500;0.093678407608386500;0.00010499047654843600;0.134101507959382000;;;
5360;360;2.081390579744770000;0.0023243954987353800;0.092634531984900300;0.00010344972792159200;0.132817571672921000;;;
5360;361.5;2.102800915792420000;0.0023401933301828000;0.091581342963353200;0.00010192027517320100;0.131545693622246000;;;
5360;363;2.125305252898430000;0.0023573493025199500;0.090518498992523100;0.00010040144594484500;0.130285534012591000;;;
5360;364.5;2.148916741871380000;0.0023758759658924900;0.089445635978673100;0.00009889249436003400;0.129036693934827000;;;
5360;366;2.173822307931590000;0.0023959783937494400;0.088362365097973900;0.00009739265110256090;0.127798784400057000;;;
5360;367.5;2.200105417230570000;0.0024177464763845800;0.087268270324641900;0.00009590111065822070;0.126571415473604000;;;
5360;369;2.227985253397940000;0.0024414201905582800;0.086162905627911600;0.00009441707801087450;0.125354264820776000;;;
5360;370.5;2.257517018270890000;0.0024670573616995500;0.085045791781484500;0.00009293965228079700;0.124146931961015000;;;
5360;372;2.289041274008770000;0.0024950287864831200;0.083916412717334500;0.00009146792928791260;0.122949082634308000;;;
5360;373.5;2.322644073058580000;0.0025254256425762600;0.082774211341037500;0.00009000092536322540;0.121760358223228000;;;
5360;375;2.358591165797510000;0.0025585355678423700;0.081618584707281000;0.00008853762152540090;0.120580447361184000;;;
5360;376.5;2.397284498758200000;0.0025947913656126900;0.080448878430726700;0.00008707688020900580;0.119408987785996000;;;
5360;378;2.438974650100820000;0.0026344616442180500;0.079264380177372500;0.00008561752346272790;0.118245689709422000;;;
5360;379.5;2.484189039545000000;0.0026781121449056800;0.078064312042845800;0.00008415824192024620;0.117090232247665000;;;
5360;381;2.533370615492700000;0.0027262159395086500;0.076847821573664500;0.00008269763405694830;0.115942341930134000;;;
5360;382.5;2.587117969659980000;0.0027794106508451900;0.075613971121274600;0.00008123412969637110;0.114801716249628000;;;
5360;384;2.646291331280770000;0.0028386126802046000;0.074361725130668700;0.00007976602325778080;0.113668106238868000;;;
5360;385.5;2.711864172457470000;0.0029048555267877000;0.073089934847135600;0.00007829142157988530;0.112541288490231000;;;
5360;387;2.785048849527210000;0.0029794228125337600;0.071797319763734400;0.00007680819401755390;0.111421049597437000;;;
5360;388.5;2.867411718834340000;0.0030639709501146700;0.070482444910033900;0.00007531397123019080;0.110307254796785000;;;
5360;390;2.961036760474960000;0.0031606978921316200;0.069143692771679200;0.00007380601514808210;0.109199748388154000;;;
5360;391.5;3.068971809038670000;0.0032728178806630300;0.067779228187625700;0.00007228123415688430;0.108098489890927000;;;
5360;393;3.194867002733710000;0.0034041663471970900;0.066386953930071700;0.00007073603823517600;0.107003490850657000;;;
5360;394.5;3.344562849432760000;0.0035608845156543300;0.064964453722775700;0.00006916626409595150;0.105914902088376000;;;
5360;396;3.526484307567740000;0.0037518169817256300;0.063508918017281400;0.00006756696367453790;0.104832963277230000;;;
5360;397.5;3.754170178679890000;0.0039911749571422000;0.062017045618344900;0.00006593224803541580;0.103758134840630000;;;
5360;399;4.050062480350390000;0.0043025052986845700;0.060484910692309400;0.00006425497137555520;0.102691134520937000;;;
5360;400.5;4.456533553177820000;0.0047302861300400400;0.058907778823250900;0.00006252632136481790;0.101633056137208000;;;
6030;302;1.631554290579330000;0.0022628333634234700;0.128249097531517000;0.00017787108795516800;0.195765251164671000;;;
6030;303.5;1.638213848517220000;0.0022551100187154200;0.127419247679568000;0.00017540104564459400;0.193652144884820000;;;
6030;305;1.645020524299310000;0.0022478130477560100;0.126585711091144000;0.00017297110209086600;0.191573567353787000;;;
6030;306.5;1.651879088489970000;0.0022408057191845500;0.125748421363986000;0.00017058014943964800;0.189528581340745000;;;
6030;308;1.658911127075890000;0.0022342481377598600;0.124907309974159000;0.00016822717030916100;0.187516341455659000;;;
6030;309.5;1.666038335122540000;0.0022280273850580700;0.124062306177853000;0.00016591107766880100;0.185535916575230000;;;
6030;311;1.673349892355640000;0.0022222576874337200;0.123213336907209000;0.00016363092165437700;0.183586520488990000;;;
6030;312.5;1.680776112439590000;0.0022168395467482300;0.122360326659679000;0.00016138568907818000;0.181667288615839000;;;
6030;314;1.688373411759240000;0.0022118416104019700;0.121503197380455000;0.00015917440175923400;0.179777387787435000;;;
6030;315.5;1.696114501018690000;0.0022072231554132400;0.120641868337400000;0.00015699619639281100;0.177916107316287000;;;
6030;317;1.704082072114610000;0.0022030858089653800;0.119776255987897000;0.00015485015313287900;0.176082666201165000;;;
6030;318.5;1.712131127115230000;0.0021992369824340400;0.118906273836954000;0.00015273542471379800;0.174276359321266000;;;
6030;320;1.720395869052510000;0.0021958443639545200;0.118031832285858000;0.00015065110208318900;0.172496404971979000;;;
6030;321.5;1.728892837510030000;0.0021929237354071800;0.117152838470580000;0.00014859639335568000;0.170742149236340000;;;
6030;323;1.737537064363790000;0.0021903621125520600;0.116269196089073000;0.00014657048024678600;0.169012902795095000;;;
6030;324.5;1.746320181883220000;0.0021881456848035700;0.115380805216499000;0.00014457257819203700;0.167308009997030000;;;
6030;326;1.755430268930950000;0.0021865057834312000;0.114487562107339000;0.00014260191424811400;0.165626823942947000;;;
6030;327.5;1.764690020767020000;0.0021852157016618000;0.113589358983216000;0.00014065770637946700;0.163968682666428000;;;
6030;329;1.774237867540640000;0.0021844446488435300;0.112686083805131000;0.00013873929604966800;0.162333064182520000;;;
6030;330.5;1.784033961399440000;0.0021841374454928800;0.111777620028704000;0.00013684587331580800;0.160719266460758000;;;
6030;332;1.794004777419940000;0.0021842015342111000;0.110863846340797000;0.00013497677727166400;0.159126758475934000;;;
6030;333.5;1.804291348024410000;0.0021848055257943600;0.109944636375775000;0.00013313129797372100;0.157554949336210000;;;
6030;335;1.814856085616920000;0.0021859001404918000;0.109019858409421000;0.00013130877191980900;0.156003300888737000;;;
6030;336.5;1.825662216679690000;0.0021874385024835000;0.108089375028287000;0.00012950854680898300;0.154471287082672000;;;
6030;338;1.836922633545170000;0.0021896711539401700;0.107153042772027000;0.00012772989048646000;0.152958285587840000;;;
6030;339.5;1.848319784758230000;0.0021922169302563800;0.106210711745941000;0.00012597220588345800;0.151463834752044000;;;
6030;341;1.860154837355660000;0.0021954318043185800;0.105262225200601000;0.00012423483914235000;0.149987405736852000;;;
6030;342.5;1.872378748211880000;0.0021992544581661200;0.104307419075057000;0.00012251717588639400;0.148528518442726000;;;
6030;344;1.885021198720790000;0.0022037162069560900;0.103346121499673000;0.00012081854730834600;0.147086628865258000;;;
6030;345.5;1.897976169422760000;0.0022086917730605300;0.102378152254084000;0.00011913836762950800;0.145661296548861000;;;
6030;347;1.911362779811980000;0.0022143181549097700;0.101403322175204000;0.00011747598081972000;0.144251999439554000;;;
6030;348.5;1.925250728919650000;0.0022206751057165100;0.100421432509484000;0.00011583082239856600;0.142858332616712000;;;
6030;350;1.939626169974880000;0.0022277432375847200;0.099432274202819100;0.00011420220034248600;0.141479740542716000;;;
6030;351.5;1.954495046790150000;0.0022355295022051900;0.098435627120550200;0.00011258956570775400;0.140115851672664000;;;
6030;353;1.969934854468170000;0.0022441208867477900;0.097431259188888400;0.00011099226112578800;0.138766169587130000;;;
6030;354.5;1.985949126076650000;0.0022535204496629400;0.096418925447791600;0.00010940966079044400;0.137430247494784000;;;
6030;356;2.002613644894520000;0.0022638144031246100;0.095398367003775900;0.00010784116936798900;0.136107689770911000;;;
6030;357.5;2.019948322095250000;0.0022750242367887600;0.094369309869323800;0.00010628611871567300;0.134798024202026000;;;
6030;359;2.038054745423040000;0.0022872648725621200;0.093331463673387500;0.00010474388818276600;0.133500855701079000;;;
6030;360.5;2.056868833919380000;0.0023004642935166300;0.092284520224897800;0.00010321379765240400;0.132215733783021000;;;
6030;362;2.076563320307500000;0.0023148168942683100;0.091228151908099200;0.00010169517356132100;0.130942239087942000;;;
6030;363.5;2.097181051580240000;0.0023303715169174600;0.090162009884801100;0.00010018733460578000;0.129679969008821000;;;
6030;365;2.118755939202710000;0.0023471676238374400;0.089085722074131600;0.00009868957473094630;0.128428519812609000;;;
6030;366.5;2.141416173682930000;0.0023653490157121500;0.087998890874901600;0.00009720113842080700;0.127187458649315000;;;
6030;368;2.165224035891460000;0.0023849874808592900;0.086901090588989500;0.00009572127858003720;0.125956403914735000;;;
6030;369.5;2.190305119301430000;0.0024062244610378600;0.085791864495929900;0.00009424918979963490;0.124734944153165000;;;
6030;371;2.216807753024230000;0.0024292262972599900;0.084670721518709000;0.00009278402380207540;0.123522664427570000;;;
6030;372.5;2.244871789493900000;0.0024541504756860400;0.083537132408107000;0.00009132490068977310;0.122319168995819000;;;
6030;374;2.274682333444890000;0.0024812044749611000;0.082390525357060300;0.00008987089634654130;0.121124073900150000;;;
6030;375.5;2.306306054805820000;0.0025104663192877100;0.081230280936487800;0.00008842099858013020;0.119936958359741000;;;
6030;377;2.340048144445580000;0.0025422754294098500;0.080055726218568700;0.00008697415317377990;0.118757438769751000;;;
6030;378.5;2.376081384740090000;0.0025768268883614200;0.078866127920802800;0.00008552920801132670;0.117585107646135000;;;
6030;380;2.414804035611890000;0.0026145614920404300;0.077660684361963700;0.00008408493268351110;0.116419577170590000;;;
6030;381.5;2.456516651514410000;0.0026558139448373900;0.076438515965914200;0.00008263997579654090;0.115260440891511000;;;
6030;383;2.501577099146420000;0.0027009821700905800;0.075198653976531600;0.00008119286975993170;0.114107304426184000;;;
6030;384.5;2.550515390434660000;0.0027506506748132000;0.073940026950012200;0.00007974199480956540;0.112959764787881000;;;
6030;386;2.603939982375740000;0.0028054885689428300;0.072661444459951900;0.00007828554160809930;0.111817392993986000;;;
6030;387.5;2.662503601596630000;0.0028662148837826000;0.071361577271710900;0.00007682153548401760;0.110679812593639000;;;
6030;389;2.727251704525230000;0.0029339707431485900;0.070038932994557200;0.00007534771357788840;0.109546578937478000;;;
6030;390.5;2.799187141197200000;0.0030098535600444300;0.068691825870916100;0.00007386156273749600;0.108417301432256000;;;
6030;392;2.879757109640110000;0.0030954378400007900;0.067318338862048300;0.00007236017674616380;0.107291523155830000;;;
6030;393.5;2.970820911406700000;0.0031927422742098400;0.065916275459920800;0.00007084024432819110;0.106168813712071000;;;
6030;395;3.075044265263470000;0.0033046514939384700;0.064483097568078900;0.00006929791779562380;0.105048720899958000;;;
6030;396.5;3.195692017475440000;0.0034346912800872200;0.063015844136644200;0.00006772867009082200;0.103930748792235000;;;
6030;398;3.337574686199610000;0.0035880444415392100;0.061511022641016400;0.00006612714429824500;0.102814390321124000;;;
6030;399.5;3.507604750646620000;0.0037721428181171300;0.059964461306491000;0.00006448688724630220;0.101699079542908000;;;
6030;401;3.716463766227130000;0.0039984501292292100;0.058371102989775900;0.00006280000532055690;0.100584166334424000;;;
6030;402.5;3.981066790620410000;0.0042850941852990900;0.056724709482238000;0.00006105668041988270;0.099468896956907200;;;
6030;404;4.330945126542980000;0.0046636890866239300;0.055017422888329100;0.00005924437904464580;0.098352267625544100;;;
6030;405.5;4.823115077285930000;0.0051952403007216200;0.053239088172320400;0.00005734672551129630;0.097232947367797500;;;
6030;407;5.586417107583460000;0.0060175907348058900;0.051376153296289300;0.00005534149314522860;0.096108846384248900;;;
6030;408.5;7.003184155732250000;0.0075400015344463000;0.049409766836851500;0.00005319718994702640;0.094976427241532700;;;
